,start,end,duration
11332,1238166000,1238168000,2000
11333,1238168000,1238170000,2000
11334,1238170000,1238172000,2000
11335,1238172000,1238174000,2000
11336,1238174000,1238176000,2000
11337,1238176000,1238178000,2000
11338,1238178000,1238180000,2000
11339,1238180000,1238182000,2000
11340,1238182000,1238184000,2000
11341,1238184000,1238186000,2000
11342,1238186000,1238188000,2000
11343,1238188000,1238190000,2000
11344,1238190000,1238192000,2000
11345,1238192000,1238194000,2000
11346,1238194000,1238196000,2000
11347,1238196000,1238198000,2000
11348,1238198000,1238200000,2000
13550,1238200000,1238202000,2000
13551,1238202000,1238204000,2000
13552,1238204000,1238206000,2000
13553,1238206000,1238208000,2000
13554,1238208000,1238210000,2000
13555,1238210000,1238212000,2000
13556,1238212000,1238214000,2000
13557,1238214000,1238216000,2000
13558,1238216000,1238218000,2000
13559,1238218000,1238220000,2000
13560,1238220000,1238222000,2000
13561,1238222000,1238224000,2000
13562,1238224000,1238226000,2000
13563,1238226000,1238228000,2000
13564,1238228000,1238230000,2000
13565,1238230000,1238232000,2000
13566,1238232000,1238234000,2000
13567,1238234000,1238236000,2000
13568,1238236000,1238238000,2000
13569,1238238000,1238240000,2000
13570,1238240000,1238242000,2000
13571,1238242000,1238244000,2000
13572,1238244000,1238246000,2000
13573,1238246000,1238248000,2000
13574,1238248000,1238250000,2000
13575,1238250000,1238252000,2000
13576,1238252000,1238254000,2000
13577,1238254000,1238256000,2000
13578,1238256000,1238258000,2000
13579,1238258000,1238260000,2000
13580,1238260000,1238262000,2000
13581,1238262000,1238264000,2000
13582,1238264000,1238266000,2000
13583,1238266000,1238268000,2000
13584,1238268000,1238270000,2000
13585,1238270000,1238272000,2000
13586,1238272000,1238274000,2000
13587,1238274000,1238276000,2000
13588,1238276000,1238278000,2000
13589,1238278000,1238280000,2000
13590,1238280000,1238282000,2000
13591,1238282000,1238284000,2000
13592,1238284000,1238286000,2000
13593,1238286000,1238288000,2000
13594,1238288000,1238290000,2000
13595,1238290000,1238292000,2000
13596,1238292000,1238294000,2000
13597,1238294000,1238296000,2000
13598,1238296000,1238298000,2000
13599,1238298000,1238300000,2000
14150,1238300000,1238302000,2000
14151,1238302000,1238304000,2000
14152,1238304000,1238306000,2000
14153,1238306000,1238308000,2000
14154,1238308000,1238310000,2000
14155,1238310000,1238312000,2000
14156,1238312000,1238314000,2000
14157,1238314000,1238316000,2000
14158,1238316000,1238318000,2000
14159,1238318000,1238320000,2000
14160,1238320000,1238322000,2000
14161,1238322000,1238324000,2000
14162,1238324000,1238326000,2000
14163,1238326000,1238328000,2000
14164,1238328000,1238330000,2000
14165,1238330000,1238332000,2000
14166,1238332000,1238334000,2000
14167,1238334000,1238336000,2000
14168,1238336000,1238338000,2000
14169,1238338000,1238340000,2000
14170,1238340000,1238342000,2000
14171,1238342000,1238344000,2000
14172,1238344000,1238346000,2000
14173,1238346000,1238348000,2000
14174,1238348000,1238350000,2000
14175,1238350000,1238352000,2000
14176,1238352000,1238354000,2000
14177,1238354000,1238356000,2000
14178,1238356000,1238358000,2000
14179,1238358000,1238360000,2000
14180,1238360000,1238362000,2000
14181,1238362000,1238364000,2000
14182,1238364000,1238366000,2000
14183,1238366000,1238368000,2000
14184,1238368000,1238370000,2000
14185,1238370000,1238372000,2000
14186,1238372000,1238374000,2000
14187,1238374000,1238376000,2000
14188,1238376000,1238378000,2000
14189,1238378000,1238380000,2000
14190,1238380000,1238382000,2000
14191,1238382000,1238384000,2000
14192,1238384000,1238386000,2000
14193,1238386000,1238388000,2000
14194,1238388000,1238390000,2000
14195,1238390000,1238392000,2000
14196,1238392000,1238394000,2000
14197,1238394000,1238396000,2000
14198,1238396000,1238398000,2000
14199,1238398000,1238400000,2000
10832,1238400000,1238402000,2000
10833,1238402000,1238404000,2000
10834,1238404000,1238406000,2000
10835,1238406000,1238408000,2000
10836,1238408000,1238410000,2000
10837,1238410000,1238412000,2000
10838,1238412000,1238414000,2000
10839,1238414000,1238416000,2000
10840,1238416000,1238418000,2000
10841,1238418000,1238420000,2000
10842,1238420000,1238422000,2000
10843,1238422000,1238424000,2000
10844,1238424000,1238426000,2000
10845,1238426000,1238428000,2000
10846,1238428000,1238430000,2000
10847,1238430000,1238432000,2000
10848,1238432000,1238434000,2000
10849,1238434000,1238436000,2000
10850,1238436000,1238438000,2000
10851,1238438000,1238440000,2000
10852,1238440000,1238442000,2000
10853,1238442000,1238444000,2000
10854,1238444000,1238446000,2000
10855,1238446000,1238448000,2000
10856,1238448000,1238450000,2000
10857,1238450000,1238452000,2000
10858,1238452000,1238454000,2000
10859,1238454000,1238456000,2000
10860,1238456000,1238458000,2000
10861,1238458000,1238460000,2000
10862,1238460000,1238462000,2000
10863,1238462000,1238464000,2000
10864,1238464000,1238466000,2000
10865,1238466000,1238468000,2000
10866,1238468000,1238470000,2000
10867,1238470000,1238472000,2000
10868,1238472000,1238474000,2000
10869,1238474000,1238476000,2000
10870,1238476000,1238478000,2000
10871,1238478000,1238480000,2000
10872,1238480000,1238482000,2000
10873,1238482000,1238484000,2000
10874,1238484000,1238486000,2000
10875,1238486000,1238488000,2000
10876,1238488000,1238490000,2000
10877,1238490000,1238492000,2000
10878,1238492000,1238494000,2000
10879,1238494000,1238496000,2000
10880,1238496000,1238498000,2000
10881,1238498000,1238500000,2000
5082,1238500000,1238502000,2000
5083,1238502000,1238504000,2000
5084,1238504000,1238506000,2000
5085,1238506000,1238508000,2000
5086,1238508000,1238510000,2000
5087,1238510000,1238512000,2000
5088,1238512000,1238514000,2000
5089,1238514000,1238516000,2000
5090,1238516000,1238518000,2000
5091,1238518000,1238520000,2000
5092,1238520000,1238522000,2000
5093,1238522000,1238524000,2000
5094,1238524000,1238526000,2000
5095,1238526000,1238528000,2000
5096,1238528000,1238530000,2000
5097,1238530000,1238532000,2000
5098,1238532000,1238534000,2000
5099,1238534000,1238536000,2000
5100,1238536000,1238538000,2000
5101,1238538000,1238540000,2000
5102,1238540000,1238542000,2000
5103,1238542000,1238544000,2000
5104,1238544000,1238546000,2000
5105,1238546000,1238548000,2000
5106,1238548000,1238550000,2000
5107,1238550000,1238552000,2000
5108,1238552000,1238554000,2000
5109,1238554000,1238556000,2000
5110,1238556000,1238558000,2000
5111,1238558000,1238560000,2000
5112,1238560000,1238562000,2000
5113,1238562000,1238564000,2000
5114,1238564000,1238566000,2000
5115,1238566000,1238568000,2000
5116,1238568000,1238570000,2000
5117,1238570000,1238572000,2000
5118,1238572000,1238574000,2000
5119,1238574000,1238576000,2000
5120,1238576000,1238578000,2000
5121,1238578000,1238580000,2000
5122,1238580000,1238582000,2000
5123,1238582000,1238584000,2000
5124,1238584000,1238586000,2000
5125,1238586000,1238588000,2000
5126,1238588000,1238590000,2000
5127,1238590000,1238592000,2000
5128,1238592000,1238594000,2000
5129,1238594000,1238596000,2000
5130,1238596000,1238598000,2000
5131,1238598000,1238600000,2000
15100,1238600000,1238602000,2000
15101,1238602000,1238604000,2000
15102,1238604000,1238606000,2000
15103,1238606000,1238608000,2000
15104,1238608000,1238610000,2000
15105,1238610000,1238612000,2000
15106,1238612000,1238614000,2000
15107,1238614000,1238616000,2000
15108,1238616000,1238618000,2000
15109,1238618000,1238620000,2000
15110,1238620000,1238622000,2000
15111,1238622000,1238624000,2000
15112,1238624000,1238626000,2000
15113,1238626000,1238628000,2000
15114,1238628000,1238630000,2000
15115,1238630000,1238632000,2000
15116,1238632000,1238634000,2000
15117,1238634000,1238636000,2000
15118,1238636000,1238638000,2000
15119,1238638000,1238640000,2000
15120,1238640000,1238642000,2000
15121,1238642000,1238644000,2000
15122,1238644000,1238646000,2000
15123,1238646000,1238648000,2000
15124,1238648000,1238650000,2000
15125,1238650000,1238652000,2000
15126,1238652000,1238654000,2000
15127,1238654000,1238656000,2000
15128,1238656000,1238658000,2000
15129,1238658000,1238660000,2000
15130,1238660000,1238662000,2000
15131,1238662000,1238664000,2000
15132,1238664000,1238666000,2000
15133,1238666000,1238668000,2000
15134,1238668000,1238670000,2000
15135,1238670000,1238672000,2000
15136,1238672000,1238674000,2000
15137,1238674000,1238676000,2000
15138,1238676000,1238678000,2000
15139,1238678000,1238680000,2000
15140,1238680000,1238682000,2000
15141,1238682000,1238684000,2000
15142,1238684000,1238686000,2000
15143,1238686000,1238688000,2000
15144,1238688000,1238690000,2000
15145,1238690000,1238692000,2000
15146,1238692000,1238694000,2000
15147,1238694000,1238696000,2000
15148,1238696000,1238698000,2000
15149,1238698000,1238700000,2000
2482,1238700000,1238702000,2000
2483,1238702000,1238704000,2000
2484,1238704000,1238706000,2000
2485,1238706000,1238708000,2000
2486,1238708000,1238710000,2000
2487,1238710000,1238712000,2000
2488,1238712000,1238714000,2000
2489,1238714000,1238716000,2000
2490,1238716000,1238718000,2000
2491,1238718000,1238720000,2000
2492,1238720000,1238722000,2000
2493,1238722000,1238724000,2000
2494,1238724000,1238726000,2000
2495,1238726000,1238728000,2000
2496,1238728000,1238730000,2000
2497,1238730000,1238732000,2000
2498,1238732000,1238734000,2000
2499,1238734000,1238736000,2000
2500,1238736000,1238738000,2000
2501,1238738000,1238740000,2000
2502,1238740000,1238742000,2000
2503,1238742000,1238744000,2000
2504,1238744000,1238746000,2000
2505,1238746000,1238748000,2000
2506,1238748000,1238750000,2000
2507,1238750000,1238752000,2000
2508,1238752000,1238754000,2000
2509,1238754000,1238756000,2000
2510,1238756000,1238758000,2000
2511,1238758000,1238760000,2000
2512,1238760000,1238762000,2000
2513,1238762000,1238764000,2000
2514,1238764000,1238766000,2000
2515,1238766000,1238768000,2000
2516,1238768000,1238770000,2000
2517,1238770000,1238772000,2000
2518,1238772000,1238774000,2000
2519,1238774000,1238776000,2000
2520,1238776000,1238778000,2000
2521,1238778000,1238780000,2000
2522,1238780000,1238782000,2000
2523,1238782000,1238784000,2000
2524,1238784000,1238786000,2000
2525,1238786000,1238788000,2000
2526,1238788000,1238790000,2000
2527,1238790000,1238792000,2000
2528,1238792000,1238794000,2000
2529,1238794000,1238796000,2000
2530,1238796000,1238798000,2000
2531,1238798000,1238800000,2000
9782,1238800000,1238802000,2000
9783,1238802000,1238804000,2000
9784,1238804000,1238806000,2000
9785,1238806000,1238808000,2000
9786,1238808000,1238810000,2000
9787,1238810000,1238812000,2000
9788,1238812000,1238814000,2000
9789,1238814000,1238816000,2000
9790,1238816000,1238818000,2000
9791,1238818000,1238820000,2000
9792,1238820000,1238822000,2000
9793,1238822000,1238824000,2000
9794,1238824000,1238826000,2000
9795,1238826000,1238828000,2000
9796,1238828000,1238830000,2000
9797,1238830000,1238832000,2000
9798,1238832000,1238834000,2000
9799,1238834000,1238836000,2000
9800,1238836000,1238838000,2000
9801,1238838000,1238840000,2000
9802,1238840000,1238842000,2000
9803,1238842000,1238844000,2000
9804,1238844000,1238846000,2000
9805,1238846000,1238848000,2000
9806,1238848000,1238850000,2000
9807,1238850000,1238852000,2000
9808,1238852000,1238854000,2000
9809,1238854000,1238856000,2000
9810,1238856000,1238858000,2000
9811,1238858000,1238860000,2000
9812,1238860000,1238862000,2000
9813,1238862000,1238864000,2000
9814,1238864000,1238866000,2000
9815,1238866000,1238868000,2000
9816,1238868000,1238870000,2000
9817,1238870000,1238872000,2000
9818,1238872000,1238874000,2000
9819,1238874000,1238876000,2000
9820,1238876000,1238878000,2000
9821,1238878000,1238880000,2000
9822,1238880000,1238882000,2000
9823,1238882000,1238884000,2000
9824,1238884000,1238886000,2000
9825,1238886000,1238888000,2000
9826,1238888000,1238890000,2000
9827,1238890000,1238892000,2000
9828,1238892000,1238894000,2000
9829,1238894000,1238896000,2000
9830,1238896000,1238898000,2000
9831,1238898000,1238900000,2000
13150,1238900000,1238902000,2000
13151,1238902000,1238904000,2000
13152,1238904000,1238906000,2000
13153,1238906000,1238908000,2000
13154,1238908000,1238910000,2000
13155,1238910000,1238912000,2000
13156,1238912000,1238914000,2000
13157,1238914000,1238916000,2000
13158,1238916000,1238918000,2000
13159,1238918000,1238920000,2000
13160,1238920000,1238922000,2000
13161,1238922000,1238924000,2000
13162,1238924000,1238926000,2000
13163,1238926000,1238928000,2000
13164,1238928000,1238930000,2000
13165,1238930000,1238932000,2000
13166,1238932000,1238934000,2000
13167,1238934000,1238936000,2000
13168,1238936000,1238938000,2000
13169,1238938000,1238940000,2000
13170,1238940000,1238942000,2000
13171,1238942000,1238944000,2000
13172,1238944000,1238946000,2000
13173,1238946000,1238948000,2000
13174,1238948000,1238950000,2000
13175,1238950000,1238952000,2000
13176,1238952000,1238954000,2000
13177,1238954000,1238956000,2000
13178,1238956000,1238958000,2000
13179,1238958000,1238960000,2000
13180,1238960000,1238962000,2000
13181,1238962000,1238964000,2000
13182,1238964000,1238966000,2000
13183,1238966000,1238968000,2000
13184,1238968000,1238970000,2000
13185,1238970000,1238972000,2000
13186,1238972000,1238974000,2000
13187,1238974000,1238976000,2000
13188,1238976000,1238978000,2000
13189,1238978000,1238980000,2000
13190,1238980000,1238982000,2000
13191,1238982000,1238984000,2000
13192,1238984000,1238986000,2000
13193,1238986000,1238988000,2000
13194,1238988000,1238990000,2000
13195,1238990000,1238992000,2000
13196,1238992000,1238994000,2000
13197,1238994000,1238996000,2000
13198,1238996000,1238998000,2000
13199,1238998000,1239000000,2000
12700,1239000000,1239002000,2000
12701,1239002000,1239004000,2000
12702,1239004000,1239006000,2000
12703,1239006000,1239008000,2000
12704,1239008000,1239010000,2000
12705,1239010000,1239012000,2000
12706,1239012000,1239014000,2000
12707,1239014000,1239016000,2000
12708,1239016000,1239018000,2000
12709,1239018000,1239020000,2000
12710,1239020000,1239022000,2000
12711,1239022000,1239024000,2000
12712,1239024000,1239026000,2000
12713,1239026000,1239028000,2000
12714,1239028000,1239030000,2000
12715,1239030000,1239032000,2000
12716,1239032000,1239034000,2000
12717,1239034000,1239036000,2000
12718,1239036000,1239038000,2000
12719,1239038000,1239040000,2000
12720,1239040000,1239042000,2000
12721,1239042000,1239044000,2000
12722,1239044000,1239046000,2000
12723,1239046000,1239048000,2000
12724,1239048000,1239050000,2000
12725,1239050000,1239052000,2000
12726,1239052000,1239054000,2000
12727,1239054000,1239056000,2000
12728,1239056000,1239058000,2000
12729,1239058000,1239060000,2000
12730,1239060000,1239062000,2000
12731,1239062000,1239064000,2000
12732,1239064000,1239066000,2000
12733,1239066000,1239068000,2000
12734,1239068000,1239070000,2000
12735,1239070000,1239072000,2000
12736,1239072000,1239074000,2000
12737,1239074000,1239076000,2000
12738,1239076000,1239078000,2000
12739,1239078000,1239080000,2000
12740,1239080000,1239082000,2000
12741,1239082000,1239084000,2000
12742,1239084000,1239086000,2000
12743,1239086000,1239088000,2000
12744,1239088000,1239090000,2000
12745,1239090000,1239092000,2000
12746,1239092000,1239094000,2000
12747,1239094000,1239096000,2000
12748,1239096000,1239098000,2000
12749,1239098000,1239100000,2000
4682,1239100000,1239102000,2000
4683,1239102000,1239104000,2000
4684,1239104000,1239106000,2000
4685,1239106000,1239108000,2000
4686,1239108000,1239110000,2000
4687,1239110000,1239112000,2000
4688,1239112000,1239114000,2000
4689,1239114000,1239116000,2000
4690,1239116000,1239118000,2000
4691,1239118000,1239120000,2000
4692,1239120000,1239122000,2000
4693,1239122000,1239124000,2000
4694,1239124000,1239126000,2000
4695,1239126000,1239128000,2000
4696,1239128000,1239130000,2000
4697,1239130000,1239132000,2000
4698,1239132000,1239134000,2000
4699,1239134000,1239136000,2000
4700,1239136000,1239138000,2000
4701,1239138000,1239140000,2000
4702,1239140000,1239142000,2000
4703,1239142000,1239144000,2000
4704,1239144000,1239146000,2000
4705,1239146000,1239148000,2000
4706,1239148000,1239150000,2000
4707,1239150000,1239152000,2000
4708,1239152000,1239154000,2000
4709,1239154000,1239156000,2000
4710,1239156000,1239158000,2000
4711,1239158000,1239160000,2000
4712,1239160000,1239162000,2000
4713,1239162000,1239164000,2000
4714,1239164000,1239166000,2000
4715,1239166000,1239168000,2000
4716,1239168000,1239170000,2000
4717,1239170000,1239172000,2000
4718,1239172000,1239174000,2000
4719,1239174000,1239176000,2000
4720,1239176000,1239178000,2000
4721,1239178000,1239180000,2000
4722,1239180000,1239182000,2000
4723,1239182000,1239184000,2000
4724,1239184000,1239186000,2000
4725,1239186000,1239188000,2000
4726,1239188000,1239190000,2000
4727,1239190000,1239192000,2000
4728,1239192000,1239194000,2000
4729,1239194000,1239196000,2000
4730,1239196000,1239198000,2000
4731,1239198000,1239200000,2000
10182,1239200000,1239202000,2000
10183,1239202000,1239204000,2000
10184,1239204000,1239206000,2000
10185,1239206000,1239208000,2000
10186,1239208000,1239210000,2000
10187,1239210000,1239212000,2000
10188,1239212000,1239214000,2000
10189,1239214000,1239216000,2000
10190,1239216000,1239218000,2000
10191,1239218000,1239220000,2000
10192,1239220000,1239222000,2000
10193,1239222000,1239224000,2000
10194,1239224000,1239226000,2000
10195,1239226000,1239228000,2000
10196,1239228000,1239230000,2000
10197,1239230000,1239232000,2000
10198,1239232000,1239234000,2000
10199,1239234000,1239236000,2000
10200,1239236000,1239238000,2000
10201,1239238000,1239240000,2000
10202,1239240000,1239242000,2000
10203,1239242000,1239244000,2000
10204,1239244000,1239246000,2000
10205,1239246000,1239248000,2000
10206,1239248000,1239250000,2000
10207,1239250000,1239252000,2000
10208,1239252000,1239254000,2000
10209,1239254000,1239256000,2000
10210,1239256000,1239258000,2000
10211,1239258000,1239260000,2000
10212,1239260000,1239262000,2000
10213,1239262000,1239264000,2000
10214,1239264000,1239266000,2000
10215,1239266000,1239268000,2000
10216,1239268000,1239270000,2000
10217,1239270000,1239272000,2000
10218,1239272000,1239274000,2000
10219,1239274000,1239276000,2000
10220,1239276000,1239278000,2000
10221,1239278000,1239280000,2000
10222,1239280000,1239282000,2000
10223,1239282000,1239284000,2000
10224,1239284000,1239286000,2000
10225,1239286000,1239288000,2000
10226,1239288000,1239290000,2000
10227,1239290000,1239292000,2000
10228,1239292000,1239294000,2000
10229,1239294000,1239296000,2000
10230,1239296000,1239298000,2000
10231,1239298000,1239300000,2000
13750,1239300000,1239302000,2000
13751,1239302000,1239304000,2000
13752,1239304000,1239306000,2000
13753,1239306000,1239308000,2000
13754,1239308000,1239310000,2000
13755,1239310000,1239312000,2000
13756,1239312000,1239314000,2000
13757,1239314000,1239316000,2000
13758,1239316000,1239318000,2000
13759,1239318000,1239320000,2000
13760,1239320000,1239322000,2000
13761,1239322000,1239324000,2000
13762,1239324000,1239326000,2000
13763,1239326000,1239328000,2000
13764,1239328000,1239330000,2000
13765,1239330000,1239332000,2000
13766,1239332000,1239334000,2000
13767,1239334000,1239336000,2000
13768,1239336000,1239338000,2000
13769,1239338000,1239340000,2000
13770,1239340000,1239342000,2000
13771,1239342000,1239344000,2000
13772,1239344000,1239346000,2000
13773,1239346000,1239348000,2000
13774,1239348000,1239350000,2000
13775,1239350000,1239352000,2000
13776,1239352000,1239354000,2000
13777,1239354000,1239356000,2000
13778,1239356000,1239358000,2000
13779,1239358000,1239360000,2000
13780,1239360000,1239362000,2000
13781,1239362000,1239364000,2000
13782,1239364000,1239366000,2000
13783,1239366000,1239368000,2000
13784,1239368000,1239370000,2000
13785,1239370000,1239372000,2000
13786,1239372000,1239374000,2000
13787,1239374000,1239376000,2000
13788,1239376000,1239378000,2000
13789,1239378000,1239380000,2000
13790,1239380000,1239382000,2000
13791,1239382000,1239384000,2000
13792,1239384000,1239386000,2000
13793,1239386000,1239388000,2000
13794,1239388000,1239390000,2000
13795,1239390000,1239392000,2000
13796,1239392000,1239394000,2000
13797,1239394000,1239396000,2000
13798,1239396000,1239398000,2000
13799,1239398000,1239400000,2000
12950,1239400000,1239402000,2000
12951,1239402000,1239404000,2000
12952,1239404000,1239406000,2000
12953,1239406000,1239408000,2000
12954,1239408000,1239410000,2000
12955,1239410000,1239412000,2000
12956,1239412000,1239414000,2000
12957,1239414000,1239416000,2000
12958,1239416000,1239418000,2000
12959,1239418000,1239420000,2000
12960,1239420000,1239422000,2000
12961,1239422000,1239424000,2000
12962,1239424000,1239426000,2000
12963,1239426000,1239428000,2000
12964,1239428000,1239430000,2000
12965,1239430000,1239432000,2000
12966,1239432000,1239434000,2000
12967,1239434000,1239436000,2000
12968,1239436000,1239438000,2000
12969,1239438000,1239440000,2000
12970,1239440000,1239442000,2000
12971,1239442000,1239444000,2000
12972,1239444000,1239446000,2000
12973,1239446000,1239448000,2000
12974,1239448000,1239450000,2000
12975,1239450000,1239452000,2000
12976,1239452000,1239454000,2000
12977,1239454000,1239456000,2000
12978,1239456000,1239458000,2000
12979,1239458000,1239460000,2000
12980,1239460000,1239462000,2000
12981,1239462000,1239464000,2000
12982,1239464000,1239466000,2000
12983,1239466000,1239468000,2000
12984,1239468000,1239470000,2000
12985,1239470000,1239472000,2000
12986,1239472000,1239474000,2000
12987,1239474000,1239476000,2000
12988,1239476000,1239478000,2000
12989,1239478000,1239480000,2000
12990,1239480000,1239482000,2000
12991,1239482000,1239484000,2000
12992,1239484000,1239486000,2000
12993,1239486000,1239488000,2000
12994,1239488000,1239490000,2000
12995,1239490000,1239492000,2000
12996,1239492000,1239494000,2000
12997,1239494000,1239496000,2000
12998,1239496000,1239498000,2000
12999,1239498000,1239500000,2000
7984,1239500000,1239502000,2000
7985,1239502000,1239504000,2000
7986,1239504000,1239506000,2000
7987,1239506000,1239508000,2000
7988,1239508000,1239510000,2000
7989,1239510000,1239512000,2000
7990,1239512000,1239514000,2000
7991,1239514000,1239516000,2000
7992,1239516000,1239518000,2000
7993,1239518000,1239520000,2000
7994,1239520000,1239522000,2000
7995,1239522000,1239524000,2000
7996,1239524000,1239526000,2000
7997,1239526000,1239528000,2000
7998,1239528000,1239530000,2000
7999,1239530000,1239532000,2000
8000,1239532000,1239534000,2000
8001,1239534000,1239536000,2000
8002,1239536000,1239538000,2000
8003,1239538000,1239540000,2000
8004,1239540000,1239542000,2000
8005,1239542000,1239544000,2000
8006,1239544000,1239546000,2000
8007,1239546000,1239548000,2000
8008,1239548000,1239550000,2000
8009,1239550000,1239552000,2000
8010,1239552000,1239554000,2000
8011,1239554000,1239556000,2000
8012,1239556000,1239558000,2000
8013,1239558000,1239560000,2000
8014,1239560000,1239562000,2000
8015,1239562000,1239564000,2000
8016,1239564000,1239566000,2000
8017,1239566000,1239568000,2000
8018,1239568000,1239570000,2000
8019,1239570000,1239572000,2000
8020,1239572000,1239574000,2000
8021,1239574000,1239576000,2000
8022,1239576000,1239578000,2000
8023,1239578000,1239580000,2000
8024,1239580000,1239582000,2000
8025,1239582000,1239584000,2000
8026,1239584000,1239586000,2000
8027,1239586000,1239588000,2000
8028,1239588000,1239590000,2000
8029,1239590000,1239592000,2000
8030,1239592000,1239594000,2000
8031,1239594000,1239596000,2000
8032,1239596000,1239598000,2000
8033,1239598000,1239600000,2000
9234,1239600000,1239602000,2000
9235,1239602000,1239604000,2000
9236,1239604000,1239606000,2000
9237,1239606000,1239608000,2000
9238,1239608000,1239610000,2000
9239,1239610000,1239612000,2000
9240,1239612000,1239614000,2000
9241,1239614000,1239616000,2000
9242,1239616000,1239618000,2000
9243,1239618000,1239620000,2000
9244,1239620000,1239622000,2000
9245,1239622000,1239624000,2000
9246,1239624000,1239626000,2000
9247,1239626000,1239628000,2000
9248,1239628000,1239630000,2000
9249,1239630000,1239632000,2000
9250,1239632000,1239634000,2000
9251,1239634000,1239636000,2000
9252,1239636000,1239638000,2000
9253,1239638000,1239640000,2000
9254,1239640000,1239642000,2000
9255,1239642000,1239644000,2000
9256,1239644000,1239646000,2000
9257,1239646000,1239648000,2000
9258,1239648000,1239650000,2000
9259,1239650000,1239652000,2000
9260,1239652000,1239654000,2000
9261,1239654000,1239656000,2000
9262,1239656000,1239658000,2000
9263,1239658000,1239660000,2000
9264,1239660000,1239662000,2000
9265,1239662000,1239664000,2000
9266,1239664000,1239666000,2000
9267,1239666000,1239668000,2000
9268,1239668000,1239670000,2000
9269,1239670000,1239672000,2000
9270,1239672000,1239674000,2000
9271,1239674000,1239676000,2000
9272,1239676000,1239678000,2000
9273,1239678000,1239680000,2000
9274,1239680000,1239682000,2000
9275,1239682000,1239684000,2000
9276,1239684000,1239686000,2000
9277,1239686000,1239688000,2000
9278,1239688000,1239690000,2000
9279,1239690000,1239692000,2000
9280,1239692000,1239694000,2000
9281,1239694000,1239696000,2000
9282,1239696000,1239698000,2000
9283,1239698000,1239700000,2000
1982,1239700000,1239702000,2000
1983,1239702000,1239704000,2000
1984,1239704000,1239706000,2000
1985,1239706000,1239708000,2000
1986,1239708000,1239710000,2000
1987,1239710000,1239712000,2000
1988,1239712000,1239714000,2000
1989,1239714000,1239716000,2000
1990,1239716000,1239718000,2000
1991,1239718000,1239720000,2000
1992,1239720000,1239722000,2000
1993,1239722000,1239724000,2000
1994,1239724000,1239726000,2000
1995,1239726000,1239728000,2000
1996,1239728000,1239730000,2000
1997,1239730000,1239732000,2000
1998,1239732000,1239734000,2000
1999,1239734000,1239736000,2000
2000,1239736000,1239738000,2000
2001,1239738000,1239740000,2000
2002,1239740000,1239742000,2000
2003,1239742000,1239744000,2000
2004,1239744000,1239746000,2000
2005,1239746000,1239748000,2000
2006,1239748000,1239750000,2000
2007,1239750000,1239752000,2000
2008,1239752000,1239754000,2000
2009,1239754000,1239756000,2000
2010,1239756000,1239758000,2000
2011,1239758000,1239760000,2000
2012,1239760000,1239762000,2000
2013,1239762000,1239764000,2000
2014,1239764000,1239766000,2000
2015,1239766000,1239768000,2000
2016,1239768000,1239770000,2000
2017,1239770000,1239772000,2000
2018,1239772000,1239774000,2000
2019,1239774000,1239776000,2000
2020,1239776000,1239778000,2000
2021,1239778000,1239780000,2000
2022,1239780000,1239782000,2000
2023,1239782000,1239784000,2000
2024,1239784000,1239786000,2000
2025,1239786000,1239788000,2000
2026,1239788000,1239790000,2000
2027,1239790000,1239792000,2000
2028,1239792000,1239794000,2000
2029,1239794000,1239796000,2000
2030,1239796000,1239798000,2000
2031,1239798000,1239800000,2000
13000,1239800000,1239802000,2000
13001,1239802000,1239804000,2000
13002,1239804000,1239806000,2000
13003,1239806000,1239808000,2000
13004,1239808000,1239810000,2000
13005,1239810000,1239812000,2000
13006,1239812000,1239814000,2000
13007,1239814000,1239816000,2000
13008,1239816000,1239818000,2000
13009,1239818000,1239820000,2000
13010,1239820000,1239822000,2000
13011,1239822000,1239824000,2000
13012,1239824000,1239826000,2000
13013,1239826000,1239828000,2000
13014,1239828000,1239830000,2000
13015,1239830000,1239832000,2000
13016,1239832000,1239834000,2000
13017,1239834000,1239836000,2000
13018,1239836000,1239838000,2000
13019,1239838000,1239840000,2000
13020,1239840000,1239842000,2000
13021,1239842000,1239844000,2000
13022,1239844000,1239846000,2000
13023,1239846000,1239848000,2000
13024,1239848000,1239850000,2000
13025,1239850000,1239852000,2000
13026,1239852000,1239854000,2000
13027,1239854000,1239856000,2000
13028,1239856000,1239858000,2000
13029,1239858000,1239860000,2000
13030,1239860000,1239862000,2000
13031,1239862000,1239864000,2000
13032,1239864000,1239866000,2000
13033,1239866000,1239868000,2000
13034,1239868000,1239870000,2000
13035,1239870000,1239872000,2000
13036,1239872000,1239874000,2000
13037,1239874000,1239876000,2000
13038,1239876000,1239878000,2000
13039,1239878000,1239880000,2000
13040,1239880000,1239882000,2000
13041,1239882000,1239884000,2000
13042,1239884000,1239886000,2000
13043,1239886000,1239888000,2000
13044,1239888000,1239890000,2000
13045,1239890000,1239892000,2000
13046,1239892000,1239894000,2000
13047,1239894000,1239896000,2000
13048,1239896000,1239898000,2000
13049,1239898000,1239900000,2000
3732,1239900000,1239902000,2000
3733,1239902000,1239904000,2000
3734,1239904000,1239906000,2000
3735,1239906000,1239908000,2000
3736,1239908000,1239910000,2000
3737,1239910000,1239912000,2000
3738,1239912000,1239914000,2000
3739,1239914000,1239916000,2000
3740,1239916000,1239918000,2000
3741,1239918000,1239920000,2000
3742,1239920000,1239922000,2000
3743,1239922000,1239924000,2000
3744,1239924000,1239926000,2000
3745,1239926000,1239928000,2000
3746,1239928000,1239930000,2000
3747,1239930000,1239932000,2000
3748,1239932000,1239934000,2000
3749,1239934000,1239936000,2000
3750,1239936000,1239938000,2000
3751,1239938000,1239940000,2000
3752,1239940000,1239942000,2000
3753,1239942000,1239944000,2000
3754,1239944000,1239946000,2000
3755,1239946000,1239948000,2000
3756,1239948000,1239950000,2000
3757,1239950000,1239952000,2000
3758,1239952000,1239954000,2000
3759,1239954000,1239956000,2000
3760,1239956000,1239958000,2000
3761,1239958000,1239960000,2000
3762,1239960000,1239962000,2000
3763,1239962000,1239964000,2000
3764,1239964000,1239966000,2000
3765,1239966000,1239968000,2000
3766,1239968000,1239970000,2000
3767,1239970000,1239972000,2000
3768,1239972000,1239974000,2000
3769,1239974000,1239976000,2000
3770,1239976000,1239978000,2000
3771,1239978000,1239980000,2000
3772,1239980000,1239982000,2000
3773,1239982000,1239984000,2000
3774,1239984000,1239986000,2000
3775,1239986000,1239988000,2000
3776,1239988000,1239990000,2000
3777,1239990000,1239992000,2000
3778,1239992000,1239994000,2000
3779,1239994000,1239996000,2000
3780,1239996000,1239998000,2000
3781,1239998000,1240000000,2000
12250,1240000000,1240002000,2000
12251,1240002000,1240004000,2000
12252,1240004000,1240006000,2000
12253,1240006000,1240008000,2000
12254,1240008000,1240010000,2000
12255,1240010000,1240012000,2000
12256,1240012000,1240014000,2000
12257,1240014000,1240016000,2000
12258,1240016000,1240018000,2000
12259,1240018000,1240020000,2000
12260,1240020000,1240022000,2000
12261,1240022000,1240024000,2000
12262,1240024000,1240026000,2000
12263,1240026000,1240028000,2000
12264,1240028000,1240030000,2000
12265,1240030000,1240032000,2000
12266,1240032000,1240034000,2000
12267,1240034000,1240036000,2000
12268,1240036000,1240038000,2000
12269,1240038000,1240040000,2000
12270,1240040000,1240042000,2000
12271,1240042000,1240044000,2000
12272,1240044000,1240046000,2000
12273,1240046000,1240048000,2000
12274,1240048000,1240050000,2000
12275,1240050000,1240052000,2000
12276,1240052000,1240054000,2000
12277,1240054000,1240056000,2000
12278,1240056000,1240058000,2000
12279,1240058000,1240060000,2000
12280,1240060000,1240062000,2000
12281,1240062000,1240064000,2000
12282,1240064000,1240066000,2000
12283,1240066000,1240068000,2000
12284,1240068000,1240070000,2000
12285,1240070000,1240072000,2000
12286,1240072000,1240074000,2000
12287,1240074000,1240076000,2000
12288,1240076000,1240078000,2000
12289,1240078000,1240080000,2000
12290,1240080000,1240082000,2000
12291,1240082000,1240084000,2000
12292,1240084000,1240086000,2000
12293,1240086000,1240088000,2000
12294,1240088000,1240090000,2000
12295,1240090000,1240092000,2000
12296,1240092000,1240094000,2000
12297,1240094000,1240096000,2000
12298,1240096000,1240098000,2000
12299,1240098000,1240100000,2000
13850,1240100000,1240102000,2000
13851,1240102000,1240104000,2000
13852,1240104000,1240106000,2000
13853,1240106000,1240108000,2000
13854,1240108000,1240110000,2000
13855,1240110000,1240112000,2000
13856,1240112000,1240114000,2000
13857,1240114000,1240116000,2000
13858,1240116000,1240118000,2000
13859,1240118000,1240120000,2000
13860,1240120000,1240122000,2000
13861,1240122000,1240124000,2000
13862,1240124000,1240126000,2000
13863,1240126000,1240128000,2000
13864,1240128000,1240130000,2000
13865,1240130000,1240132000,2000
13866,1240132000,1240134000,2000
13867,1240134000,1240136000,2000
13868,1240136000,1240138000,2000
13869,1240138000,1240140000,2000
13870,1240140000,1240142000,2000
13871,1240142000,1240144000,2000
13872,1240144000,1240146000,2000
13873,1240146000,1240148000,2000
13874,1240148000,1240150000,2000
13875,1240150000,1240152000,2000
13876,1240152000,1240154000,2000
13877,1240154000,1240156000,2000
13878,1240156000,1240158000,2000
13879,1240158000,1240160000,2000
13880,1240160000,1240162000,2000
13881,1240162000,1240164000,2000
13882,1240164000,1240166000,2000
13883,1240166000,1240168000,2000
13884,1240168000,1240170000,2000
13885,1240170000,1240172000,2000
13886,1240172000,1240174000,2000
13887,1240174000,1240176000,2000
13888,1240176000,1240178000,2000
13889,1240178000,1240180000,2000
13890,1240180000,1240182000,2000
13891,1240182000,1240184000,2000
13892,1240184000,1240186000,2000
13893,1240186000,1240188000,2000
13894,1240188000,1240190000,2000
13895,1240190000,1240192000,2000
13896,1240192000,1240194000,2000
13897,1240194000,1240196000,2000
13898,1240196000,1240198000,2000
13899,1240198000,1240200000,2000
15200,1240200000,1240202000,2000
15201,1240202000,1240204000,2000
15202,1240204000,1240206000,2000
15203,1240206000,1240208000,2000
15204,1240208000,1240210000,2000
15205,1240210000,1240212000,2000
15206,1240212000,1240214000,2000
15207,1240214000,1240216000,2000
15208,1240216000,1240218000,2000
15209,1240218000,1240220000,2000
15210,1240220000,1240222000,2000
15211,1240222000,1240224000,2000
15212,1240224000,1240226000,2000
15213,1240226000,1240228000,2000
15214,1240228000,1240230000,2000
15215,1240230000,1240232000,2000
15216,1240232000,1240234000,2000
15217,1240234000,1240236000,2000
15218,1240236000,1240238000,2000
15219,1240238000,1240240000,2000
15220,1240240000,1240242000,2000
15221,1240242000,1240244000,2000
15222,1240244000,1240246000,2000
15223,1240246000,1240248000,2000
15224,1240248000,1240250000,2000
15225,1240250000,1240252000,2000
15226,1240252000,1240254000,2000
15227,1240254000,1240256000,2000
15228,1240256000,1240258000,2000
15229,1240258000,1240260000,2000
15230,1240260000,1240262000,2000
15231,1240262000,1240264000,2000
15232,1240264000,1240266000,2000
15233,1240266000,1240268000,2000
15234,1240268000,1240270000,2000
15235,1240270000,1240272000,2000
15236,1240272000,1240274000,2000
15237,1240274000,1240276000,2000
15238,1240276000,1240278000,2000
15239,1240278000,1240280000,2000
15240,1240280000,1240282000,2000
15241,1240282000,1240284000,2000
15242,1240284000,1240286000,2000
15243,1240286000,1240288000,2000
15244,1240288000,1240290000,2000
15245,1240290000,1240292000,2000
15246,1240292000,1240294000,2000
15247,1240294000,1240296000,2000
15248,1240296000,1240298000,2000
15249,1240298000,1240300000,2000
450,1240300000,1240302000,2000
451,1240302000,1240304000,2000
452,1240304000,1240306000,2000
453,1240306000,1240308000,2000
454,1240308000,1240310000,2000
455,1240310000,1240312000,2000
456,1240312000,1240314000,2000
457,1240314000,1240316000,2000
458,1240316000,1240318000,2000
459,1240318000,1240320000,2000
460,1240320000,1240322000,2000
461,1240322000,1240324000,2000
462,1240324000,1240326000,2000
463,1240326000,1240328000,2000
464,1240328000,1240330000,2000
465,1240330000,1240332000,2000
466,1240332000,1240334000,2000
467,1240334000,1240336000,2000
468,1240336000,1240338000,2000
469,1240338000,1240340000,2000
470,1240340000,1240342000,2000
471,1240342000,1240344000,2000
472,1240344000,1240346000,2000
473,1240346000,1240348000,2000
474,1240348000,1240350000,2000
475,1240350000,1240352000,2000
476,1240352000,1240354000,2000
477,1240354000,1240356000,2000
478,1240356000,1240358000,2000
479,1240358000,1240360000,2000
480,1240360000,1240362000,2000
481,1240362000,1240364000,2000
482,1240364000,1240366000,2000
483,1240366000,1240368000,2000
484,1240368000,1240370000,2000
485,1240370000,1240372000,2000
486,1240372000,1240374000,2000
487,1240374000,1240376000,2000
488,1240376000,1240378000,2000
489,1240378000,1240380000,2000
490,1240380000,1240382000,2000
491,1240382000,1240384000,2000
492,1240384000,1240386000,2000
493,1240386000,1240388000,2000
494,1240388000,1240390000,2000
495,1240390000,1240392000,2000
496,1240392000,1240394000,2000
497,1240394000,1240396000,2000
498,1240396000,1240398000,2000
499,1240398000,1240400000,2000
12550,1240400000,1240402000,2000
12551,1240402000,1240404000,2000
12552,1240404000,1240406000,2000
12553,1240406000,1240408000,2000
12554,1240408000,1240410000,2000
12555,1240410000,1240412000,2000
12556,1240412000,1240414000,2000
12557,1240414000,1240416000,2000
12558,1240416000,1240418000,2000
12559,1240418000,1240420000,2000
12560,1240420000,1240422000,2000
12561,1240422000,1240424000,2000
12562,1240424000,1240426000,2000
12563,1240426000,1240428000,2000
12564,1240428000,1240430000,2000
12565,1240430000,1240432000,2000
12566,1240432000,1240434000,2000
12567,1240434000,1240436000,2000
12568,1240436000,1240438000,2000
12569,1240438000,1240440000,2000
12570,1240440000,1240442000,2000
12571,1240442000,1240444000,2000
12572,1240444000,1240446000,2000
12573,1240446000,1240448000,2000
12574,1240448000,1240450000,2000
12575,1240450000,1240452000,2000
12576,1240452000,1240454000,2000
12577,1240454000,1240456000,2000
12578,1240456000,1240458000,2000
12579,1240458000,1240460000,2000
12580,1240460000,1240462000,2000
12581,1240462000,1240464000,2000
12582,1240464000,1240466000,2000
12583,1240466000,1240468000,2000
12584,1240468000,1240470000,2000
12585,1240470000,1240472000,2000
12586,1240472000,1240474000,2000
12587,1240474000,1240476000,2000
12588,1240476000,1240478000,2000
12589,1240478000,1240480000,2000
12590,1240480000,1240482000,2000
12591,1240482000,1240484000,2000
12592,1240484000,1240486000,2000
12593,1240486000,1240488000,2000
12594,1240488000,1240490000,2000
12595,1240490000,1240492000,2000
12596,1240492000,1240494000,2000
12597,1240494000,1240496000,2000
12598,1240496000,1240498000,2000
12599,1240498000,1240500000,2000
4182,1240500000,1240502000,2000
4183,1240502000,1240504000,2000
4184,1240504000,1240506000,2000
4185,1240506000,1240508000,2000
4186,1240508000,1240510000,2000
4187,1240510000,1240512000,2000
4188,1240512000,1240514000,2000
4189,1240514000,1240516000,2000
4190,1240516000,1240518000,2000
4191,1240518000,1240520000,2000
4192,1240520000,1240522000,2000
4193,1240522000,1240524000,2000
4194,1240524000,1240526000,2000
4195,1240526000,1240528000,2000
4196,1240528000,1240530000,2000
4197,1240530000,1240532000,2000
4198,1240532000,1240534000,2000
4199,1240534000,1240536000,2000
4200,1240536000,1240538000,2000
4201,1240538000,1240540000,2000
4202,1240540000,1240542000,2000
4203,1240542000,1240544000,2000
4204,1240544000,1240546000,2000
4205,1240546000,1240548000,2000
4206,1240548000,1240550000,2000
4207,1240550000,1240552000,2000
4208,1240552000,1240554000,2000
4209,1240554000,1240556000,2000
4210,1240556000,1240558000,2000
4211,1240558000,1240560000,2000
4212,1240560000,1240562000,2000
4213,1240562000,1240564000,2000
4214,1240564000,1240566000,2000
4215,1240566000,1240568000,2000
4216,1240568000,1240570000,2000
4217,1240570000,1240572000,2000
4218,1240572000,1240574000,2000
4219,1240574000,1240576000,2000
4220,1240576000,1240578000,2000
4221,1240578000,1240580000,2000
4222,1240580000,1240582000,2000
4223,1240582000,1240584000,2000
4224,1240584000,1240586000,2000
4225,1240586000,1240588000,2000
4226,1240588000,1240590000,2000
4227,1240590000,1240592000,2000
4228,1240592000,1240594000,2000
4229,1240594000,1240596000,2000
4230,1240596000,1240598000,2000
4231,1240598000,1240600000,2000
7034,1240600000,1240602000,2000
7035,1240602000,1240604000,2000
7036,1240604000,1240606000,2000
7037,1240606000,1240608000,2000
7038,1240608000,1240610000,2000
7039,1240610000,1240612000,2000
7040,1240612000,1240614000,2000
7041,1240614000,1240616000,2000
7042,1240616000,1240618000,2000
7043,1240618000,1240620000,2000
7044,1240620000,1240622000,2000
7045,1240622000,1240624000,2000
7046,1240624000,1240626000,2000
7047,1240626000,1240628000,2000
7048,1240628000,1240630000,2000
7049,1240630000,1240632000,2000
7050,1240632000,1240634000,2000
7051,1240634000,1240636000,2000
7052,1240636000,1240638000,2000
7053,1240638000,1240640000,2000
7054,1240640000,1240642000,2000
7055,1240642000,1240644000,2000
7056,1240644000,1240646000,2000
7057,1240646000,1240648000,2000
7058,1240648000,1240650000,2000
7059,1240650000,1240652000,2000
7060,1240652000,1240654000,2000
7061,1240654000,1240656000,2000
7062,1240656000,1240658000,2000
7063,1240658000,1240660000,2000
7064,1240660000,1240662000,2000
7065,1240662000,1240664000,2000
7066,1240664000,1240666000,2000
7067,1240666000,1240668000,2000
7068,1240668000,1240670000,2000
7069,1240670000,1240672000,2000
7070,1240672000,1240674000,2000
7071,1240674000,1240676000,2000
7072,1240676000,1240678000,2000
7073,1240678000,1240680000,2000
7074,1240680000,1240682000,2000
7075,1240682000,1240684000,2000
7076,1240684000,1240686000,2000
7077,1240686000,1240688000,2000
7078,1240688000,1240690000,2000
7079,1240690000,1240692000,2000
7080,1240692000,1240694000,2000
7081,1240694000,1240696000,2000
7082,1240696000,1240698000,2000
7083,1240698000,1240700000,2000
6232,1240700000,1240702000,2000
6233,1240702000,1240704000,2000
6234,1240704000,1240706000,2000
6235,1240706000,1240708000,2000
6236,1240708000,1240710000,2000
6237,1240710000,1240712000,2000
6238,1240712000,1240714000,2000
6239,1240714000,1240716000,2000
6240,1240716000,1240718000,2000
6241,1240718000,1240720000,2000
6242,1240720000,1240722000,2000
6243,1240722000,1240724000,2000
6244,1240724000,1240726000,2000
6245,1240726000,1240728000,2000
6246,1240728000,1240730000,2000
6247,1240730000,1240732000,2000
6248,1240732000,1240734000,2000
6249,1240734000,1240736000,2000
6250,1240736000,1240738000,2000
6251,1240738000,1240740000,2000
6252,1240740000,1240742000,2000
6253,1240742000,1240744000,2000
6254,1240744000,1240746000,2000
6255,1240746000,1240748000,2000
6256,1240748000,1240750000,2000
6257,1240750000,1240752000,2000
6258,1240752000,1240754000,2000
6259,1240754000,1240756000,2000
6260,1240756000,1240758000,2000
6261,1240758000,1240760000,2000
6262,1240760000,1240762000,2000
6263,1240762000,1240764000,2000
6264,1240764000,1240766000,2000
6265,1240766000,1240768000,2000
6266,1240768000,1240770000,2000
6267,1240770000,1240772000,2000
6268,1240772000,1240774000,2000
6269,1240774000,1240776000,2000
6270,1240776000,1240778000,2000
6271,1240778000,1240780000,2000
6272,1240780000,1240782000,2000
6273,1240782000,1240784000,2000
6274,1240784000,1240786000,2000
6275,1240786000,1240788000,2000
6276,1240788000,1240790000,2000
6277,1240790000,1240792000,2000
6278,1240792000,1240794000,2000
6279,1240794000,1240796000,2000
6280,1240796000,1240798000,2000
6281,1240798000,1240800000,2000
11550,1240800000,1240802000,2000
11551,1240802000,1240804000,2000
11552,1240804000,1240806000,2000
11553,1240806000,1240808000,2000
11554,1240808000,1240810000,2000
11555,1240810000,1240812000,2000
11556,1240812000,1240814000,2000
11557,1240814000,1240816000,2000
11558,1240816000,1240818000,2000
11559,1240818000,1240820000,2000
11560,1240820000,1240822000,2000
11561,1240822000,1240824000,2000
11562,1240824000,1240826000,2000
11563,1240826000,1240828000,2000
11564,1240828000,1240830000,2000
11565,1240830000,1240832000,2000
11566,1240832000,1240834000,2000
11567,1240834000,1240836000,2000
11568,1240836000,1240838000,2000
11569,1240838000,1240840000,2000
11570,1240840000,1240842000,2000
11571,1240842000,1240844000,2000
11572,1240844000,1240846000,2000
11573,1240846000,1240848000,2000
11574,1240848000,1240850000,2000
11575,1240850000,1240852000,2000
11576,1240852000,1240854000,2000
11577,1240854000,1240856000,2000
11578,1240856000,1240858000,2000
11579,1240858000,1240860000,2000
11580,1240860000,1240862000,2000
11581,1240862000,1240864000,2000
11582,1240864000,1240866000,2000
11583,1240866000,1240868000,2000
11584,1240868000,1240870000,2000
11585,1240870000,1240872000,2000
11586,1240872000,1240874000,2000
11587,1240874000,1240876000,2000
11588,1240876000,1240878000,2000
11589,1240878000,1240880000,2000
11590,1240880000,1240882000,2000
11591,1240882000,1240884000,2000
11592,1240884000,1240886000,2000
11593,1240886000,1240888000,2000
11594,1240888000,1240890000,2000
11595,1240890000,1240892000,2000
11596,1240892000,1240894000,2000
11597,1240894000,1240896000,2000
11598,1240896000,1240898000,2000
11599,1240898000,1240900000,2000
5232,1240900000,1240902000,2000
5233,1240902000,1240904000,2000
5234,1240904000,1240906000,2000
5235,1240906000,1240908000,2000
5236,1240908000,1240910000,2000
5237,1240910000,1240912000,2000
5238,1240912000,1240914000,2000
5239,1240914000,1240916000,2000
5240,1240916000,1240918000,2000
5241,1240918000,1240920000,2000
5242,1240920000,1240922000,2000
5243,1240922000,1240924000,2000
5244,1240924000,1240926000,2000
5245,1240926000,1240928000,2000
5246,1240928000,1240930000,2000
5247,1240930000,1240932000,2000
5248,1240932000,1240934000,2000
5249,1240934000,1240936000,2000
5250,1240936000,1240938000,2000
5251,1240938000,1240940000,2000
5252,1240940000,1240942000,2000
5253,1240942000,1240944000,2000
5254,1240944000,1240946000,2000
5255,1240946000,1240948000,2000
5256,1240948000,1240950000,2000
5257,1240950000,1240952000,2000
5258,1240952000,1240954000,2000
5259,1240954000,1240956000,2000
5260,1240956000,1240958000,2000
5261,1240958000,1240960000,2000
5262,1240960000,1240962000,2000
5263,1240962000,1240964000,2000
5264,1240964000,1240966000,2000
5265,1240966000,1240968000,2000
5266,1240968000,1240970000,2000
5267,1240970000,1240972000,2000
5268,1240972000,1240974000,2000
5269,1240974000,1240976000,2000
5270,1240976000,1240978000,2000
5271,1240978000,1240980000,2000
5272,1240980000,1240982000,2000
5273,1240982000,1240984000,2000
5274,1240984000,1240986000,2000
5275,1240986000,1240988000,2000
5276,1240988000,1240990000,2000
5277,1240990000,1240992000,2000
5278,1240992000,1240994000,2000
5279,1240994000,1240996000,2000
5280,1240996000,1240998000,2000
5281,1240998000,1241000000,2000
1782,1241000000,1241002000,2000
1783,1241002000,1241004000,2000
1784,1241004000,1241006000,2000
1785,1241006000,1241008000,2000
1786,1241008000,1241010000,2000
1787,1241010000,1241012000,2000
1788,1241012000,1241014000,2000
1789,1241014000,1241016000,2000
1790,1241016000,1241018000,2000
1791,1241018000,1241020000,2000
1792,1241020000,1241022000,2000
1793,1241022000,1241024000,2000
1794,1241024000,1241026000,2000
1795,1241026000,1241028000,2000
1796,1241028000,1241030000,2000
1797,1241030000,1241032000,2000
1798,1241032000,1241034000,2000
1799,1241034000,1241036000,2000
1800,1241036000,1241038000,2000
1801,1241038000,1241040000,2000
1802,1241040000,1241042000,2000
1803,1241042000,1241044000,2000
1804,1241044000,1241046000,2000
1805,1241046000,1241048000,2000
1806,1241048000,1241050000,2000
1807,1241050000,1241052000,2000
1808,1241052000,1241054000,2000
1809,1241054000,1241056000,2000
1810,1241056000,1241058000,2000
1811,1241058000,1241060000,2000
1812,1241060000,1241062000,2000
1813,1241062000,1241064000,2000
1814,1241064000,1241066000,2000
1815,1241066000,1241068000,2000
1816,1241068000,1241070000,2000
1817,1241070000,1241072000,2000
1818,1241072000,1241074000,2000
1819,1241074000,1241076000,2000
1820,1241076000,1241078000,2000
1821,1241078000,1241080000,2000
1822,1241080000,1241082000,2000
1823,1241082000,1241084000,2000
1824,1241084000,1241086000,2000
1825,1241086000,1241088000,2000
1826,1241088000,1241090000,2000
1827,1241090000,1241092000,2000
1828,1241092000,1241094000,2000
1829,1241094000,1241096000,2000
1830,1241096000,1241098000,2000
1831,1241098000,1241100000,2000
14350,1241100000,1241102000,2000
14351,1241102000,1241104000,2000
14352,1241104000,1241106000,2000
14353,1241106000,1241108000,2000
14354,1241108000,1241110000,2000
14355,1241110000,1241112000,2000
14356,1241112000,1241114000,2000
14357,1241114000,1241116000,2000
14358,1241116000,1241118000,2000
14359,1241118000,1241120000,2000
14360,1241120000,1241122000,2000
14361,1241122000,1241124000,2000
14362,1241124000,1241126000,2000
14363,1241126000,1241128000,2000
14364,1241128000,1241130000,2000
14365,1241130000,1241132000,2000
14366,1241132000,1241134000,2000
14367,1241134000,1241136000,2000
14368,1241136000,1241138000,2000
14369,1241138000,1241140000,2000
14370,1241140000,1241142000,2000
14371,1241142000,1241144000,2000
14372,1241144000,1241146000,2000
14373,1241146000,1241148000,2000
14374,1241148000,1241150000,2000
14375,1241150000,1241152000,2000
14376,1241152000,1241154000,2000
14377,1241154000,1241156000,2000
14378,1241156000,1241158000,2000
14379,1241158000,1241160000,2000
14380,1241160000,1241162000,2000
14381,1241162000,1241164000,2000
14382,1241164000,1241166000,2000
14383,1241166000,1241168000,2000
14384,1241168000,1241170000,2000
14385,1241170000,1241172000,2000
14386,1241172000,1241174000,2000
14387,1241174000,1241176000,2000
14388,1241176000,1241178000,2000
14389,1241178000,1241180000,2000
14390,1241180000,1241182000,2000
14391,1241182000,1241184000,2000
14392,1241184000,1241186000,2000
14393,1241186000,1241188000,2000
14394,1241188000,1241190000,2000
14395,1241190000,1241192000,2000
14396,1241192000,1241194000,2000
14397,1241194000,1241196000,2000
14398,1241196000,1241198000,2000
14399,1241198000,1241200000,2000
8034,1241200000,1241202000,2000
8035,1241202000,1241204000,2000
8036,1241204000,1241206000,2000
8037,1241206000,1241208000,2000
8038,1241208000,1241210000,2000
8039,1241210000,1241212000,2000
8040,1241212000,1241214000,2000
8041,1241214000,1241216000,2000
8042,1241216000,1241218000,2000
8043,1241218000,1241220000,2000
8044,1241220000,1241222000,2000
8045,1241222000,1241224000,2000
8046,1241224000,1241226000,2000
8047,1241226000,1241228000,2000
8048,1241228000,1241230000,2000
8049,1241230000,1241232000,2000
8050,1241232000,1241234000,2000
8051,1241234000,1241236000,2000
8052,1241236000,1241238000,2000
8053,1241238000,1241240000,2000
8054,1241240000,1241242000,2000
8055,1241242000,1241244000,2000
8056,1241244000,1241246000,2000
8057,1241246000,1241248000,2000
8058,1241248000,1241250000,2000
8059,1241250000,1241252000,2000
8060,1241252000,1241254000,2000
8061,1241254000,1241256000,2000
8062,1241256000,1241258000,2000
8063,1241258000,1241260000,2000
8064,1241260000,1241262000,2000
8065,1241262000,1241264000,2000
8066,1241264000,1241266000,2000
8067,1241266000,1241268000,2000
8068,1241268000,1241270000,2000
8069,1241270000,1241272000,2000
8070,1241272000,1241274000,2000
8071,1241274000,1241276000,2000
8072,1241276000,1241278000,2000
8073,1241278000,1241280000,2000
8074,1241280000,1241282000,2000
8075,1241282000,1241284000,2000
8076,1241284000,1241286000,2000
8077,1241286000,1241288000,2000
8078,1241288000,1241290000,2000
8079,1241290000,1241292000,2000
8080,1241292000,1241294000,2000
8081,1241294000,1241296000,2000
8082,1241296000,1241298000,2000
8083,1241298000,1241300000,2000
7934,1241300000,1241302000,2000
7935,1241302000,1241304000,2000
7936,1241304000,1241306000,2000
7937,1241306000,1241308000,2000
7938,1241308000,1241310000,2000
7939,1241310000,1241312000,2000
7940,1241312000,1241314000,2000
7941,1241314000,1241316000,2000
7942,1241316000,1241318000,2000
7943,1241318000,1241320000,2000
7944,1241320000,1241322000,2000
7945,1241322000,1241324000,2000
7946,1241324000,1241326000,2000
7947,1241326000,1241328000,2000
7948,1241328000,1241330000,2000
7949,1241330000,1241332000,2000
7950,1241332000,1241334000,2000
7951,1241334000,1241336000,2000
7952,1241336000,1241338000,2000
7953,1241338000,1241340000,2000
7954,1241340000,1241342000,2000
7955,1241342000,1241344000,2000
7956,1241344000,1241346000,2000
7957,1241346000,1241348000,2000
7958,1241348000,1241350000,2000
7959,1241350000,1241352000,2000
7960,1241352000,1241354000,2000
7961,1241354000,1241356000,2000
7962,1241356000,1241358000,2000
7963,1241358000,1241360000,2000
7964,1241360000,1241362000,2000
7965,1241362000,1241364000,2000
7966,1241364000,1241366000,2000
7967,1241366000,1241368000,2000
7968,1241368000,1241370000,2000
7969,1241370000,1241372000,2000
7970,1241372000,1241374000,2000
7971,1241374000,1241376000,2000
7972,1241376000,1241378000,2000
7973,1241378000,1241380000,2000
7974,1241380000,1241382000,2000
7975,1241382000,1241384000,2000
7976,1241384000,1241386000,2000
7977,1241386000,1241388000,2000
7978,1241388000,1241390000,2000
7979,1241390000,1241392000,2000
7980,1241392000,1241394000,2000
7981,1241394000,1241396000,2000
7982,1241396000,1241398000,2000
7983,1241398000,1241400000,2000
13250,1241400000,1241402000,2000
13251,1241402000,1241404000,2000
13252,1241404000,1241406000,2000
13253,1241406000,1241408000,2000
13254,1241408000,1241410000,2000
13255,1241410000,1241412000,2000
13256,1241412000,1241414000,2000
13257,1241414000,1241416000,2000
13258,1241416000,1241418000,2000
13259,1241418000,1241420000,2000
13260,1241420000,1241422000,2000
13261,1241422000,1241424000,2000
13262,1241424000,1241426000,2000
13263,1241426000,1241428000,2000
13264,1241428000,1241430000,2000
13265,1241430000,1241432000,2000
13266,1241432000,1241434000,2000
13267,1241434000,1241436000,2000
13268,1241436000,1241438000,2000
13269,1241438000,1241440000,2000
13270,1241440000,1241442000,2000
13271,1241442000,1241444000,2000
13272,1241444000,1241446000,2000
13273,1241446000,1241448000,2000
13274,1241448000,1241450000,2000
13275,1241450000,1241452000,2000
13276,1241452000,1241454000,2000
13277,1241454000,1241456000,2000
13278,1241456000,1241458000,2000
13279,1241458000,1241460000,2000
13280,1241460000,1241462000,2000
13281,1241462000,1241464000,2000
13282,1241464000,1241466000,2000
13283,1241466000,1241468000,2000
13284,1241468000,1241470000,2000
13285,1241470000,1241472000,2000
13286,1241472000,1241474000,2000
13287,1241474000,1241476000,2000
13288,1241476000,1241478000,2000
13289,1241478000,1241480000,2000
13290,1241480000,1241482000,2000
13291,1241482000,1241484000,2000
13292,1241484000,1241486000,2000
13293,1241486000,1241488000,2000
13294,1241488000,1241490000,2000
13295,1241490000,1241492000,2000
13296,1241492000,1241494000,2000
13297,1241494000,1241496000,2000
13298,1241496000,1241498000,2000
13299,1241498000,1241500000,2000
5832,1241500000,1241502000,2000
5833,1241502000,1241504000,2000
5834,1241504000,1241506000,2000
5835,1241506000,1241508000,2000
5836,1241508000,1241510000,2000
5837,1241510000,1241512000,2000
5838,1241512000,1241514000,2000
5839,1241514000,1241516000,2000
5840,1241516000,1241518000,2000
5841,1241518000,1241520000,2000
5842,1241520000,1241522000,2000
5843,1241522000,1241524000,2000
5844,1241524000,1241526000,2000
5845,1241526000,1241528000,2000
5846,1241528000,1241530000,2000
5847,1241530000,1241532000,2000
5848,1241532000,1241534000,2000
5849,1241534000,1241536000,2000
5850,1241536000,1241538000,2000
5851,1241538000,1241540000,2000
5852,1241540000,1241542000,2000
5853,1241542000,1241544000,2000
5854,1241544000,1241546000,2000
5855,1241546000,1241548000,2000
5856,1241548000,1241550000,2000
5857,1241550000,1241552000,2000
5858,1241552000,1241554000,2000
5859,1241554000,1241556000,2000
5860,1241556000,1241558000,2000
5861,1241558000,1241560000,2000
5862,1241560000,1241562000,2000
5863,1241562000,1241564000,2000
5864,1241564000,1241566000,2000
5865,1241566000,1241568000,2000
5866,1241568000,1241570000,2000
5867,1241570000,1241572000,2000
5868,1241572000,1241574000,2000
5869,1241574000,1241576000,2000
5870,1241576000,1241578000,2000
5871,1241578000,1241580000,2000
5872,1241580000,1241582000,2000
5873,1241582000,1241584000,2000
5874,1241584000,1241586000,2000
5875,1241586000,1241588000,2000
5876,1241588000,1241590000,2000
5877,1241590000,1241592000,2000
5878,1241592000,1241594000,2000
5879,1241594000,1241596000,2000
5880,1241596000,1241598000,2000
5881,1241598000,1241600000,2000
13100,1241600000,1241602000,2000
13101,1241602000,1241604000,2000
13102,1241604000,1241606000,2000
13103,1241606000,1241608000,2000
13104,1241608000,1241610000,2000
13105,1241610000,1241612000,2000
13106,1241612000,1241614000,2000
13107,1241614000,1241616000,2000
13108,1241616000,1241618000,2000
13109,1241618000,1241620000,2000
13110,1241620000,1241622000,2000
13111,1241622000,1241624000,2000
13112,1241624000,1241626000,2000
13113,1241626000,1241628000,2000
13114,1241628000,1241630000,2000
13115,1241630000,1241632000,2000
13116,1241632000,1241634000,2000
13117,1241634000,1241636000,2000
13118,1241636000,1241638000,2000
13119,1241638000,1241640000,2000
13120,1241640000,1241642000,2000
13121,1241642000,1241644000,2000
13122,1241644000,1241646000,2000
13123,1241646000,1241648000,2000
13124,1241648000,1241650000,2000
13125,1241650000,1241652000,2000
13126,1241652000,1241654000,2000
13127,1241654000,1241656000,2000
13128,1241656000,1241658000,2000
13129,1241658000,1241660000,2000
13130,1241660000,1241662000,2000
13131,1241662000,1241664000,2000
13132,1241664000,1241666000,2000
13133,1241666000,1241668000,2000
13134,1241668000,1241670000,2000
13135,1241670000,1241672000,2000
13136,1241672000,1241674000,2000
13137,1241674000,1241676000,2000
13138,1241676000,1241678000,2000
13139,1241678000,1241680000,2000
13140,1241680000,1241682000,2000
13141,1241682000,1241684000,2000
13142,1241684000,1241686000,2000
13143,1241686000,1241688000,2000
13144,1241688000,1241690000,2000
13145,1241690000,1241692000,2000
13146,1241692000,1241694000,2000
13147,1241694000,1241696000,2000
13148,1241696000,1241698000,2000
13149,1241698000,1241700000,2000
4382,1241700000,1241702000,2000
4383,1241702000,1241704000,2000
4384,1241704000,1241706000,2000
4385,1241706000,1241708000,2000
4386,1241708000,1241710000,2000
4387,1241710000,1241712000,2000
4388,1241712000,1241714000,2000
4389,1241714000,1241716000,2000
4390,1241716000,1241718000,2000
4391,1241718000,1241720000,2000
4392,1241720000,1241722000,2000
4393,1241722000,1241724000,2000
4394,1241724000,1241726000,2000
4395,1241726000,1241728000,2000
4396,1241728000,1241730000,2000
4397,1241730000,1241732000,2000
4398,1241732000,1241734000,2000
4399,1241734000,1241736000,2000
4400,1241736000,1241738000,2000
4401,1241738000,1241740000,2000
4402,1241740000,1241742000,2000
4403,1241742000,1241744000,2000
4404,1241744000,1241746000,2000
4405,1241746000,1241748000,2000
4406,1241748000,1241750000,2000
4407,1241750000,1241752000,2000
4408,1241752000,1241754000,2000
4409,1241754000,1241756000,2000
4410,1241756000,1241758000,2000
4411,1241758000,1241760000,2000
4412,1241760000,1241762000,2000
4413,1241762000,1241764000,2000
4414,1241764000,1241766000,2000
4415,1241766000,1241768000,2000
4416,1241768000,1241770000,2000
4417,1241770000,1241772000,2000
4418,1241772000,1241774000,2000
4419,1241774000,1241776000,2000
4420,1241776000,1241778000,2000
4421,1241778000,1241780000,2000
4422,1241780000,1241782000,2000
4423,1241782000,1241784000,2000
4424,1241784000,1241786000,2000
4425,1241786000,1241788000,2000
4426,1241788000,1241790000,2000
4427,1241790000,1241792000,2000
4428,1241792000,1241794000,2000
4429,1241794000,1241796000,2000
4430,1241796000,1241798000,2000
4431,1241798000,1241800000,2000
12050,1241800000,1241802000,2000
12051,1241802000,1241804000,2000
12052,1241804000,1241806000,2000
12053,1241806000,1241808000,2000
12054,1241808000,1241810000,2000
12055,1241810000,1241812000,2000
12056,1241812000,1241814000,2000
12057,1241814000,1241816000,2000
12058,1241816000,1241818000,2000
12059,1241818000,1241820000,2000
12060,1241820000,1241822000,2000
12061,1241822000,1241824000,2000
12062,1241824000,1241826000,2000
12063,1241826000,1241828000,2000
12064,1241828000,1241830000,2000
12065,1241830000,1241832000,2000
12066,1241832000,1241834000,2000
12067,1241834000,1241836000,2000
12068,1241836000,1241838000,2000
12069,1241838000,1241840000,2000
12070,1241840000,1241842000,2000
12071,1241842000,1241844000,2000
12072,1241844000,1241846000,2000
12073,1241846000,1241848000,2000
12074,1241848000,1241850000,2000
12075,1241850000,1241852000,2000
12076,1241852000,1241854000,2000
12077,1241854000,1241856000,2000
12078,1241856000,1241858000,2000
12079,1241858000,1241860000,2000
12080,1241860000,1241862000,2000
12081,1241862000,1241864000,2000
12082,1241864000,1241866000,2000
12083,1241866000,1241868000,2000
12084,1241868000,1241870000,2000
12085,1241870000,1241872000,2000
12086,1241872000,1241874000,2000
12087,1241874000,1241876000,2000
12088,1241876000,1241878000,2000
12089,1241878000,1241880000,2000
12090,1241880000,1241882000,2000
12091,1241882000,1241884000,2000
12092,1241884000,1241886000,2000
12093,1241886000,1241888000,2000
12094,1241888000,1241890000,2000
12095,1241890000,1241892000,2000
12096,1241892000,1241894000,2000
12097,1241894000,1241896000,2000
12098,1241896000,1241898000,2000
12099,1241898000,1241900000,2000
1482,1241900000,1241902000,2000
1483,1241902000,1241904000,2000
1484,1241904000,1241906000,2000
1485,1241906000,1241908000,2000
1486,1241908000,1241910000,2000
1487,1241910000,1241912000,2000
1488,1241912000,1241914000,2000
1489,1241914000,1241916000,2000
1490,1241916000,1241918000,2000
1491,1241918000,1241920000,2000
1492,1241920000,1241922000,2000
1493,1241922000,1241924000,2000
1494,1241924000,1241926000,2000
1495,1241926000,1241928000,2000
1496,1241928000,1241930000,2000
1497,1241930000,1241932000,2000
1498,1241932000,1241934000,2000
1499,1241934000,1241936000,2000
1500,1241936000,1241938000,2000
1501,1241938000,1241940000,2000
1502,1241940000,1241942000,2000
1503,1241942000,1241944000,2000
1504,1241944000,1241946000,2000
1505,1241946000,1241948000,2000
1506,1241948000,1241950000,2000
1507,1241950000,1241952000,2000
1508,1241952000,1241954000,2000
1509,1241954000,1241956000,2000
1510,1241956000,1241958000,2000
1511,1241958000,1241960000,2000
1512,1241960000,1241962000,2000
1513,1241962000,1241964000,2000
1514,1241964000,1241966000,2000
1515,1241966000,1241968000,2000
1516,1241968000,1241970000,2000
1517,1241970000,1241972000,2000
1518,1241972000,1241974000,2000
1519,1241974000,1241976000,2000
1520,1241976000,1241978000,2000
1521,1241978000,1241980000,2000
1522,1241980000,1241982000,2000
1523,1241982000,1241984000,2000
1524,1241984000,1241986000,2000
1525,1241986000,1241988000,2000
1526,1241988000,1241990000,2000
1527,1241990000,1241992000,2000
1528,1241992000,1241994000,2000
1529,1241994000,1241996000,2000
1530,1241996000,1241998000,2000
1531,1241998000,1242000000,2000
13200,1242000000,1242002000,2000
13201,1242002000,1242004000,2000
13202,1242004000,1242006000,2000
13203,1242006000,1242008000,2000
13204,1242008000,1242010000,2000
13205,1242010000,1242012000,2000
13206,1242012000,1242014000,2000
13207,1242014000,1242016000,2000
13208,1242016000,1242018000,2000
13209,1242018000,1242020000,2000
13210,1242020000,1242022000,2000
13211,1242022000,1242024000,2000
13212,1242024000,1242026000,2000
13213,1242026000,1242028000,2000
13214,1242028000,1242030000,2000
13215,1242030000,1242032000,2000
13216,1242032000,1242034000,2000
13217,1242034000,1242036000,2000
13218,1242036000,1242038000,2000
13219,1242038000,1242040000,2000
13220,1242040000,1242042000,2000
13221,1242042000,1242044000,2000
13222,1242044000,1242046000,2000
13223,1242046000,1242048000,2000
13224,1242048000,1242050000,2000
13225,1242050000,1242052000,2000
13226,1242052000,1242054000,2000
13227,1242054000,1242056000,2000
13228,1242056000,1242058000,2000
13229,1242058000,1242060000,2000
13230,1242060000,1242062000,2000
13231,1242062000,1242064000,2000
13232,1242064000,1242066000,2000
13233,1242066000,1242068000,2000
13234,1242068000,1242070000,2000
13235,1242070000,1242072000,2000
13236,1242072000,1242074000,2000
13237,1242074000,1242076000,2000
13238,1242076000,1242078000,2000
13239,1242078000,1242080000,2000
13240,1242080000,1242082000,2000
13241,1242082000,1242084000,2000
13242,1242084000,1242086000,2000
13243,1242086000,1242088000,2000
13244,1242088000,1242090000,2000
13245,1242090000,1242092000,2000
13246,1242092000,1242094000,2000
13247,1242094000,1242096000,2000
13248,1242096000,1242098000,2000
13249,1242098000,1242100000,2000
3532,1242100000,1242102000,2000
3533,1242102000,1242104000,2000
3534,1242104000,1242106000,2000
3535,1242106000,1242108000,2000
3536,1242108000,1242110000,2000
3537,1242110000,1242112000,2000
3538,1242112000,1242114000,2000
3539,1242114000,1242116000,2000
3540,1242116000,1242118000,2000
3541,1242118000,1242120000,2000
3542,1242120000,1242122000,2000
3543,1242122000,1242124000,2000
3544,1242124000,1242126000,2000
3545,1242126000,1242128000,2000
3546,1242128000,1242130000,2000
3547,1242130000,1242132000,2000
3548,1242132000,1242134000,2000
3549,1242134000,1242136000,2000
3550,1242136000,1242138000,2000
3551,1242138000,1242140000,2000
3552,1242140000,1242142000,2000
3553,1242142000,1242144000,2000
3554,1242144000,1242146000,2000
3555,1242146000,1242148000,2000
3556,1242148000,1242150000,2000
3557,1242150000,1242152000,2000
3558,1242152000,1242154000,2000
3559,1242154000,1242156000,2000
3560,1242156000,1242158000,2000
3561,1242158000,1242160000,2000
3562,1242160000,1242162000,2000
3563,1242162000,1242164000,2000
3564,1242164000,1242166000,2000
3565,1242166000,1242168000,2000
3566,1242168000,1242170000,2000
3567,1242170000,1242172000,2000
3568,1242172000,1242174000,2000
3569,1242174000,1242176000,2000
3570,1242176000,1242178000,2000
3571,1242178000,1242180000,2000
3572,1242180000,1242182000,2000
3573,1242182000,1242184000,2000
3574,1242184000,1242186000,2000
3575,1242186000,1242188000,2000
3576,1242188000,1242190000,2000
3577,1242190000,1242192000,2000
3578,1242192000,1242194000,2000
3579,1242194000,1242196000,2000
3580,1242196000,1242198000,2000
3581,1242198000,1242200000,2000
10582,1242200000,1242202000,2000
10583,1242202000,1242204000,2000
10584,1242204000,1242206000,2000
10585,1242206000,1242208000,2000
10586,1242208000,1242210000,2000
10587,1242210000,1242212000,2000
10588,1242212000,1242214000,2000
10589,1242214000,1242216000,2000
10590,1242216000,1242218000,2000
10591,1242218000,1242220000,2000
10592,1242220000,1242222000,2000
10593,1242222000,1242224000,2000
10594,1242224000,1242226000,2000
10595,1242226000,1242228000,2000
10596,1242228000,1242230000,2000
10597,1242230000,1242232000,2000
10598,1242232000,1242234000,2000
10599,1242234000,1242236000,2000
10600,1242236000,1242238000,2000
10601,1242238000,1242240000,2000
10602,1242240000,1242242000,2000
10603,1242242000,1242244000,2000
10604,1242244000,1242246000,2000
10605,1242246000,1242248000,2000
10606,1242248000,1242250000,2000
10607,1242250000,1242252000,2000
10608,1242252000,1242254000,2000
10609,1242254000,1242256000,2000
10610,1242256000,1242258000,2000
10611,1242258000,1242260000,2000
10612,1242260000,1242262000,2000
10613,1242262000,1242264000,2000
10614,1242264000,1242266000,2000
10615,1242266000,1242268000,2000
10616,1242268000,1242270000,2000
10617,1242270000,1242272000,2000
10618,1242272000,1242274000,2000
10619,1242274000,1242276000,2000
10620,1242276000,1242278000,2000
10621,1242278000,1242280000,2000
10622,1242280000,1242282000,2000
10623,1242282000,1242284000,2000
10624,1242284000,1242286000,2000
10625,1242286000,1242288000,2000
10626,1242288000,1242290000,2000
10627,1242290000,1242292000,2000
10628,1242292000,1242294000,2000
10629,1242294000,1242296000,2000
10630,1242296000,1242298000,2000
10631,1242298000,1242300000,2000
13600,1242300000,1242302000,2000
13601,1242302000,1242304000,2000
13602,1242304000,1242306000,2000
13603,1242306000,1242308000,2000
13604,1242308000,1242310000,2000
13605,1242310000,1242312000,2000
13606,1242312000,1242314000,2000
13607,1242314000,1242316000,2000
13608,1242316000,1242318000,2000
13609,1242318000,1242320000,2000
13610,1242320000,1242322000,2000
13611,1242322000,1242324000,2000
13612,1242324000,1242326000,2000
13613,1242326000,1242328000,2000
13614,1242328000,1242330000,2000
13615,1242330000,1242332000,2000
13616,1242332000,1242334000,2000
13617,1242334000,1242336000,2000
13618,1242336000,1242338000,2000
13619,1242338000,1242340000,2000
13620,1242340000,1242342000,2000
13621,1242342000,1242344000,2000
13622,1242344000,1242346000,2000
13623,1242346000,1242348000,2000
13624,1242348000,1242350000,2000
13625,1242350000,1242352000,2000
13626,1242352000,1242354000,2000
13627,1242354000,1242356000,2000
13628,1242356000,1242358000,2000
13629,1242358000,1242360000,2000
13630,1242360000,1242362000,2000
13631,1242362000,1242364000,2000
13632,1242364000,1242366000,2000
13633,1242366000,1242368000,2000
13634,1242368000,1242370000,2000
13635,1242370000,1242372000,2000
13636,1242372000,1242374000,2000
13637,1242374000,1242376000,2000
13638,1242376000,1242378000,2000
13639,1242378000,1242380000,2000
13640,1242380000,1242382000,2000
13641,1242382000,1242384000,2000
13642,1242384000,1242386000,2000
13643,1242386000,1242388000,2000
13644,1242388000,1242390000,2000
13645,1242390000,1242392000,2000
13646,1242392000,1242394000,2000
13647,1242394000,1242396000,2000
13648,1242396000,1242398000,2000
13649,1242398000,1242400000,2000
12800,1242400000,1242402000,2000
12801,1242402000,1242404000,2000
12802,1242404000,1242406000,2000
12803,1242406000,1242408000,2000
12804,1242408000,1242410000,2000
12805,1242410000,1242412000,2000
12806,1242412000,1242414000,2000
12807,1242414000,1242416000,2000
12808,1242416000,1242418000,2000
12809,1242418000,1242420000,2000
12810,1242420000,1242422000,2000
12811,1242422000,1242424000,2000
12812,1242424000,1242426000,2000
12813,1242426000,1242428000,2000
12814,1242428000,1242430000,2000
12815,1242430000,1242432000,2000
12816,1242432000,1242434000,2000
12817,1242434000,1242436000,2000
12818,1242436000,1242438000,2000
12819,1242438000,1242440000,2000
12820,1242440000,1242442000,2000
12821,1242442000,1242444000,2000
12822,1242444000,1242446000,2000
12823,1242446000,1242448000,2000
12824,1242448000,1242450000,2000
12825,1242450000,1242452000,2000
12826,1242452000,1242454000,2000
12827,1242454000,1242456000,2000
12828,1242456000,1242458000,2000
12829,1242458000,1242460000,2000
12830,1242460000,1242462000,2000
12831,1242462000,1242464000,2000
12832,1242464000,1242466000,2000
12833,1242466000,1242468000,2000
12834,1242468000,1242470000,2000
12835,1242470000,1242472000,2000
12836,1242472000,1242474000,2000
12837,1242474000,1242476000,2000
12838,1242476000,1242478000,2000
12839,1242478000,1242480000,2000
12840,1242480000,1242482000,2000
12841,1242482000,1242484000,2000
12842,1242484000,1242486000,2000
12843,1242486000,1242488000,2000
12844,1242488000,1242490000,2000
12845,1242490000,1242492000,2000
12846,1242492000,1242494000,2000
12847,1242494000,1242496000,2000
12848,1242496000,1242498000,2000
12849,1242498000,1242500000,2000
3832,1242500000,1242502000,2000
3833,1242502000,1242504000,2000
3834,1242504000,1242506000,2000
3835,1242506000,1242508000,2000
3836,1242508000,1242510000,2000
3837,1242510000,1242512000,2000
3838,1242512000,1242514000,2000
3839,1242514000,1242516000,2000
3840,1242516000,1242518000,2000
3841,1242518000,1242520000,2000
3842,1242520000,1242522000,2000
3843,1242522000,1242524000,2000
3844,1242524000,1242526000,2000
3845,1242526000,1242528000,2000
3846,1242528000,1242530000,2000
3847,1242530000,1242532000,2000
3848,1242532000,1242534000,2000
3849,1242534000,1242536000,2000
3850,1242536000,1242538000,2000
3851,1242538000,1242540000,2000
3852,1242540000,1242542000,2000
3853,1242542000,1242544000,2000
3854,1242544000,1242546000,2000
3855,1242546000,1242548000,2000
3856,1242548000,1242550000,2000
3857,1242550000,1242552000,2000
3858,1242552000,1242554000,2000
3859,1242554000,1242556000,2000
3860,1242556000,1242558000,2000
3861,1242558000,1242560000,2000
3862,1242560000,1242562000,2000
3863,1242562000,1242564000,2000
3864,1242564000,1242566000,2000
3865,1242566000,1242568000,2000
3866,1242568000,1242570000,2000
3867,1242570000,1242572000,2000
3868,1242572000,1242574000,2000
3869,1242574000,1242576000,2000
3870,1242576000,1242578000,2000
3871,1242578000,1242580000,2000
3872,1242580000,1242582000,2000
3873,1242582000,1242584000,2000
3874,1242584000,1242586000,2000
3875,1242586000,1242588000,2000
3876,1242588000,1242590000,2000
3877,1242590000,1242592000,2000
3878,1242592000,1242594000,2000
3879,1242594000,1242596000,2000
3880,1242596000,1242598000,2000
3881,1242598000,1242600000,2000
5732,1242600000,1242602000,2000
5733,1242602000,1242604000,2000
5734,1242604000,1242606000,2000
5735,1242606000,1242608000,2000
5736,1242608000,1242610000,2000
5737,1242610000,1242612000,2000
5738,1242612000,1242614000,2000
5739,1242614000,1242616000,2000
5740,1242616000,1242618000,2000
5741,1242618000,1242620000,2000
5742,1242620000,1242622000,2000
5743,1242622000,1242624000,2000
5744,1242624000,1242626000,2000
5745,1242626000,1242628000,2000
5746,1242628000,1242630000,2000
5747,1242630000,1242632000,2000
5748,1242632000,1242634000,2000
5749,1242634000,1242636000,2000
5750,1242636000,1242638000,2000
5751,1242638000,1242640000,2000
5752,1242640000,1242642000,2000
5753,1242642000,1242644000,2000
5754,1242644000,1242646000,2000
5755,1242646000,1242648000,2000
5756,1242648000,1242650000,2000
5757,1242650000,1242652000,2000
5758,1242652000,1242654000,2000
5759,1242654000,1242656000,2000
5760,1242656000,1242658000,2000
5761,1242658000,1242660000,2000
5762,1242660000,1242662000,2000
5763,1242662000,1242664000,2000
5764,1242664000,1242666000,2000
5765,1242666000,1242668000,2000
5766,1242668000,1242670000,2000
5767,1242670000,1242672000,2000
5768,1242672000,1242674000,2000
5769,1242674000,1242676000,2000
5770,1242676000,1242678000,2000
5771,1242678000,1242680000,2000
5772,1242680000,1242682000,2000
5773,1242682000,1242684000,2000
5774,1242684000,1242686000,2000
5775,1242686000,1242688000,2000
5776,1242688000,1242690000,2000
5777,1242690000,1242692000,2000
5778,1242692000,1242694000,2000
5779,1242694000,1242696000,2000
5780,1242696000,1242698000,2000
5781,1242698000,1242700000,2000
14300,1242700000,1242702000,2000
14301,1242702000,1242704000,2000
14302,1242704000,1242706000,2000
14303,1242706000,1242708000,2000
14304,1242708000,1242710000,2000
14305,1242710000,1242712000,2000
14306,1242712000,1242714000,2000
14307,1242714000,1242716000,2000
14308,1242716000,1242718000,2000
14309,1242718000,1242720000,2000
14310,1242720000,1242722000,2000
14311,1242722000,1242724000,2000
14312,1242724000,1242726000,2000
14313,1242726000,1242728000,2000
14314,1242728000,1242730000,2000
14315,1242730000,1242732000,2000
14316,1242732000,1242734000,2000
14317,1242734000,1242736000,2000
14318,1242736000,1242738000,2000
14319,1242738000,1242740000,2000
14320,1242740000,1242742000,2000
14321,1242742000,1242744000,2000
14322,1242744000,1242746000,2000
14323,1242746000,1242748000,2000
14324,1242748000,1242750000,2000
14325,1242750000,1242752000,2000
14326,1242752000,1242754000,2000
14327,1242754000,1242756000,2000
14328,1242756000,1242758000,2000
14329,1242758000,1242760000,2000
14330,1242760000,1242762000,2000
14331,1242762000,1242764000,2000
14332,1242764000,1242766000,2000
14333,1242766000,1242768000,2000
14334,1242768000,1242770000,2000
14335,1242770000,1242772000,2000
14336,1242772000,1242774000,2000
14337,1242774000,1242776000,2000
14338,1242776000,1242778000,2000
14339,1242778000,1242780000,2000
14340,1242780000,1242782000,2000
14341,1242782000,1242784000,2000
14342,1242784000,1242786000,2000
14343,1242786000,1242788000,2000
14344,1242788000,1242790000,2000
14345,1242790000,1242792000,2000
14346,1242792000,1242794000,2000
14347,1242794000,1242796000,2000
14348,1242796000,1242798000,2000
14349,1242798000,1242800000,2000
6486,1242800000,1242802000,2000
6487,1242802000,1242804000,2000
6488,1242804000,1242806000,2000
6489,1242806000,1242808000,2000
6490,1242808000,1242810000,2000
6491,1242810000,1242812000,2000
6492,1242812000,1242814000,2000
6493,1242814000,1242816000,2000
6494,1242816000,1242818000,2000
6495,1242818000,1242820000,2000
6496,1242820000,1242822000,2000
6497,1242822000,1242824000,2000
6498,1242824000,1242826000,2000
6499,1242826000,1242828000,2000
6500,1242828000,1242830000,2000
6501,1242830000,1242832000,2000
6502,1242832000,1242834000,2000
6503,1242834000,1242836000,2000
6504,1242836000,1242838000,2000
6505,1242838000,1242840000,2000
6506,1242840000,1242842000,2000
6507,1242842000,1242844000,2000
6508,1242844000,1242846000,2000
6509,1242846000,1242848000,2000
6510,1242848000,1242850000,2000
6511,1242850000,1242852000,2000
6512,1242852000,1242854000,2000
6513,1242854000,1242856000,2000
6485,1242856000,1242857957,1957
6482,1242857957,1242858000,43
6483,1242858000,1242858060,60
6484,1242858060,1242860000,1940
6514,1242860000,1242862000,2000
6515,1242862000,1242864000,2000
6516,1242864000,1242866000,2000
6517,1242866000,1242868000,2000
6518,1242868000,1242870000,2000
6519,1242870000,1242872000,2000
6520,1242872000,1242874000,2000
6521,1242874000,1242876000,2000
6522,1242876000,1242878000,2000
6523,1242878000,1242880000,2000
6524,1242880000,1242882000,2000
6525,1242882000,1242884000,2000
6526,1242884000,1242886000,2000
6527,1242886000,1242888000,2000
6528,1242888000,1242890000,2000
6529,1242890000,1242892000,2000
6530,1242892000,1242894000,2000
6531,1242894000,1242896000,2000
6532,1242896000,1242898000,2000
6533,1242898000,1242900000,2000
3882,1242900000,1242902000,2000
3883,1242902000,1242904000,2000
3884,1242904000,1242906000,2000
3885,1242906000,1242908000,2000
3886,1242908000,1242910000,2000
3887,1242910000,1242912000,2000
3888,1242912000,1242914000,2000
3889,1242914000,1242916000,2000
3890,1242916000,1242918000,2000
3891,1242918000,1242920000,2000
3892,1242920000,1242922000,2000
3893,1242922000,1242924000,2000
3894,1242924000,1242926000,2000
3895,1242926000,1242928000,2000
3896,1242928000,1242930000,2000
3897,1242930000,1242932000,2000
3898,1242932000,1242934000,2000
3899,1242934000,1242936000,2000
3900,1242936000,1242938000,2000
3901,1242938000,1242940000,2000
3902,1242940000,1242942000,2000
3903,1242942000,1242944000,2000
3904,1242944000,1242946000,2000
3905,1242946000,1242948000,2000
3906,1242948000,1242950000,2000
3907,1242950000,1242952000,2000
3908,1242952000,1242954000,2000
3909,1242954000,1242956000,2000
3910,1242956000,1242958000,2000
3911,1242958000,1242960000,2000
3912,1242960000,1242962000,2000
3913,1242962000,1242964000,2000
3914,1242964000,1242966000,2000
3915,1242966000,1242968000,2000
3916,1242968000,1242970000,2000
3917,1242970000,1242972000,2000
3918,1242972000,1242974000,2000
3919,1242974000,1242976000,2000
3920,1242976000,1242978000,2000
3921,1242978000,1242980000,2000
3922,1242980000,1242982000,2000
3923,1242982000,1242984000,2000
3924,1242984000,1242986000,2000
3925,1242986000,1242988000,2000
3926,1242988000,1242990000,2000
3927,1242990000,1242992000,2000
3928,1242992000,1242994000,2000
3929,1242994000,1242996000,2000
3930,1242996000,1242998000,2000
3931,1242998000,1243000000,2000
1132,1243000000,1243002000,2000
1133,1243002000,1243004000,2000
1134,1243004000,1243006000,2000
1135,1243006000,1243008000,2000
1136,1243008000,1243010000,2000
1137,1243010000,1243012000,2000
1138,1243012000,1243014000,2000
1139,1243014000,1243016000,2000
1140,1243016000,1243018000,2000
1141,1243018000,1243020000,2000
1142,1243020000,1243022000,2000
1143,1243022000,1243024000,2000
1144,1243024000,1243026000,2000
1145,1243026000,1243028000,2000
1146,1243028000,1243030000,2000
1147,1243030000,1243032000,2000
1148,1243032000,1243034000,2000
1149,1243034000,1243036000,2000
1150,1243036000,1243038000,2000
1151,1243038000,1243040000,2000
1152,1243040000,1243042000,2000
1153,1243042000,1243044000,2000
1154,1243044000,1243046000,2000
1155,1243046000,1243048000,2000
1156,1243048000,1243050000,2000
1157,1243050000,1243052000,2000
1158,1243052000,1243054000,2000
1159,1243054000,1243056000,2000
1160,1243056000,1243058000,2000
1161,1243058000,1243060000,2000
1162,1243060000,1243062000,2000
1163,1243062000,1243064000,2000
1164,1243064000,1243066000,2000
1165,1243066000,1243068000,2000
1166,1243068000,1243070000,2000
1167,1243070000,1243072000,2000
1168,1243072000,1243074000,2000
1169,1243074000,1243076000,2000
1170,1243076000,1243078000,2000
1171,1243078000,1243080000,2000
1172,1243080000,1243082000,2000
1173,1243082000,1243084000,2000
1174,1243084000,1243086000,2000
1175,1243086000,1243088000,2000
1176,1243088000,1243090000,2000
1177,1243090000,1243092000,2000
1178,1243092000,1243094000,2000
1179,1243094000,1243096000,2000
1180,1243096000,1243098000,2000
1181,1243098000,1243100000,2000
2182,1243100000,1243102000,2000
2183,1243102000,1243104000,2000
2184,1243104000,1243106000,2000
2185,1243106000,1243108000,2000
2186,1243108000,1243110000,2000
2187,1243110000,1243112000,2000
2188,1243112000,1243114000,2000
2189,1243114000,1243116000,2000
2190,1243116000,1243118000,2000
2191,1243118000,1243120000,2000
2192,1243120000,1243122000,2000
2193,1243122000,1243124000,2000
2194,1243124000,1243126000,2000
2195,1243126000,1243128000,2000
2196,1243128000,1243130000,2000
2197,1243130000,1243132000,2000
2198,1243132000,1243134000,2000
2199,1243134000,1243136000,2000
2200,1243136000,1243138000,2000
2201,1243138000,1243140000,2000
2202,1243140000,1243142000,2000
2203,1243142000,1243144000,2000
2204,1243144000,1243146000,2000
2205,1243146000,1243148000,2000
2206,1243148000,1243150000,2000
2207,1243150000,1243152000,2000
2208,1243152000,1243154000,2000
2209,1243154000,1243156000,2000
2210,1243156000,1243158000,2000
2211,1243158000,1243160000,2000
2212,1243160000,1243162000,2000
2213,1243162000,1243164000,2000
2214,1243164000,1243166000,2000
2215,1243166000,1243168000,2000
2216,1243168000,1243170000,2000
2217,1243170000,1243172000,2000
2218,1243172000,1243174000,2000
2219,1243174000,1243176000,2000
2220,1243176000,1243178000,2000
2221,1243178000,1243180000,2000
2222,1243180000,1243182000,2000
2223,1243182000,1243184000,2000
2224,1243184000,1243186000,2000
2225,1243186000,1243188000,2000
2226,1243188000,1243190000,2000
2227,1243190000,1243192000,2000
2228,1243192000,1243194000,2000
2229,1243194000,1243196000,2000
2230,1243196000,1243198000,2000
2231,1243198000,1243200000,2000
1832,1243200000,1243202000,2000
1833,1243202000,1243204000,2000
1834,1243204000,1243206000,2000
1835,1243206000,1243208000,2000
1836,1243208000,1243210000,2000
1837,1243210000,1243212000,2000
1838,1243212000,1243214000,2000
1839,1243214000,1243216000,2000
1840,1243216000,1243218000,2000
1841,1243218000,1243220000,2000
1842,1243220000,1243222000,2000
1843,1243222000,1243224000,2000
1844,1243224000,1243226000,2000
1845,1243226000,1243228000,2000
1846,1243228000,1243230000,2000
1847,1243230000,1243232000,2000
1848,1243232000,1243234000,2000
1849,1243234000,1243236000,2000
1850,1243236000,1243238000,2000
1851,1243238000,1243240000,2000
1852,1243240000,1243242000,2000
1853,1243242000,1243244000,2000
1854,1243244000,1243246000,2000
1855,1243246000,1243248000,2000
1856,1243248000,1243250000,2000
1857,1243250000,1243252000,2000
1858,1243252000,1243254000,2000
1859,1243254000,1243256000,2000
1860,1243256000,1243258000,2000
1861,1243258000,1243260000,2000
1862,1243260000,1243262000,2000
1863,1243262000,1243264000,2000
1864,1243264000,1243266000,2000
1865,1243266000,1243268000,2000
1866,1243268000,1243270000,2000
1867,1243270000,1243272000,2000
1868,1243272000,1243274000,2000
1869,1243274000,1243276000,2000
1870,1243276000,1243278000,2000
1871,1243278000,1243280000,2000
1872,1243280000,1243282000,2000
1873,1243282000,1243284000,2000
1874,1243284000,1243286000,2000
1875,1243286000,1243288000,2000
1876,1243288000,1243290000,2000
1877,1243290000,1243292000,2000
1878,1243292000,1243294000,2000
1879,1243294000,1243296000,2000
1880,1243296000,1243298000,2000
1881,1243298000,1243300000,2000
2732,1243300000,1243302000,2000
2733,1243302000,1243304000,2000
2734,1243304000,1243306000,2000
2735,1243306000,1243308000,2000
2736,1243308000,1243310000,2000
2737,1243310000,1243312000,2000
2738,1243312000,1243314000,2000
2739,1243314000,1243316000,2000
2740,1243316000,1243318000,2000
2741,1243318000,1243320000,2000
2742,1243320000,1243322000,2000
2743,1243322000,1243324000,2000
2744,1243324000,1243326000,2000
2745,1243326000,1243328000,2000
2746,1243328000,1243330000,2000
2747,1243330000,1243332000,2000
2748,1243332000,1243334000,2000
2749,1243334000,1243336000,2000
2750,1243336000,1243338000,2000
2751,1243338000,1243340000,2000
2752,1243340000,1243342000,2000
2753,1243342000,1243344000,2000
2754,1243344000,1243346000,2000
2755,1243346000,1243348000,2000
2756,1243348000,1243350000,2000
2757,1243350000,1243352000,2000
2758,1243352000,1243354000,2000
2759,1243354000,1243356000,2000
2760,1243356000,1243358000,2000
2761,1243358000,1243360000,2000
2762,1243360000,1243362000,2000
2763,1243362000,1243364000,2000
2764,1243364000,1243366000,2000
2765,1243366000,1243368000,2000
2766,1243368000,1243370000,2000
2767,1243370000,1243372000,2000
2768,1243372000,1243374000,2000
2769,1243374000,1243376000,2000
2770,1243376000,1243378000,2000
2771,1243378000,1243380000,2000
2772,1243380000,1243382000,2000
2773,1243382000,1243384000,2000
2774,1243384000,1243386000,2000
2775,1243386000,1243388000,2000
2776,1243388000,1243390000,2000
2777,1243390000,1243392000,2000
2778,1243392000,1243394000,2000
2779,1243394000,1243396000,2000
2780,1243396000,1243398000,2000
2781,1243398000,1243400000,2000
10132,1243400000,1243402000,2000
10133,1243402000,1243404000,2000
10134,1243404000,1243406000,2000
10135,1243406000,1243408000,2000
10136,1243408000,1243410000,2000
10137,1243410000,1243412000,2000
10138,1243412000,1243414000,2000
10139,1243414000,1243416000,2000
10140,1243416000,1243418000,2000
10141,1243418000,1243420000,2000
10142,1243420000,1243422000,2000
10143,1243422000,1243424000,2000
10144,1243424000,1243426000,2000
10145,1243426000,1243428000,2000
10146,1243428000,1243430000,2000
10147,1243430000,1243432000,2000
10148,1243432000,1243434000,2000
10149,1243434000,1243436000,2000
10150,1243436000,1243438000,2000
10151,1243438000,1243440000,2000
10152,1243440000,1243442000,2000
10153,1243442000,1243444000,2000
10154,1243444000,1243446000,2000
10155,1243446000,1243448000,2000
10156,1243448000,1243450000,2000
10157,1243450000,1243452000,2000
10158,1243452000,1243454000,2000
10159,1243454000,1243456000,2000
10160,1243456000,1243458000,2000
10161,1243458000,1243460000,2000
10162,1243460000,1243462000,2000
10163,1243462000,1243464000,2000
10164,1243464000,1243466000,2000
10165,1243466000,1243468000,2000
10166,1243468000,1243470000,2000
10167,1243470000,1243472000,2000
10168,1243472000,1243474000,2000
10169,1243474000,1243476000,2000
10170,1243476000,1243478000,2000
10171,1243478000,1243480000,2000
10172,1243480000,1243482000,2000
10173,1243482000,1243484000,2000
10174,1243484000,1243486000,2000
10175,1243486000,1243488000,2000
10176,1243488000,1243490000,2000
10177,1243490000,1243492000,2000
10178,1243492000,1243494000,2000
10179,1243494000,1243496000,2000
10180,1243496000,1243498000,2000
10181,1243498000,1243500000,2000
4132,1243500000,1243502000,2000
4133,1243502000,1243504000,2000
4134,1243504000,1243506000,2000
4135,1243506000,1243508000,2000
4136,1243508000,1243510000,2000
4137,1243510000,1243512000,2000
4138,1243512000,1243514000,2000
4139,1243514000,1243516000,2000
4140,1243516000,1243518000,2000
4141,1243518000,1243520000,2000
4142,1243520000,1243522000,2000
4143,1243522000,1243524000,2000
4144,1243524000,1243526000,2000
4145,1243526000,1243528000,2000
4146,1243528000,1243530000,2000
4147,1243530000,1243532000,2000
4148,1243532000,1243534000,2000
4149,1243534000,1243536000,2000
4150,1243536000,1243538000,2000
4151,1243538000,1243540000,2000
4152,1243540000,1243542000,2000
4153,1243542000,1243544000,2000
4154,1243544000,1243546000,2000
4155,1243546000,1243548000,2000
4156,1243548000,1243550000,2000
4157,1243550000,1243552000,2000
4158,1243552000,1243554000,2000
4159,1243554000,1243556000,2000
4160,1243556000,1243558000,2000
4161,1243558000,1243560000,2000
4162,1243560000,1243562000,2000
4163,1243562000,1243564000,2000
4164,1243564000,1243566000,2000
4165,1243566000,1243568000,2000
4166,1243568000,1243570000,2000
4167,1243570000,1243572000,2000
4168,1243572000,1243574000,2000
4169,1243574000,1243576000,2000
4170,1243576000,1243578000,2000
4171,1243578000,1243580000,2000
4172,1243580000,1243582000,2000
4173,1243582000,1243584000,2000
4174,1243584000,1243586000,2000
4175,1243586000,1243588000,2000
4176,1243588000,1243590000,2000
4177,1243590000,1243592000,2000
4178,1243592000,1243594000,2000
4179,1243594000,1243596000,2000
4180,1243596000,1243598000,2000
4181,1243598000,1243600000,2000
8284,1243600000,1243602000,2000
8285,1243602000,1243604000,2000
8286,1243604000,1243606000,2000
8287,1243606000,1243608000,2000
8288,1243608000,1243610000,2000
8289,1243610000,1243612000,2000
8290,1243612000,1243614000,2000
8291,1243614000,1243616000,2000
8292,1243616000,1243618000,2000
8293,1243618000,1243620000,2000
8294,1243620000,1243622000,2000
8295,1243622000,1243624000,2000
8296,1243624000,1243626000,2000
8297,1243626000,1243628000,2000
8298,1243628000,1243630000,2000
8299,1243630000,1243632000,2000
8300,1243632000,1243634000,2000
8301,1243634000,1243636000,2000
8302,1243636000,1243638000,2000
8303,1243638000,1243640000,2000
8304,1243640000,1243642000,2000
8305,1243642000,1243644000,2000
8306,1243644000,1243646000,2000
8307,1243646000,1243648000,2000
8308,1243648000,1243650000,2000
8309,1243650000,1243652000,2000
8310,1243652000,1243654000,2000
8311,1243654000,1243656000,2000
8312,1243656000,1243658000,2000
8313,1243658000,1243660000,2000
8314,1243660000,1243662000,2000
8315,1243662000,1243664000,2000
8316,1243664000,1243666000,2000
8317,1243666000,1243668000,2000
8318,1243668000,1243670000,2000
8319,1243670000,1243672000,2000
8320,1243672000,1243674000,2000
8321,1243674000,1243676000,2000
8322,1243676000,1243678000,2000
8323,1243678000,1243680000,2000
8324,1243680000,1243682000,2000
8325,1243682000,1243684000,2000
8326,1243684000,1243686000,2000
8327,1243686000,1243688000,2000
8328,1243688000,1243690000,2000
8329,1243690000,1243692000,2000
8330,1243692000,1243694000,2000
8331,1243694000,1243696000,2000
8332,1243696000,1243698000,2000
8333,1243698000,1243700000,2000
3032,1243700000,1243702000,2000
3033,1243702000,1243704000,2000
3034,1243704000,1243706000,2000
3035,1243706000,1243708000,2000
3036,1243708000,1243710000,2000
3037,1243710000,1243712000,2000
3038,1243712000,1243714000,2000
3039,1243714000,1243716000,2000
3040,1243716000,1243718000,2000
3041,1243718000,1243720000,2000
3042,1243720000,1243722000,2000
3043,1243722000,1243724000,2000
3044,1243724000,1243726000,2000
3045,1243726000,1243728000,2000
3046,1243728000,1243730000,2000
3047,1243730000,1243732000,2000
3048,1243732000,1243734000,2000
3049,1243734000,1243736000,2000
3050,1243736000,1243738000,2000
3051,1243738000,1243740000,2000
3052,1243740000,1243742000,2000
3053,1243742000,1243744000,2000
3054,1243744000,1243746000,2000
3055,1243746000,1243748000,2000
3056,1243748000,1243750000,2000
3057,1243750000,1243752000,2000
3058,1243752000,1243754000,2000
3059,1243754000,1243756000,2000
3060,1243756000,1243758000,2000
3061,1243758000,1243760000,2000
3062,1243760000,1243762000,2000
3063,1243762000,1243764000,2000
3064,1243764000,1243766000,2000
3065,1243766000,1243768000,2000
3066,1243768000,1243770000,2000
3067,1243770000,1243772000,2000
3068,1243772000,1243774000,2000
3069,1243774000,1243776000,2000
3070,1243776000,1243778000,2000
3071,1243778000,1243780000,2000
3072,1243780000,1243782000,2000
3073,1243782000,1243784000,2000
3074,1243784000,1243786000,2000
3075,1243786000,1243788000,2000
3076,1243788000,1243790000,2000
3077,1243790000,1243792000,2000
3078,1243792000,1243794000,2000
3079,1243794000,1243796000,2000
3080,1243796000,1243798000,2000
3081,1243798000,1243800000,2000
9982,1243800000,1243802000,2000
9983,1243802000,1243804000,2000
9984,1243804000,1243806000,2000
9985,1243806000,1243808000,2000
9986,1243808000,1243810000,2000
9987,1243810000,1243812000,2000
9988,1243812000,1243814000,2000
9989,1243814000,1243816000,2000
9990,1243816000,1243818000,2000
9991,1243818000,1243820000,2000
9992,1243820000,1243822000,2000
9993,1243822000,1243824000,2000
9994,1243824000,1243826000,2000
9995,1243826000,1243828000,2000
9996,1243828000,1243830000,2000
9997,1243830000,1243832000,2000
9998,1243832000,1243834000,2000
9999,1243834000,1243836000,2000
10000,1243836000,1243838000,2000
10001,1243838000,1243840000,2000
10002,1243840000,1243842000,2000
10003,1243842000,1243844000,2000
10004,1243844000,1243846000,2000
10005,1243846000,1243848000,2000
10006,1243848000,1243850000,2000
10007,1243850000,1243852000,2000
10008,1243852000,1243854000,2000
10009,1243854000,1243856000,2000
10010,1243856000,1243858000,2000
10011,1243858000,1243860000,2000
10012,1243860000,1243862000,2000
10013,1243862000,1243864000,2000
10014,1243864000,1243866000,2000
10015,1243866000,1243868000,2000
10016,1243868000,1243870000,2000
10017,1243870000,1243872000,2000
10018,1243872000,1243874000,2000
10019,1243874000,1243876000,2000
10020,1243876000,1243878000,2000
10021,1243878000,1243880000,2000
10022,1243880000,1243882000,2000
10023,1243882000,1243884000,2000
10024,1243884000,1243886000,2000
10025,1243886000,1243888000,2000
10026,1243888000,1243890000,2000
10027,1243890000,1243892000,2000
10028,1243892000,1243894000,2000
10029,1243894000,1243896000,2000
10030,1243896000,1243898000,2000
10031,1243898000,1243900000,2000
8384,1243900000,1243902000,2000
8385,1243902000,1243904000,2000
8386,1243904000,1243906000,2000
8387,1243906000,1243908000,2000
8388,1243908000,1243910000,2000
8389,1243910000,1243912000,2000
8390,1243912000,1243914000,2000
8391,1243914000,1243916000,2000
8392,1243916000,1243918000,2000
8393,1243918000,1243920000,2000
8394,1243920000,1243922000,2000
8395,1243922000,1243924000,2000
8396,1243924000,1243926000,2000
8397,1243926000,1243928000,2000
8398,1243928000,1243930000,2000
8399,1243930000,1243932000,2000
8400,1243932000,1243934000,2000
8401,1243934000,1243936000,2000
8402,1243936000,1243938000,2000
8403,1243938000,1243940000,2000
8404,1243940000,1243942000,2000
8405,1243942000,1243944000,2000
8406,1243944000,1243946000,2000
8407,1243946000,1243948000,2000
8408,1243948000,1243950000,2000
8409,1243950000,1243952000,2000
8410,1243952000,1243954000,2000
8411,1243954000,1243956000,2000
8412,1243956000,1243958000,2000
8413,1243958000,1243960000,2000
8414,1243960000,1243962000,2000
8415,1243962000,1243964000,2000
8416,1243964000,1243966000,2000
8417,1243966000,1243968000,2000
8418,1243968000,1243970000,2000
8419,1243970000,1243972000,2000
8420,1243972000,1243974000,2000
8421,1243974000,1243976000,2000
8422,1243976000,1243978000,2000
8423,1243978000,1243980000,2000
8424,1243980000,1243982000,2000
8425,1243982000,1243984000,2000
8426,1243984000,1243986000,2000
8427,1243986000,1243988000,2000
8428,1243988000,1243990000,2000
8429,1243990000,1243992000,2000
8430,1243992000,1243994000,2000
8431,1243994000,1243996000,2000
8432,1243996000,1243998000,2000
8433,1243998000,1244000000,2000
1082,1244000000,1244002000,2000
1083,1244002000,1244004000,2000
1084,1244004000,1244006000,2000
1085,1244006000,1244008000,2000
1086,1244008000,1244010000,2000
1087,1244010000,1244012000,2000
1088,1244012000,1244014000,2000
1089,1244014000,1244016000,2000
1090,1244016000,1244018000,2000
1091,1244018000,1244020000,2000
1092,1244020000,1244022000,2000
1093,1244022000,1244024000,2000
1094,1244024000,1244026000,2000
1095,1244026000,1244028000,2000
1096,1244028000,1244030000,2000
1097,1244030000,1244032000,2000
1098,1244032000,1244034000,2000
1099,1244034000,1244036000,2000
1100,1244036000,1244038000,2000
1101,1244038000,1244040000,2000
1102,1244040000,1244042000,2000
1103,1244042000,1244044000,2000
1104,1244044000,1244046000,2000
1105,1244046000,1244048000,2000
1106,1244048000,1244050000,2000
1107,1244050000,1244052000,2000
1108,1244052000,1244054000,2000
1109,1244054000,1244056000,2000
1110,1244056000,1244058000,2000
1111,1244058000,1244060000,2000
1112,1244060000,1244062000,2000
1113,1244062000,1244064000,2000
1114,1244064000,1244066000,2000
1115,1244066000,1244068000,2000
1116,1244068000,1244070000,2000
1117,1244070000,1244072000,2000
1118,1244072000,1244074000,2000
1119,1244074000,1244076000,2000
1120,1244076000,1244078000,2000
1121,1244078000,1244080000,2000
1122,1244080000,1244082000,2000
1123,1244082000,1244084000,2000
1124,1244084000,1244086000,2000
1125,1244086000,1244088000,2000
1126,1244088000,1244090000,2000
1127,1244090000,1244092000,2000
1128,1244092000,1244094000,2000
1129,1244094000,1244096000,2000
1130,1244096000,1244098000,2000
1131,1244098000,1244100000,2000
8234,1244100000,1244102000,2000
8235,1244102000,1244104000,2000
8236,1244104000,1244106000,2000
8237,1244106000,1244108000,2000
8238,1244108000,1244110000,2000
8239,1244110000,1244112000,2000
8240,1244112000,1244114000,2000
8241,1244114000,1244116000,2000
8242,1244116000,1244118000,2000
8243,1244118000,1244120000,2000
8244,1244120000,1244122000,2000
8245,1244122000,1244124000,2000
8246,1244124000,1244126000,2000
8247,1244126000,1244128000,2000
8248,1244128000,1244130000,2000
8249,1244130000,1244132000,2000
8250,1244132000,1244134000,2000
8251,1244134000,1244136000,2000
8252,1244136000,1244138000,2000
8253,1244138000,1244140000,2000
8254,1244140000,1244142000,2000
8255,1244142000,1244144000,2000
8256,1244144000,1244146000,2000
8257,1244146000,1244148000,2000
8258,1244148000,1244150000,2000
8259,1244150000,1244152000,2000
8260,1244152000,1244154000,2000
8261,1244154000,1244156000,2000
8262,1244156000,1244158000,2000
8263,1244158000,1244160000,2000
8264,1244160000,1244162000,2000
8265,1244162000,1244164000,2000
8266,1244164000,1244166000,2000
8267,1244166000,1244168000,2000
8268,1244168000,1244170000,2000
8269,1244170000,1244172000,2000
8270,1244172000,1244174000,2000
8271,1244174000,1244176000,2000
8272,1244176000,1244178000,2000
8273,1244178000,1244180000,2000
8274,1244180000,1244182000,2000
8275,1244182000,1244184000,2000
8276,1244184000,1244186000,2000
8277,1244186000,1244188000,2000
8278,1244188000,1244190000,2000
8279,1244190000,1244192000,2000
8280,1244192000,1244194000,2000
8281,1244194000,1244196000,2000
8282,1244196000,1244198000,2000
8283,1244198000,1244200000,2000
8184,1244200000,1244202000,2000
8185,1244202000,1244204000,2000
8186,1244204000,1244206000,2000
8187,1244206000,1244208000,2000
8188,1244208000,1244210000,2000
8189,1244210000,1244212000,2000
8190,1244212000,1244214000,2000
8191,1244214000,1244216000,2000
8192,1244216000,1244218000,2000
8193,1244218000,1244220000,2000
8194,1244220000,1244222000,2000
8195,1244222000,1244224000,2000
8196,1244224000,1244226000,2000
8197,1244226000,1244228000,2000
8198,1244228000,1244230000,2000
8199,1244230000,1244232000,2000
8200,1244232000,1244234000,2000
8201,1244234000,1244236000,2000
8202,1244236000,1244238000,2000
8203,1244238000,1244240000,2000
8204,1244240000,1244242000,2000
8205,1244242000,1244244000,2000
8206,1244244000,1244246000,2000
8207,1244246000,1244248000,2000
8208,1244248000,1244250000,2000
8209,1244250000,1244252000,2000
8210,1244252000,1244254000,2000
8211,1244254000,1244256000,2000
8212,1244256000,1244258000,2000
8213,1244258000,1244260000,2000
8214,1244260000,1244262000,2000
8215,1244262000,1244264000,2000
8216,1244264000,1244266000,2000
8217,1244266000,1244268000,2000
8218,1244268000,1244270000,2000
8219,1244270000,1244272000,2000
8220,1244272000,1244274000,2000
8221,1244274000,1244276000,2000
8222,1244276000,1244278000,2000
8223,1244278000,1244280000,2000
8224,1244280000,1244282000,2000
8225,1244282000,1244284000,2000
8226,1244284000,1244286000,2000
8227,1244286000,1244288000,2000
8228,1244288000,1244290000,2000
8229,1244290000,1244292000,2000
8230,1244292000,1244294000,2000
8231,1244294000,1244296000,2000
8232,1244296000,1244298000,2000
8233,1244298000,1244300000,2000
1632,1244300000,1244302000,2000
1633,1244302000,1244304000,2000
1634,1244304000,1244306000,2000
1635,1244306000,1244308000,2000
1636,1244308000,1244310000,2000
1637,1244310000,1244312000,2000
1638,1244312000,1244314000,2000
1639,1244314000,1244316000,2000
1640,1244316000,1244318000,2000
1641,1244318000,1244320000,2000
1642,1244320000,1244322000,2000
1643,1244322000,1244324000,2000
1644,1244324000,1244326000,2000
1645,1244326000,1244328000,2000
1646,1244328000,1244330000,2000
1647,1244330000,1244332000,2000
1648,1244332000,1244334000,2000
1649,1244334000,1244336000,2000
1650,1244336000,1244338000,2000
1651,1244338000,1244340000,2000
1652,1244340000,1244342000,2000
1653,1244342000,1244344000,2000
1654,1244344000,1244346000,2000
1655,1244346000,1244348000,2000
1656,1244348000,1244350000,2000
1657,1244350000,1244352000,2000
1658,1244352000,1244354000,2000
1659,1244354000,1244356000,2000
1660,1244356000,1244358000,2000
1661,1244358000,1244360000,2000
1662,1244360000,1244362000,2000
1663,1244362000,1244364000,2000
1664,1244364000,1244366000,2000
1665,1244366000,1244368000,2000
1666,1244368000,1244370000,2000
1667,1244370000,1244372000,2000
1668,1244372000,1244374000,2000
1669,1244374000,1244376000,2000
1670,1244376000,1244378000,2000
1671,1244378000,1244380000,2000
1672,1244380000,1244382000,2000
1673,1244382000,1244384000,2000
1674,1244384000,1244386000,2000
1675,1244386000,1244388000,2000
1676,1244388000,1244390000,2000
1677,1244390000,1244392000,2000
1678,1244392000,1244394000,2000
1679,1244394000,1244396000,2000
1680,1244396000,1244398000,2000
1681,1244398000,1244400000,2000
3132,1244400000,1244402000,2000
3133,1244402000,1244404000,2000
3134,1244404000,1244406000,2000
3135,1244406000,1244408000,2000
3136,1244408000,1244410000,2000
3137,1244410000,1244412000,2000
3138,1244412000,1244414000,2000
3139,1244414000,1244416000,2000
3140,1244416000,1244418000,2000
3141,1244418000,1244420000,2000
3142,1244420000,1244422000,2000
3143,1244422000,1244424000,2000
3144,1244424000,1244426000,2000
3145,1244426000,1244428000,2000
3146,1244428000,1244430000,2000
3147,1244430000,1244432000,2000
3148,1244432000,1244434000,2000
3149,1244434000,1244436000,2000
3150,1244436000,1244438000,2000
3151,1244438000,1244440000,2000
3152,1244440000,1244442000,2000
3153,1244442000,1244444000,2000
3154,1244444000,1244446000,2000
3155,1244446000,1244448000,2000
3156,1244448000,1244450000,2000
3157,1244450000,1244452000,2000
3158,1244452000,1244454000,2000
3159,1244454000,1244456000,2000
3160,1244456000,1244458000,2000
3161,1244458000,1244460000,2000
3162,1244460000,1244462000,2000
3163,1244462000,1244464000,2000
3164,1244464000,1244466000,2000
3165,1244466000,1244468000,2000
3166,1244468000,1244470000,2000
3167,1244470000,1244472000,2000
3168,1244472000,1244474000,2000
3169,1244474000,1244476000,2000
3170,1244476000,1244478000,2000
3171,1244478000,1244480000,2000
3172,1244480000,1244482000,2000
3173,1244482000,1244484000,2000
3174,1244484000,1244486000,2000
3175,1244486000,1244488000,2000
3176,1244488000,1244490000,2000
3177,1244490000,1244492000,2000
3178,1244492000,1244494000,2000
3179,1244494000,1244496000,2000
3180,1244496000,1244498000,2000
3181,1244498000,1244500000,2000
9882,1244500000,1244502000,2000
9883,1244502000,1244504000,2000
9884,1244504000,1244506000,2000
9885,1244506000,1244508000,2000
9886,1244508000,1244510000,2000
9887,1244510000,1244512000,2000
9888,1244512000,1244514000,2000
9889,1244514000,1244516000,2000
9890,1244516000,1244518000,2000
9891,1244518000,1244520000,2000
9892,1244520000,1244522000,2000
9893,1244522000,1244524000,2000
9894,1244524000,1244526000,2000
9895,1244526000,1244528000,2000
9896,1244528000,1244530000,2000
9897,1244530000,1244532000,2000
9898,1244532000,1244534000,2000
9899,1244534000,1244536000,2000
9900,1244536000,1244538000,2000
9901,1244538000,1244540000,2000
9902,1244540000,1244542000,2000
9903,1244542000,1244544000,2000
9904,1244544000,1244546000,2000
9905,1244546000,1244548000,2000
9906,1244548000,1244550000,2000
9907,1244550000,1244552000,2000
9908,1244552000,1244554000,2000
9909,1244554000,1244556000,2000
9910,1244556000,1244558000,2000
9911,1244558000,1244560000,2000
9912,1244560000,1244562000,2000
9913,1244562000,1244564000,2000
9914,1244564000,1244566000,2000
9915,1244566000,1244568000,2000
9916,1244568000,1244570000,2000
9917,1244570000,1244572000,2000
9918,1244572000,1244574000,2000
9919,1244574000,1244576000,2000
9920,1244576000,1244578000,2000
9921,1244578000,1244580000,2000
9922,1244580000,1244582000,2000
9923,1244582000,1244584000,2000
9924,1244584000,1244586000,2000
9925,1244586000,1244588000,2000
9926,1244588000,1244590000,2000
9927,1244590000,1244592000,2000
9928,1244592000,1244594000,2000
9929,1244594000,1244596000,2000
9930,1244596000,1244598000,2000
9931,1244598000,1244600000,2000
8984,1244600000,1244602000,2000
8985,1244602000,1244604000,2000
8986,1244604000,1244606000,2000
8987,1244606000,1244608000,2000
8988,1244608000,1244610000,2000
8989,1244610000,1244612000,2000
8990,1244612000,1244614000,2000
8991,1244614000,1244616000,2000
8992,1244616000,1244618000,2000
8993,1244618000,1244620000,2000
8994,1244620000,1244622000,2000
8995,1244622000,1244624000,2000
8996,1244624000,1244626000,2000
8997,1244626000,1244628000,2000
8998,1244628000,1244630000,2000
8999,1244630000,1244632000,2000
9000,1244632000,1244634000,2000
9001,1244634000,1244636000,2000
9002,1244636000,1244638000,2000
9003,1244638000,1244640000,2000
9004,1244640000,1244642000,2000
9005,1244642000,1244644000,2000
9006,1244644000,1244646000,2000
9007,1244646000,1244648000,2000
9008,1244648000,1244650000,2000
9009,1244650000,1244652000,2000
9010,1244652000,1244654000,2000
9011,1244654000,1244656000,2000
9012,1244656000,1244658000,2000
9013,1244658000,1244660000,2000
9014,1244660000,1244662000,2000
9015,1244662000,1244664000,2000
9016,1244664000,1244666000,2000
9017,1244666000,1244668000,2000
9018,1244668000,1244670000,2000
9019,1244670000,1244672000,2000
9020,1244672000,1244674000,2000
9021,1244674000,1244676000,2000
9022,1244676000,1244678000,2000
9023,1244678000,1244680000,2000
9024,1244680000,1244682000,2000
9025,1244682000,1244684000,2000
9026,1244684000,1244686000,2000
9027,1244686000,1244688000,2000
9028,1244688000,1244690000,2000
9029,1244690000,1244692000,2000
9030,1244692000,1244694000,2000
9031,1244694000,1244696000,2000
9032,1244696000,1244698000,2000
9033,1244698000,1244700000,2000
12900,1244700000,1244702000,2000
12901,1244702000,1244704000,2000
12902,1244704000,1244706000,2000
12903,1244706000,1244708000,2000
12904,1244708000,1244710000,2000
12905,1244710000,1244712000,2000
12906,1244712000,1244714000,2000
12907,1244714000,1244716000,2000
12908,1244716000,1244718000,2000
12909,1244718000,1244720000,2000
12910,1244720000,1244722000,2000
12911,1244722000,1244724000,2000
12912,1244724000,1244726000,2000
12913,1244726000,1244728000,2000
12914,1244728000,1244730000,2000
12915,1244730000,1244732000,2000
12916,1244732000,1244734000,2000
12917,1244734000,1244736000,2000
12918,1244736000,1244738000,2000
12919,1244738000,1244740000,2000
12920,1244740000,1244742000,2000
12921,1244742000,1244744000,2000
12922,1244744000,1244746000,2000
12923,1244746000,1244748000,2000
12924,1244748000,1244750000,2000
12925,1244750000,1244752000,2000
12926,1244752000,1244754000,2000
12927,1244754000,1244756000,2000
12928,1244756000,1244758000,2000
12929,1244758000,1244760000,2000
12930,1244760000,1244762000,2000
12931,1244762000,1244764000,2000
12932,1244764000,1244766000,2000
12933,1244766000,1244768000,2000
12934,1244768000,1244770000,2000
12935,1244770000,1244772000,2000
12936,1244772000,1244774000,2000
12937,1244774000,1244776000,2000
12938,1244776000,1244778000,2000
12939,1244778000,1244780000,2000
12940,1244780000,1244782000,2000
12941,1244782000,1244784000,2000
12942,1244784000,1244786000,2000
12943,1244786000,1244788000,2000
12944,1244788000,1244790000,2000
12945,1244790000,1244792000,2000
12946,1244792000,1244794000,2000
12947,1244794000,1244796000,2000
12948,1244796000,1244798000,2000
12949,1244798000,1244800000,2000
9184,1244800000,1244802000,2000
9185,1244802000,1244804000,2000
9186,1244804000,1244806000,2000
9187,1244806000,1244808000,2000
9188,1244808000,1244810000,2000
9189,1244810000,1244812000,2000
9190,1244812000,1244814000,2000
9191,1244814000,1244816000,2000
9192,1244816000,1244818000,2000
9193,1244818000,1244820000,2000
9194,1244820000,1244822000,2000
9195,1244822000,1244824000,2000
9196,1244824000,1244826000,2000
9197,1244826000,1244828000,2000
9198,1244828000,1244830000,2000
9199,1244830000,1244832000,2000
9200,1244832000,1244834000,2000
9201,1244834000,1244836000,2000
9202,1244836000,1244838000,2000
9203,1244838000,1244840000,2000
9204,1244840000,1244842000,2000
9205,1244842000,1244844000,2000
9206,1244844000,1244846000,2000
9207,1244846000,1244848000,2000
9208,1244848000,1244850000,2000
9209,1244850000,1244852000,2000
9210,1244852000,1244854000,2000
9211,1244854000,1244856000,2000
9212,1244856000,1244858000,2000
9213,1244858000,1244860000,2000
9214,1244860000,1244862000,2000
9215,1244862000,1244864000,2000
9216,1244864000,1244866000,2000
9217,1244866000,1244868000,2000
9218,1244868000,1244870000,2000
9219,1244870000,1244872000,2000
9220,1244872000,1244874000,2000
9221,1244874000,1244876000,2000
9222,1244876000,1244878000,2000
9223,1244878000,1244880000,2000
9224,1244880000,1244882000,2000
9225,1244882000,1244884000,2000
9226,1244884000,1244886000,2000
9227,1244886000,1244888000,2000
9228,1244888000,1244890000,2000
9229,1244890000,1244892000,2000
9230,1244892000,1244894000,2000
9231,1244894000,1244896000,2000
9232,1244896000,1244898000,2000
9233,1244898000,1244900000,2000
6684,1244900000,1244902000,2000
6685,1244902000,1244904000,2000
6686,1244904000,1244906000,2000
6687,1244906000,1244908000,2000
6688,1244908000,1244910000,2000
6689,1244910000,1244912000,2000
6690,1244912000,1244914000,2000
6691,1244914000,1244916000,2000
6692,1244916000,1244918000,2000
6693,1244918000,1244920000,2000
6694,1244920000,1244922000,2000
6695,1244922000,1244924000,2000
6696,1244924000,1244926000,2000
6697,1244926000,1244928000,2000
6698,1244928000,1244930000,2000
6699,1244930000,1244932000,2000
6700,1244932000,1244934000,2000
6701,1244934000,1244936000,2000
6702,1244936000,1244938000,2000
6703,1244938000,1244940000,2000
6704,1244940000,1244942000,2000
6705,1244942000,1244944000,2000
6706,1244944000,1244946000,2000
6707,1244946000,1244948000,2000
6708,1244948000,1244950000,2000
6709,1244950000,1244952000,2000
6710,1244952000,1244954000,2000
6711,1244954000,1244956000,2000
6712,1244956000,1244958000,2000
6713,1244958000,1244960000,2000
6714,1244960000,1244962000,2000
6715,1244962000,1244964000,2000
6716,1244964000,1244966000,2000
6717,1244966000,1244968000,2000
6718,1244968000,1244970000,2000
6719,1244970000,1244972000,2000
6720,1244972000,1244974000,2000
6721,1244974000,1244976000,2000
6722,1244976000,1244978000,2000
6723,1244978000,1244980000,2000
6724,1244980000,1244982000,2000
6725,1244982000,1244984000,2000
6726,1244984000,1244986000,2000
6727,1244986000,1244988000,2000
6728,1244988000,1244990000,2000
6729,1244990000,1244992000,2000
6730,1244992000,1244994000,2000
6731,1244994000,1244996000,2000
6732,1244996000,1244998000,2000
6733,1244998000,1245000000,2000
4232,1245000000,1245002000,2000
4233,1245002000,1245004000,2000
4234,1245004000,1245006000,2000
4235,1245006000,1245008000,2000
4236,1245008000,1245010000,2000
4237,1245010000,1245012000,2000
4238,1245012000,1245014000,2000
4239,1245014000,1245016000,2000
4240,1245016000,1245018000,2000
4241,1245018000,1245020000,2000
4242,1245020000,1245022000,2000
4243,1245022000,1245024000,2000
4244,1245024000,1245026000,2000
4245,1245026000,1245028000,2000
4246,1245028000,1245030000,2000
4247,1245030000,1245032000,2000
4248,1245032000,1245034000,2000
4249,1245034000,1245036000,2000
4250,1245036000,1245038000,2000
4251,1245038000,1245040000,2000
4252,1245040000,1245042000,2000
4253,1245042000,1245044000,2000
4254,1245044000,1245046000,2000
4255,1245046000,1245048000,2000
4256,1245048000,1245050000,2000
4257,1245050000,1245052000,2000
4258,1245052000,1245054000,2000
4259,1245054000,1245056000,2000
4260,1245056000,1245058000,2000
4261,1245058000,1245060000,2000
4262,1245060000,1245062000,2000
4263,1245062000,1245064000,2000
4264,1245064000,1245066000,2000
4265,1245066000,1245068000,2000
4266,1245068000,1245070000,2000
4267,1245070000,1245072000,2000
4268,1245072000,1245074000,2000
4269,1245074000,1245076000,2000
4270,1245076000,1245078000,2000
4271,1245078000,1245080000,2000
4272,1245080000,1245082000,2000
4273,1245082000,1245084000,2000
4274,1245084000,1245086000,2000
4275,1245086000,1245088000,2000
4276,1245088000,1245090000,2000
4277,1245090000,1245092000,2000
4278,1245092000,1245094000,2000
4279,1245094000,1245096000,2000
4280,1245096000,1245098000,2000
4281,1245098000,1245100000,2000
13450,1245100000,1245102000,2000
13451,1245102000,1245104000,2000
13452,1245104000,1245106000,2000
13453,1245106000,1245108000,2000
13454,1245108000,1245110000,2000
13455,1245110000,1245112000,2000
13456,1245112000,1245114000,2000
13457,1245114000,1245116000,2000
13458,1245116000,1245118000,2000
13459,1245118000,1245120000,2000
13460,1245120000,1245122000,2000
13461,1245122000,1245124000,2000
13462,1245124000,1245126000,2000
13463,1245126000,1245128000,2000
13464,1245128000,1245130000,2000
13465,1245130000,1245132000,2000
13466,1245132000,1245134000,2000
13467,1245134000,1245136000,2000
13468,1245136000,1245138000,2000
13469,1245138000,1245140000,2000
13470,1245140000,1245142000,2000
13471,1245142000,1245144000,2000
13472,1245144000,1245146000,2000
13473,1245146000,1245148000,2000
13474,1245148000,1245150000,2000
13475,1245150000,1245152000,2000
13476,1245152000,1245154000,2000
13477,1245154000,1245156000,2000
13478,1245156000,1245158000,2000
13479,1245158000,1245160000,2000
13480,1245160000,1245162000,2000
13481,1245162000,1245164000,2000
13482,1245164000,1245166000,2000
13483,1245166000,1245168000,2000
13484,1245168000,1245170000,2000
13485,1245170000,1245172000,2000
13486,1245172000,1245174000,2000
13487,1245174000,1245176000,2000
13488,1245176000,1245178000,2000
13489,1245178000,1245180000,2000
13490,1245180000,1245182000,2000
13491,1245182000,1245184000,2000
13492,1245184000,1245186000,2000
13493,1245186000,1245188000,2000
13494,1245188000,1245190000,2000
13495,1245190000,1245192000,2000
13496,1245192000,1245194000,2000
13497,1245194000,1245196000,2000
13498,1245196000,1245198000,2000
13499,1245198000,1245200000,2000
9732,1245200000,1245202000,2000
9733,1245202000,1245204000,2000
9734,1245204000,1245206000,2000
9735,1245206000,1245208000,2000
9736,1245208000,1245210000,2000
9737,1245210000,1245212000,2000
9738,1245212000,1245214000,2000
9739,1245214000,1245216000,2000
9740,1245216000,1245218000,2000
9741,1245218000,1245220000,2000
9742,1245220000,1245222000,2000
9743,1245222000,1245224000,2000
9744,1245224000,1245226000,2000
9745,1245226000,1245228000,2000
9746,1245228000,1245230000,2000
9747,1245230000,1245232000,2000
9748,1245232000,1245234000,2000
9749,1245234000,1245236000,2000
9750,1245236000,1245238000,2000
9751,1245238000,1245240000,2000
9752,1245240000,1245242000,2000
9753,1245242000,1245244000,2000
9754,1245244000,1245246000,2000
9755,1245246000,1245248000,2000
9756,1245248000,1245250000,2000
9757,1245250000,1245252000,2000
9758,1245252000,1245254000,2000
9759,1245254000,1245256000,2000
9760,1245256000,1245258000,2000
9761,1245258000,1245260000,2000
9762,1245260000,1245262000,2000
9763,1245262000,1245264000,2000
9764,1245264000,1245266000,2000
9765,1245266000,1245268000,2000
9766,1245268000,1245270000,2000
9767,1245270000,1245272000,2000
9768,1245272000,1245274000,2000
9769,1245274000,1245276000,2000
9770,1245276000,1245278000,2000
9771,1245278000,1245280000,2000
9772,1245280000,1245282000,2000
9773,1245282000,1245284000,2000
9774,1245284000,1245286000,2000
9775,1245286000,1245288000,2000
9776,1245288000,1245290000,2000
9777,1245290000,1245292000,2000
9778,1245292000,1245294000,2000
9779,1245294000,1245296000,2000
9780,1245296000,1245298000,2000
9781,1245298000,1245300000,2000
15450,1245300000,1245302000,2000
15451,1245302000,1245304000,2000
15452,1245304000,1245306000,2000
15453,1245306000,1245308000,2000
15454,1245308000,1245310000,2000
15455,1245310000,1245312000,2000
15456,1245312000,1245314000,2000
15457,1245314000,1245316000,2000
15458,1245316000,1245318000,2000
15459,1245318000,1245320000,2000
15460,1245320000,1245322000,2000
15461,1245322000,1245324000,2000
15462,1245324000,1245326000,2000
15463,1245326000,1245328000,2000
15464,1245328000,1245330000,2000
15465,1245330000,1245332000,2000
15466,1245332000,1245334000,2000
15467,1245334000,1245336000,2000
15468,1245336000,1245338000,2000
15469,1245338000,1245340000,2000
15470,1245340000,1245342000,2000
15471,1245342000,1245344000,2000
15472,1245344000,1245346000,2000
15473,1245346000,1245348000,2000
15474,1245348000,1245350000,2000
15475,1245350000,1245352000,2000
15476,1245352000,1245354000,2000
15477,1245354000,1245356000,2000
15478,1245356000,1245358000,2000
15479,1245358000,1245360000,2000
15480,1245360000,1245362000,2000
15481,1245362000,1245364000,2000
15482,1245364000,1245366000,2000
15483,1245366000,1245368000,2000
15484,1245368000,1245370000,2000
15485,1245370000,1245372000,2000
15486,1245372000,1245374000,2000
15487,1245374000,1245376000,2000
15488,1245376000,1245378000,2000
15489,1245378000,1245380000,2000
15490,1245380000,1245382000,2000
15491,1245382000,1245384000,2000
15492,1245384000,1245386000,2000
15493,1245386000,1245388000,2000
15494,1245388000,1245390000,2000
15495,1245390000,1245392000,2000
15496,1245392000,1245394000,2000
15497,1245394000,1245396000,2000
15498,1245396000,1245398000,2000
15499,1245398000,1245400000,2000
150,1245400000,1245402000,2000
151,1245402000,1245404000,2000
152,1245404000,1245406000,2000
153,1245406000,1245408000,2000
154,1245408000,1245410000,2000
155,1245410000,1245412000,2000
156,1245412000,1245414000,2000
157,1245414000,1245416000,2000
158,1245416000,1245418000,2000
159,1245418000,1245420000,2000
160,1245420000,1245422000,2000
161,1245422000,1245424000,2000
162,1245424000,1245426000,2000
163,1245426000,1245428000,2000
164,1245428000,1245430000,2000
165,1245430000,1245432000,2000
166,1245432000,1245434000,2000
167,1245434000,1245436000,2000
168,1245436000,1245438000,2000
169,1245438000,1245440000,2000
170,1245440000,1245442000,2000
171,1245442000,1245444000,2000
172,1245444000,1245446000,2000
173,1245446000,1245448000,2000
174,1245448000,1245450000,2000
175,1245450000,1245452000,2000
176,1245452000,1245454000,2000
177,1245454000,1245456000,2000
178,1245456000,1245458000,2000
179,1245458000,1245460000,2000
180,1245460000,1245462000,2000
181,1245462000,1245464000,2000
182,1245464000,1245466000,2000
183,1245466000,1245468000,2000
184,1245468000,1245470000,2000
185,1245470000,1245472000,2000
186,1245472000,1245474000,2000
187,1245474000,1245476000,2000
188,1245476000,1245478000,2000
189,1245478000,1245480000,2000
190,1245480000,1245482000,2000
191,1245482000,1245484000,2000
192,1245484000,1245486000,2000
193,1245486000,1245488000,2000
194,1245488000,1245490000,2000
195,1245490000,1245492000,2000
196,1245492000,1245494000,2000
197,1245494000,1245496000,2000
198,1245496000,1245498000,2000
199,1245498000,1245500000,2000
14400,1245500000,1245502000,2000
14401,1245502000,1245504000,2000
14402,1245504000,1245506000,2000
14403,1245506000,1245508000,2000
14404,1245508000,1245510000,2000
14405,1245510000,1245512000,2000
14406,1245512000,1245514000,2000
14407,1245514000,1245516000,2000
14408,1245516000,1245518000,2000
14409,1245518000,1245520000,2000
14410,1245520000,1245522000,2000
14411,1245522000,1245524000,2000
14412,1245524000,1245526000,2000
14413,1245526000,1245528000,2000
14414,1245528000,1245530000,2000
14415,1245530000,1245532000,2000
14416,1245532000,1245534000,2000
14417,1245534000,1245536000,2000
14418,1245536000,1245538000,2000
14419,1245538000,1245540000,2000
14420,1245540000,1245542000,2000
14421,1245542000,1245544000,2000
14422,1245544000,1245546000,2000
14423,1245546000,1245548000,2000
14424,1245548000,1245550000,2000
14425,1245550000,1245552000,2000
14426,1245552000,1245554000,2000
14427,1245554000,1245556000,2000
14428,1245556000,1245558000,2000
14429,1245558000,1245560000,2000
14430,1245560000,1245562000,2000
14431,1245562000,1245564000,2000
14432,1245564000,1245566000,2000
14433,1245566000,1245568000,2000
14434,1245568000,1245570000,2000
14435,1245570000,1245572000,2000
14436,1245572000,1245574000,2000
14437,1245574000,1245576000,2000
14438,1245576000,1245578000,2000
14439,1245578000,1245580000,2000
14440,1245580000,1245582000,2000
14441,1245582000,1245584000,2000
14442,1245584000,1245586000,2000
14443,1245586000,1245588000,2000
14444,1245588000,1245590000,2000
14445,1245590000,1245592000,2000
14446,1245592000,1245594000,2000
14447,1245594000,1245596000,2000
14448,1245596000,1245598000,2000
14449,1245598000,1245600000,2000
14050,1245600000,1245602000,2000
14051,1245602000,1245604000,2000
14052,1245604000,1245606000,2000
14053,1245606000,1245608000,2000
14054,1245608000,1245610000,2000
14055,1245610000,1245612000,2000
14056,1245612000,1245614000,2000
14057,1245614000,1245616000,2000
14058,1245616000,1245618000,2000
14059,1245618000,1245620000,2000
14060,1245620000,1245622000,2000
14061,1245622000,1245624000,2000
14062,1245624000,1245626000,2000
14063,1245626000,1245628000,2000
14064,1245628000,1245630000,2000
14065,1245630000,1245632000,2000
14066,1245632000,1245634000,2000
14067,1245634000,1245636000,2000
14068,1245636000,1245638000,2000
14069,1245638000,1245640000,2000
14070,1245640000,1245642000,2000
14071,1245642000,1245644000,2000
14072,1245644000,1245646000,2000
14073,1245646000,1245648000,2000
14074,1245648000,1245650000,2000
14075,1245650000,1245652000,2000
14076,1245652000,1245654000,2000
14077,1245654000,1245656000,2000
14078,1245656000,1245658000,2000
14079,1245658000,1245660000,2000
14080,1245660000,1245662000,2000
14081,1245662000,1245664000,2000
14082,1245664000,1245666000,2000
14083,1245666000,1245668000,2000
14084,1245668000,1245670000,2000
14085,1245670000,1245672000,2000
14086,1245672000,1245674000,2000
14087,1245674000,1245676000,2000
14088,1245676000,1245678000,2000
14089,1245678000,1245680000,2000
14090,1245680000,1245682000,2000
14091,1245682000,1245684000,2000
14092,1245684000,1245686000,2000
14093,1245686000,1245688000,2000
14094,1245688000,1245690000,2000
14095,1245690000,1245692000,2000
14096,1245692000,1245694000,2000
14097,1245694000,1245696000,2000
14098,1245696000,1245698000,2000
14099,1245698000,1245700000,2000
2082,1245700000,1245702000,2000
2083,1245702000,1245704000,2000
2084,1245704000,1245706000,2000
2085,1245706000,1245708000,2000
2086,1245708000,1245710000,2000
2087,1245710000,1245712000,2000
2088,1245712000,1245714000,2000
2089,1245714000,1245716000,2000
2090,1245716000,1245718000,2000
2091,1245718000,1245720000,2000
2092,1245720000,1245722000,2000
2093,1245722000,1245724000,2000
2094,1245724000,1245726000,2000
2095,1245726000,1245728000,2000
2096,1245728000,1245730000,2000
2097,1245730000,1245732000,2000
2098,1245732000,1245734000,2000
2099,1245734000,1245736000,2000
2100,1245736000,1245738000,2000
2101,1245738000,1245740000,2000
2102,1245740000,1245742000,2000
2103,1245742000,1245744000,2000
2104,1245744000,1245746000,2000
2105,1245746000,1245748000,2000
2106,1245748000,1245750000,2000
2107,1245750000,1245752000,2000
2108,1245752000,1245754000,2000
2109,1245754000,1245756000,2000
2110,1245756000,1245758000,2000
2111,1245758000,1245760000,2000
2112,1245760000,1245762000,2000
2113,1245762000,1245764000,2000
2114,1245764000,1245766000,2000
2115,1245766000,1245768000,2000
2116,1245768000,1245770000,2000
2117,1245770000,1245772000,2000
2118,1245772000,1245774000,2000
2119,1245774000,1245776000,2000
2120,1245776000,1245778000,2000
2121,1245778000,1245780000,2000
2122,1245780000,1245782000,2000
2123,1245782000,1245784000,2000
2124,1245784000,1245786000,2000
2125,1245786000,1245788000,2000
2126,1245788000,1245790000,2000
2127,1245790000,1245792000,2000
2128,1245792000,1245794000,2000
2129,1245794000,1245796000,2000
2130,1245796000,1245798000,2000
2131,1245798000,1245800000,2000
5782,1245800000,1245802000,2000
5783,1245802000,1245804000,2000
5784,1245804000,1245806000,2000
5785,1245806000,1245808000,2000
5786,1245808000,1245810000,2000
5787,1245810000,1245812000,2000
5788,1245812000,1245814000,2000
5789,1245814000,1245816000,2000
5790,1245816000,1245818000,2000
5791,1245818000,1245820000,2000
5792,1245820000,1245822000,2000
5793,1245822000,1245824000,2000
5794,1245824000,1245826000,2000
5795,1245826000,1245828000,2000
5796,1245828000,1245830000,2000
5797,1245830000,1245832000,2000
5798,1245832000,1245834000,2000
5799,1245834000,1245836000,2000
5800,1245836000,1245838000,2000
5801,1245838000,1245840000,2000
5802,1245840000,1245842000,2000
5803,1245842000,1245844000,2000
5804,1245844000,1245846000,2000
5805,1245846000,1245848000,2000
5806,1245848000,1245850000,2000
5807,1245850000,1245852000,2000
5808,1245852000,1245854000,2000
5809,1245854000,1245856000,2000
5810,1245856000,1245858000,2000
5811,1245858000,1245860000,2000
5812,1245860000,1245862000,2000
5813,1245862000,1245864000,2000
5814,1245864000,1245866000,2000
5815,1245866000,1245868000,2000
5816,1245868000,1245870000,2000
5817,1245870000,1245872000,2000
5818,1245872000,1245874000,2000
5819,1245874000,1245876000,2000
5820,1245876000,1245878000,2000
5821,1245878000,1245880000,2000
5822,1245880000,1245882000,2000
5823,1245882000,1245884000,2000
5824,1245884000,1245886000,2000
5825,1245886000,1245888000,2000
5826,1245888000,1245890000,2000
5827,1245890000,1245892000,2000
5828,1245892000,1245894000,2000
5829,1245894000,1245896000,2000
5830,1245896000,1245898000,2000
5831,1245898000,1245900000,2000
2032,1245900000,1245902000,2000
2033,1245902000,1245904000,2000
2034,1245904000,1245906000,2000
2035,1245906000,1245908000,2000
2036,1245908000,1245910000,2000
2037,1245910000,1245912000,2000
2038,1245912000,1245914000,2000
2039,1245914000,1245916000,2000
2040,1245916000,1245918000,2000
2041,1245918000,1245920000,2000
2042,1245920000,1245922000,2000
2043,1245922000,1245924000,2000
2044,1245924000,1245926000,2000
2045,1245926000,1245928000,2000
2046,1245928000,1245930000,2000
2047,1245930000,1245932000,2000
2048,1245932000,1245934000,2000
2049,1245934000,1245936000,2000
2050,1245936000,1245938000,2000
2051,1245938000,1245940000,2000
2052,1245940000,1245942000,2000
2053,1245942000,1245944000,2000
2054,1245944000,1245946000,2000
2055,1245946000,1245948000,2000
2056,1245948000,1245950000,2000
2057,1245950000,1245952000,2000
2058,1245952000,1245954000,2000
2059,1245954000,1245956000,2000
2060,1245956000,1245958000,2000
2061,1245958000,1245960000,2000
2062,1245960000,1245962000,2000
2063,1245962000,1245964000,2000
2064,1245964000,1245966000,2000
2065,1245966000,1245968000,2000
2066,1245968000,1245970000,2000
2067,1245970000,1245972000,2000
2068,1245972000,1245974000,2000
2069,1245974000,1245976000,2000
2070,1245976000,1245978000,2000
2071,1245978000,1245980000,2000
2072,1245980000,1245982000,2000
2073,1245982000,1245984000,2000
2074,1245984000,1245986000,2000
2075,1245986000,1245988000,2000
2076,1245988000,1245990000,2000
2077,1245990000,1245992000,2000
2078,1245992000,1245994000,2000
2079,1245994000,1245996000,2000
2080,1245996000,1245998000,2000
2081,1245998000,1246000000,2000
10632,1246000000,1246002000,2000
10633,1246002000,1246004000,2000
10634,1246004000,1246006000,2000
10635,1246006000,1246008000,2000
10636,1246008000,1246010000,2000
10637,1246010000,1246012000,2000
10638,1246012000,1246014000,2000
10639,1246014000,1246016000,2000
10640,1246016000,1246018000,2000
10641,1246018000,1246020000,2000
10642,1246020000,1246022000,2000
10643,1246022000,1246024000,2000
10644,1246024000,1246026000,2000
10645,1246026000,1246028000,2000
10646,1246028000,1246030000,2000
10647,1246030000,1246032000,2000
10648,1246032000,1246034000,2000
10649,1246034000,1246036000,2000
10650,1246036000,1246038000,2000
10651,1246038000,1246040000,2000
10652,1246040000,1246042000,2000
10653,1246042000,1246044000,2000
10654,1246044000,1246046000,2000
10655,1246046000,1246048000,2000
10656,1246048000,1246050000,2000
10657,1246050000,1246052000,2000
10658,1246052000,1246054000,2000
10659,1246054000,1246056000,2000
10660,1246056000,1246058000,2000
10661,1246058000,1246060000,2000
10662,1246060000,1246062000,2000
10663,1246062000,1246064000,2000
10664,1246064000,1246066000,2000
10665,1246066000,1246068000,2000
10666,1246068000,1246070000,2000
10667,1246070000,1246072000,2000
10668,1246072000,1246074000,2000
10669,1246074000,1246076000,2000
10670,1246076000,1246078000,2000
10671,1246078000,1246080000,2000
10672,1246080000,1246082000,2000
10673,1246082000,1246084000,2000
10674,1246084000,1246086000,2000
10675,1246086000,1246088000,2000
10676,1246088000,1246090000,2000
10677,1246090000,1246092000,2000
10678,1246092000,1246094000,2000
10679,1246094000,1246096000,2000
10680,1246096000,1246098000,2000
10681,1246098000,1246100000,2000
11700,1246100000,1246102000,2000
11701,1246102000,1246104000,2000
11702,1246104000,1246106000,2000
11703,1246106000,1246108000,2000
11704,1246108000,1246110000,2000
11705,1246110000,1246112000,2000
11706,1246112000,1246114000,2000
11707,1246114000,1246116000,2000
11708,1246116000,1246118000,2000
11709,1246118000,1246120000,2000
11710,1246120000,1246122000,2000
11711,1246122000,1246124000,2000
11712,1246124000,1246126000,2000
11713,1246126000,1246128000,2000
11714,1246128000,1246130000,2000
11715,1246130000,1246132000,2000
11716,1246132000,1246134000,2000
11717,1246134000,1246136000,2000
11718,1246136000,1246138000,2000
11719,1246138000,1246140000,2000
11720,1246140000,1246142000,2000
11721,1246142000,1246144000,2000
11722,1246144000,1246146000,2000
11723,1246146000,1246148000,2000
11724,1246148000,1246150000,2000
11725,1246150000,1246152000,2000
11726,1246152000,1246154000,2000
11727,1246154000,1246156000,2000
11728,1246156000,1246158000,2000
11729,1246158000,1246160000,2000
11730,1246160000,1246162000,2000
11731,1246162000,1246164000,2000
11732,1246164000,1246166000,2000
11733,1246166000,1246168000,2000
11734,1246168000,1246170000,2000
11735,1246170000,1246172000,2000
11736,1246172000,1246174000,2000
11737,1246174000,1246176000,2000
11738,1246176000,1246178000,2000
11739,1246178000,1246180000,2000
11740,1246180000,1246182000,2000
11741,1246182000,1246184000,2000
11742,1246184000,1246186000,2000
11743,1246186000,1246188000,2000
11744,1246188000,1246190000,2000
11745,1246190000,1246192000,2000
11746,1246192000,1246194000,2000
11747,1246194000,1246196000,2000
11748,1246196000,1246198000,2000
11749,1246198000,1246200000,2000
4832,1246200000,1246202000,2000
4833,1246202000,1246204000,2000
4834,1246204000,1246206000,2000
4835,1246206000,1246208000,2000
4836,1246208000,1246210000,2000
4837,1246210000,1246212000,2000
4838,1246212000,1246214000,2000
4839,1246214000,1246216000,2000
4840,1246216000,1246218000,2000
4841,1246218000,1246220000,2000
4842,1246220000,1246222000,2000
4843,1246222000,1246224000,2000
4844,1246224000,1246226000,2000
4845,1246226000,1246228000,2000
4846,1246228000,1246230000,2000
4847,1246230000,1246232000,2000
4848,1246232000,1246234000,2000
4849,1246234000,1246236000,2000
4850,1246236000,1246238000,2000
4851,1246238000,1246240000,2000
4852,1246240000,1246242000,2000
4853,1246242000,1246244000,2000
4854,1246244000,1246246000,2000
4855,1246246000,1246248000,2000
4856,1246248000,1246250000,2000
4857,1246250000,1246252000,2000
4858,1246252000,1246254000,2000
4859,1246254000,1246256000,2000
4860,1246256000,1246258000,2000
4861,1246258000,1246260000,2000
4862,1246260000,1246262000,2000
4863,1246262000,1246264000,2000
4864,1246264000,1246266000,2000
4865,1246266000,1246268000,2000
4866,1246268000,1246270000,2000
4867,1246270000,1246272000,2000
4868,1246272000,1246274000,2000
4869,1246274000,1246276000,2000
4870,1246276000,1246278000,2000
4871,1246278000,1246280000,2000
4872,1246280000,1246282000,2000
4873,1246282000,1246284000,2000
4874,1246284000,1246286000,2000
4875,1246286000,1246288000,2000
4876,1246288000,1246290000,2000
4877,1246290000,1246292000,2000
4878,1246292000,1246294000,2000
4879,1246294000,1246296000,2000
4880,1246296000,1246298000,2000
4881,1246298000,1246300000,2000
11082,1246300000,1246302000,2000
11083,1246302000,1246304000,2000
11084,1246304000,1246306000,2000
11085,1246306000,1246308000,2000
11086,1246308000,1246310000,2000
11087,1246310000,1246312000,2000
11088,1246312000,1246314000,2000
11089,1246314000,1246316000,2000
11090,1246316000,1246318000,2000
11091,1246318000,1246320000,2000
11092,1246320000,1246322000,2000
11093,1246322000,1246324000,2000
11094,1246324000,1246326000,2000
11095,1246326000,1246328000,2000
11096,1246328000,1246330000,2000
11097,1246330000,1246332000,2000
11098,1246332000,1246334000,2000
11099,1246334000,1246336000,2000
11100,1246336000,1246338000,2000
11101,1246338000,1246340000,2000
11102,1246340000,1246342000,2000
11103,1246342000,1246344000,2000
11104,1246344000,1246346000,2000
11105,1246346000,1246348000,2000
11106,1246348000,1246350000,2000
11107,1246350000,1246352000,2000
11108,1246352000,1246354000,2000
11109,1246354000,1246356000,2000
11110,1246356000,1246358000,2000
11111,1246358000,1246360000,2000
11112,1246360000,1246362000,2000
11113,1246362000,1246364000,2000
11114,1246364000,1246366000,2000
11115,1246366000,1246368000,2000
11116,1246368000,1246370000,2000
11117,1246370000,1246372000,2000
11118,1246372000,1246374000,2000
11119,1246374000,1246376000,2000
11120,1246376000,1246378000,2000
11121,1246378000,1246380000,2000
11122,1246380000,1246382000,2000
11123,1246382000,1246384000,2000
11124,1246384000,1246386000,2000
11125,1246386000,1246388000,2000
11126,1246388000,1246390000,2000
11127,1246390000,1246392000,2000
11128,1246392000,1246394000,2000
11129,1246394000,1246396000,2000
11130,1246396000,1246398000,2000
11131,1246398000,1246400000,2000
9434,1246400000,1246402000,2000
9435,1246402000,1246404000,2000
9436,1246404000,1246406000,2000
9437,1246406000,1246408000,2000
9438,1246408000,1246410000,2000
9439,1246410000,1246412000,2000
9440,1246412000,1246414000,2000
9441,1246414000,1246416000,2000
9442,1246416000,1246418000,2000
9443,1246418000,1246420000,2000
9444,1246420000,1246422000,2000
9445,1246422000,1246424000,2000
9446,1246424000,1246426000,2000
9447,1246426000,1246428000,2000
9448,1246428000,1246430000,2000
9449,1246430000,1246432000,2000
9450,1246432000,1246434000,2000
9451,1246434000,1246436000,2000
9452,1246436000,1246438000,2000
9453,1246438000,1246440000,2000
9454,1246440000,1246442000,2000
9455,1246442000,1246444000,2000
9456,1246444000,1246446000,2000
9457,1246446000,1246448000,2000
9458,1246448000,1246450000,2000
9459,1246450000,1246452000,2000
9460,1246452000,1246454000,2000
9461,1246454000,1246456000,2000
9462,1246456000,1246458000,2000
9463,1246458000,1246460000,2000
9464,1246460000,1246462000,2000
9465,1246462000,1246464000,2000
9466,1246464000,1246466000,2000
9467,1246466000,1246468000,2000
9468,1246468000,1246470000,2000
9469,1246470000,1246472000,2000
9470,1246472000,1246474000,2000
9471,1246474000,1246476000,2000
9472,1246476000,1246478000,2000
9473,1246478000,1246480000,2000
9474,1246480000,1246482000,2000
9475,1246482000,1246484000,2000
9476,1246484000,1246486000,2000
9477,1246486000,1246488000,2000
9478,1246488000,1246490000,2000
9479,1246490000,1246492000,2000
9480,1246492000,1246494000,2000
9481,1246494000,1246496000,2000
9482,1246496000,1246498000,2000
9483,1246498000,1246500000,2000
14550,1246500000,1246502000,2000
14551,1246502000,1246504000,2000
14552,1246504000,1246506000,2000
14553,1246506000,1246508000,2000
14554,1246508000,1246510000,2000
14555,1246510000,1246512000,2000
14556,1246512000,1246514000,2000
14557,1246514000,1246516000,2000
14558,1246516000,1246518000,2000
14559,1246518000,1246520000,2000
14560,1246520000,1246522000,2000
14561,1246522000,1246524000,2000
14562,1246524000,1246526000,2000
14563,1246526000,1246528000,2000
14564,1246528000,1246530000,2000
14565,1246530000,1246532000,2000
14566,1246532000,1246534000,2000
14567,1246534000,1246536000,2000
14568,1246536000,1246538000,2000
14569,1246538000,1246540000,2000
14570,1246540000,1246542000,2000
14571,1246542000,1246544000,2000
14572,1246544000,1246546000,2000
14573,1246546000,1246548000,2000
14574,1246548000,1246550000,2000
14575,1246550000,1246552000,2000
14576,1246552000,1246554000,2000
14577,1246554000,1246556000,2000
14578,1246556000,1246558000,2000
14579,1246558000,1246560000,2000
14580,1246560000,1246562000,2000
14581,1246562000,1246564000,2000
14582,1246564000,1246566000,2000
14583,1246566000,1246568000,2000
14584,1246568000,1246570000,2000
14585,1246570000,1246572000,2000
14586,1246572000,1246574000,2000
14587,1246574000,1246576000,2000
14588,1246576000,1246578000,2000
14589,1246578000,1246580000,2000
14590,1246580000,1246582000,2000
14591,1246582000,1246584000,2000
14592,1246584000,1246586000,2000
14593,1246586000,1246588000,2000
14594,1246588000,1246590000,2000
14595,1246590000,1246592000,2000
14596,1246592000,1246594000,2000
14597,1246594000,1246596000,2000
14598,1246596000,1246598000,2000
14599,1246598000,1246600000,2000
9582,1246600000,1246602000,2000
9583,1246602000,1246604000,2000
9584,1246604000,1246606000,2000
9585,1246606000,1246608000,2000
9586,1246608000,1246610000,2000
9587,1246610000,1246612000,2000
9588,1246612000,1246614000,2000
9589,1246614000,1246616000,2000
9590,1246616000,1246618000,2000
9591,1246618000,1246620000,2000
9592,1246620000,1246622000,2000
9593,1246622000,1246624000,2000
9594,1246624000,1246626000,2000
9595,1246626000,1246628000,2000
9596,1246628000,1246630000,2000
9597,1246630000,1246632000,2000
9598,1246632000,1246634000,2000
9599,1246634000,1246636000,2000
9600,1246636000,1246638000,2000
9601,1246638000,1246640000,2000
9602,1246640000,1246642000,2000
9603,1246642000,1246644000,2000
9604,1246644000,1246646000,2000
9605,1246646000,1246648000,2000
9606,1246648000,1246650000,2000
9607,1246650000,1246652000,2000
9608,1246652000,1246654000,2000
9609,1246654000,1246656000,2000
9610,1246656000,1246658000,2000
9611,1246658000,1246660000,2000
9612,1246660000,1246662000,2000
9613,1246662000,1246664000,2000
9614,1246664000,1246666000,2000
9615,1246666000,1246668000,2000
9616,1246668000,1246670000,2000
9617,1246670000,1246672000,2000
9618,1246672000,1246674000,2000
9619,1246674000,1246676000,2000
9620,1246676000,1246678000,2000
9621,1246678000,1246680000,2000
9622,1246680000,1246682000,2000
9623,1246682000,1246684000,2000
9624,1246684000,1246686000,2000
9625,1246686000,1246688000,2000
9626,1246688000,1246690000,2000
9627,1246690000,1246692000,2000
9628,1246692000,1246694000,2000
9629,1246694000,1246696000,2000
9630,1246696000,1246698000,2000
9631,1246698000,1246700000,2000
6282,1246700000,1246702000,2000
6283,1246702000,1246704000,2000
6284,1246704000,1246706000,2000
6285,1246706000,1246708000,2000
6286,1246708000,1246710000,2000
6287,1246710000,1246712000,2000
6288,1246712000,1246714000,2000
6289,1246714000,1246716000,2000
6290,1246716000,1246718000,2000
6291,1246718000,1246720000,2000
6292,1246720000,1246722000,2000
6293,1246722000,1246724000,2000
6294,1246724000,1246726000,2000
6295,1246726000,1246728000,2000
6296,1246728000,1246730000,2000
6297,1246730000,1246732000,2000
6298,1246732000,1246734000,2000
6299,1246734000,1246736000,2000
6300,1246736000,1246738000,2000
6301,1246738000,1246740000,2000
6302,1246740000,1246742000,2000
6303,1246742000,1246744000,2000
6304,1246744000,1246746000,2000
6305,1246746000,1246748000,2000
6306,1246748000,1246750000,2000
6307,1246750000,1246752000,2000
6308,1246752000,1246754000,2000
6309,1246754000,1246756000,2000
6310,1246756000,1246758000,2000
6311,1246758000,1246760000,2000
6312,1246760000,1246762000,2000
6313,1246762000,1246764000,2000
6314,1246764000,1246766000,2000
6315,1246766000,1246768000,2000
6316,1246768000,1246770000,2000
6317,1246770000,1246772000,2000
6318,1246772000,1246774000,2000
6319,1246774000,1246776000,2000
6320,1246776000,1246778000,2000
6321,1246778000,1246780000,2000
6322,1246780000,1246782000,2000
6323,1246782000,1246784000,2000
6324,1246784000,1246786000,2000
6325,1246786000,1246788000,2000
6326,1246788000,1246790000,2000
6327,1246790000,1246792000,2000
6328,1246792000,1246794000,2000
6329,1246794000,1246796000,2000
6330,1246796000,1246798000,2000
6331,1246798000,1246800000,2000
9932,1246800000,1246802000,2000
9933,1246802000,1246804000,2000
9934,1246804000,1246806000,2000
9935,1246806000,1246808000,2000
9936,1246808000,1246810000,2000
9937,1246810000,1246812000,2000
9938,1246812000,1246814000,2000
9939,1246814000,1246816000,2000
9940,1246816000,1246818000,2000
9941,1246818000,1246820000,2000
9942,1246820000,1246822000,2000
9943,1246822000,1246824000,2000
9944,1246824000,1246826000,2000
9945,1246826000,1246828000,2000
9946,1246828000,1246830000,2000
9947,1246830000,1246832000,2000
9948,1246832000,1246834000,2000
9949,1246834000,1246836000,2000
9950,1246836000,1246838000,2000
9951,1246838000,1246840000,2000
9952,1246840000,1246842000,2000
9953,1246842000,1246844000,2000
9954,1246844000,1246846000,2000
9955,1246846000,1246848000,2000
9956,1246848000,1246850000,2000
9957,1246850000,1246852000,2000
9958,1246852000,1246854000,2000
9959,1246854000,1246856000,2000
9960,1246856000,1246858000,2000
9961,1246858000,1246860000,2000
9962,1246860000,1246862000,2000
9963,1246862000,1246864000,2000
9964,1246864000,1246866000,2000
9965,1246866000,1246868000,2000
9966,1246868000,1246870000,2000
9967,1246870000,1246872000,2000
9968,1246872000,1246874000,2000
9969,1246874000,1246876000,2000
9970,1246876000,1246878000,2000
9971,1246878000,1246880000,2000
9972,1246880000,1246882000,2000
9973,1246882000,1246884000,2000
9974,1246884000,1246886000,2000
9975,1246886000,1246888000,2000
9976,1246888000,1246890000,2000
9977,1246890000,1246892000,2000
9978,1246892000,1246894000,2000
9979,1246894000,1246896000,2000
9980,1246896000,1246898000,2000
9981,1246898000,1246900000,2000
9334,1246900000,1246902000,2000
9335,1246902000,1246904000,2000
9336,1246904000,1246906000,2000
9337,1246906000,1246908000,2000
9338,1246908000,1246910000,2000
9339,1246910000,1246912000,2000
9340,1246912000,1246914000,2000
9341,1246914000,1246916000,2000
9342,1246916000,1246918000,2000
9343,1246918000,1246920000,2000
9344,1246920000,1246922000,2000
9345,1246922000,1246924000,2000
9346,1246924000,1246926000,2000
9347,1246926000,1246928000,2000
9348,1246928000,1246930000,2000
9349,1246930000,1246932000,2000
9350,1246932000,1246934000,2000
9351,1246934000,1246936000,2000
9352,1246936000,1246938000,2000
9353,1246938000,1246940000,2000
9354,1246940000,1246942000,2000
9355,1246942000,1246944000,2000
9356,1246944000,1246946000,2000
9357,1246946000,1246948000,2000
9358,1246948000,1246950000,2000
9359,1246950000,1246952000,2000
9360,1246952000,1246954000,2000
9361,1246954000,1246956000,2000
9362,1246956000,1246958000,2000
9363,1246958000,1246960000,2000
9364,1246960000,1246962000,2000
9365,1246962000,1246964000,2000
9366,1246964000,1246966000,2000
9367,1246966000,1246968000,2000
9368,1246968000,1246970000,2000
9369,1246970000,1246972000,2000
9370,1246972000,1246974000,2000
9371,1246974000,1246976000,2000
9372,1246976000,1246978000,2000
9373,1246978000,1246980000,2000
9374,1246980000,1246982000,2000
9375,1246982000,1246984000,2000
9376,1246984000,1246986000,2000
9377,1246986000,1246988000,2000
9378,1246988000,1246990000,2000
9379,1246990000,1246992000,2000
9380,1246992000,1246994000,2000
9381,1246994000,1246996000,2000
9382,1246996000,1246998000,2000
9383,1246998000,1247000000,2000
6032,1247000000,1247002000,2000
6033,1247002000,1247004000,2000
6034,1247004000,1247006000,2000
6035,1247006000,1247008000,2000
6036,1247008000,1247010000,2000
6037,1247010000,1247012000,2000
6038,1247012000,1247014000,2000
6039,1247014000,1247016000,2000
6040,1247016000,1247018000,2000
6041,1247018000,1247020000,2000
6042,1247020000,1247022000,2000
6043,1247022000,1247024000,2000
6044,1247024000,1247026000,2000
6045,1247026000,1247028000,2000
6046,1247028000,1247030000,2000
6047,1247030000,1247032000,2000
6048,1247032000,1247034000,2000
6049,1247034000,1247036000,2000
6050,1247036000,1247038000,2000
6051,1247038000,1247040000,2000
6052,1247040000,1247042000,2000
6053,1247042000,1247044000,2000
6054,1247044000,1247046000,2000
6055,1247046000,1247048000,2000
6056,1247048000,1247050000,2000
6057,1247050000,1247052000,2000
6058,1247052000,1247054000,2000
6059,1247054000,1247056000,2000
6060,1247056000,1247058000,2000
6061,1247058000,1247060000,2000
6062,1247060000,1247062000,2000
6063,1247062000,1247064000,2000
6064,1247064000,1247066000,2000
6065,1247066000,1247068000,2000
6066,1247068000,1247070000,2000
6067,1247070000,1247072000,2000
6068,1247072000,1247074000,2000
6069,1247074000,1247076000,2000
6070,1247076000,1247078000,2000
6071,1247078000,1247080000,2000
6072,1247080000,1247082000,2000
6073,1247082000,1247084000,2000
6074,1247084000,1247086000,2000
6075,1247086000,1247088000,2000
6076,1247088000,1247090000,2000
6077,1247090000,1247092000,2000
6078,1247092000,1247094000,2000
6079,1247094000,1247096000,2000
6080,1247096000,1247098000,2000
6081,1247098000,1247100000,2000
10682,1247100000,1247102000,2000
10683,1247102000,1247104000,2000
10684,1247104000,1247106000,2000
10685,1247106000,1247108000,2000
10686,1247108000,1247110000,2000
10687,1247110000,1247112000,2000
10688,1247112000,1247114000,2000
10689,1247114000,1247116000,2000
10690,1247116000,1247118000,2000
10691,1247118000,1247120000,2000
10692,1247120000,1247122000,2000
10693,1247122000,1247124000,2000
10694,1247124000,1247126000,2000
10695,1247126000,1247128000,2000
10696,1247128000,1247130000,2000
10697,1247130000,1247132000,2000
10698,1247132000,1247134000,2000
10699,1247134000,1247136000,2000
10700,1247136000,1247138000,2000
10701,1247138000,1247140000,2000
10702,1247140000,1247142000,2000
10703,1247142000,1247144000,2000
10704,1247144000,1247146000,2000
10705,1247146000,1247148000,2000
10706,1247148000,1247150000,2000
10707,1247150000,1247152000,2000
10708,1247152000,1247154000,2000
10709,1247154000,1247156000,2000
10710,1247156000,1247158000,2000
10711,1247158000,1247160000,2000
10712,1247160000,1247162000,2000
10713,1247162000,1247164000,2000
10714,1247164000,1247166000,2000
10715,1247166000,1247168000,2000
10716,1247168000,1247170000,2000
10717,1247170000,1247172000,2000
10718,1247172000,1247174000,2000
10719,1247174000,1247176000,2000
10720,1247176000,1247178000,2000
10721,1247178000,1247180000,2000
10722,1247180000,1247182000,2000
10723,1247182000,1247184000,2000
10724,1247184000,1247186000,2000
10725,1247186000,1247188000,2000
10726,1247188000,1247190000,2000
10727,1247190000,1247192000,2000
10728,1247192000,1247194000,2000
10729,1247194000,1247196000,2000
10730,1247196000,1247198000,2000
10731,1247198000,1247200000,2000
14600,1247200000,1247202000,2000
14601,1247202000,1247204000,2000
14602,1247204000,1247206000,2000
14603,1247206000,1247208000,2000
14604,1247208000,1247210000,2000
14605,1247210000,1247212000,2000
14606,1247212000,1247214000,2000
14607,1247214000,1247216000,2000
14608,1247216000,1247218000,2000
14609,1247218000,1247220000,2000
14610,1247220000,1247222000,2000
14611,1247222000,1247224000,2000
14612,1247224000,1247226000,2000
14613,1247226000,1247228000,2000
14614,1247228000,1247230000,2000
14615,1247230000,1247232000,2000
14616,1247232000,1247234000,2000
14617,1247234000,1247236000,2000
14618,1247236000,1247238000,2000
14619,1247238000,1247240000,2000
14620,1247240000,1247242000,2000
14621,1247242000,1247244000,2000
14622,1247244000,1247246000,2000
14623,1247246000,1247248000,2000
14624,1247248000,1247250000,2000
14625,1247250000,1247252000,2000
14626,1247252000,1247254000,2000
14627,1247254000,1247256000,2000
14628,1247256000,1247258000,2000
14629,1247258000,1247260000,2000
14630,1247260000,1247262000,2000
14631,1247262000,1247264000,2000
14632,1247264000,1247266000,2000
14633,1247266000,1247268000,2000
14634,1247268000,1247270000,2000
14635,1247270000,1247272000,2000
14636,1247272000,1247274000,2000
14637,1247274000,1247276000,2000
14638,1247276000,1247278000,2000
14639,1247278000,1247280000,2000
14640,1247280000,1247282000,2000
14641,1247282000,1247284000,2000
14642,1247284000,1247286000,2000
14643,1247286000,1247288000,2000
14644,1247288000,1247290000,2000
14645,1247290000,1247292000,2000
14646,1247292000,1247294000,2000
14647,1247294000,1247296000,2000
14648,1247296000,1247298000,2000
14649,1247298000,1247300000,2000
5982,1247300000,1247302000,2000
5983,1247302000,1247304000,2000
5984,1247304000,1247306000,2000
5985,1247306000,1247308000,2000
5986,1247308000,1247310000,2000
5987,1247310000,1247312000,2000
5988,1247312000,1247314000,2000
5989,1247314000,1247316000,2000
5990,1247316000,1247318000,2000
5991,1247318000,1247320000,2000
5992,1247320000,1247322000,2000
5993,1247322000,1247324000,2000
5994,1247324000,1247326000,2000
5995,1247326000,1247328000,2000
5996,1247328000,1247330000,2000
5997,1247330000,1247332000,2000
5998,1247332000,1247334000,2000
5999,1247334000,1247336000,2000
6000,1247336000,1247338000,2000
6001,1247338000,1247340000,2000
6002,1247340000,1247342000,2000
6003,1247342000,1247344000,2000
6004,1247344000,1247346000,2000
6005,1247346000,1247348000,2000
6006,1247348000,1247350000,2000
6007,1247350000,1247352000,2000
6008,1247352000,1247354000,2000
6009,1247354000,1247356000,2000
6010,1247356000,1247358000,2000
6011,1247358000,1247360000,2000
6012,1247360000,1247362000,2000
6013,1247362000,1247364000,2000
6014,1247364000,1247366000,2000
6015,1247366000,1247368000,2000
6016,1247368000,1247370000,2000
6017,1247370000,1247372000,2000
6018,1247372000,1247374000,2000
6019,1247374000,1247376000,2000
6020,1247376000,1247378000,2000
6021,1247378000,1247380000,2000
6022,1247380000,1247382000,2000
6023,1247382000,1247384000,2000
6024,1247384000,1247386000,2000
6025,1247386000,1247388000,2000
6026,1247388000,1247390000,2000
6027,1247390000,1247392000,2000
6028,1247392000,1247394000,2000
6029,1247394000,1247396000,2000
6030,1247396000,1247398000,2000
6031,1247398000,1247400000,2000
11450,1247400000,1247402000,2000
11451,1247402000,1247404000,2000
11452,1247404000,1247406000,2000
11453,1247406000,1247408000,2000
11454,1247408000,1247410000,2000
11455,1247410000,1247412000,2000
11456,1247412000,1247414000,2000
11457,1247414000,1247416000,2000
11458,1247416000,1247418000,2000
11459,1247418000,1247420000,2000
11460,1247420000,1247422000,2000
11461,1247422000,1247424000,2000
11462,1247424000,1247426000,2000
11463,1247426000,1247428000,2000
11464,1247428000,1247430000,2000
11465,1247430000,1247432000,2000
11466,1247432000,1247434000,2000
11467,1247434000,1247436000,2000
11468,1247436000,1247438000,2000
11469,1247438000,1247440000,2000
11470,1247440000,1247442000,2000
11471,1247442000,1247444000,2000
11472,1247444000,1247446000,2000
11473,1247446000,1247448000,2000
11474,1247448000,1247450000,2000
11475,1247450000,1247452000,2000
11476,1247452000,1247454000,2000
11477,1247454000,1247456000,2000
11478,1247456000,1247458000,2000
11479,1247458000,1247460000,2000
11480,1247460000,1247462000,2000
11481,1247462000,1247464000,2000
11482,1247464000,1247466000,2000
11483,1247466000,1247468000,2000
11484,1247468000,1247470000,2000
11485,1247470000,1247472000,2000
11486,1247472000,1247474000,2000
11487,1247474000,1247476000,2000
11488,1247476000,1247478000,2000
11489,1247478000,1247480000,2000
11490,1247480000,1247482000,2000
11491,1247482000,1247484000,2000
11492,1247484000,1247486000,2000
11493,1247486000,1247488000,2000
11494,1247488000,1247490000,2000
11495,1247490000,1247492000,2000
11496,1247492000,1247494000,2000
11497,1247494000,1247496000,2000
11498,1247496000,1247498000,2000
11499,1247498000,1247500000,2000
12500,1247500000,1247502000,2000
12501,1247502000,1247504000,2000
12502,1247504000,1247506000,2000
12503,1247506000,1247508000,2000
12504,1247508000,1247510000,2000
12505,1247510000,1247512000,2000
12506,1247512000,1247514000,2000
12507,1247514000,1247516000,2000
12508,1247516000,1247518000,2000
12509,1247518000,1247520000,2000
12510,1247520000,1247522000,2000
12511,1247522000,1247524000,2000
12512,1247524000,1247526000,2000
12513,1247526000,1247528000,2000
12514,1247528000,1247530000,2000
12515,1247530000,1247532000,2000
12516,1247532000,1247534000,2000
12517,1247534000,1247536000,2000
12518,1247536000,1247538000,2000
12519,1247538000,1247540000,2000
12520,1247540000,1247542000,2000
12521,1247542000,1247544000,2000
12522,1247544000,1247546000,2000
12523,1247546000,1247548000,2000
12524,1247548000,1247550000,2000
12525,1247550000,1247552000,2000
12526,1247552000,1247554000,2000
12527,1247554000,1247556000,2000
12528,1247556000,1247558000,2000
12529,1247558000,1247560000,2000
12530,1247560000,1247562000,2000
12531,1247562000,1247564000,2000
12532,1247564000,1247566000,2000
12533,1247566000,1247568000,2000
12534,1247568000,1247570000,2000
12535,1247570000,1247572000,2000
12536,1247572000,1247574000,2000
12537,1247574000,1247576000,2000
12538,1247576000,1247578000,2000
12539,1247578000,1247580000,2000
12540,1247580000,1247582000,2000
12541,1247582000,1247584000,2000
12542,1247584000,1247586000,2000
12543,1247586000,1247588000,2000
12544,1247588000,1247590000,2000
12545,1247590000,1247592000,2000
12546,1247592000,1247594000,2000
12547,1247594000,1247596000,2000
12548,1247596000,1247598000,2000
12549,1247598000,1247600000,2000
4782,1247600000,1247602000,2000
4783,1247602000,1247604000,2000
4784,1247604000,1247606000,2000
4785,1247606000,1247608000,2000
4786,1247608000,1247610000,2000
4787,1247610000,1247612000,2000
4788,1247612000,1247614000,2000
4789,1247614000,1247616000,2000
4790,1247616000,1247618000,2000
4791,1247618000,1247620000,2000
4792,1247620000,1247622000,2000
4793,1247622000,1247624000,2000
4794,1247624000,1247626000,2000
4795,1247626000,1247628000,2000
4796,1247628000,1247630000,2000
4797,1247630000,1247632000,2000
4798,1247632000,1247634000,2000
4799,1247634000,1247636000,2000
4800,1247636000,1247638000,2000
4801,1247638000,1247640000,2000
4802,1247640000,1247642000,2000
4803,1247642000,1247644000,2000
4804,1247644000,1247646000,2000
4805,1247646000,1247648000,2000
4806,1247648000,1247650000,2000
4807,1247650000,1247652000,2000
4808,1247652000,1247654000,2000
4809,1247654000,1247656000,2000
4810,1247656000,1247658000,2000
4811,1247658000,1247660000,2000
4812,1247660000,1247662000,2000
4813,1247662000,1247664000,2000
4814,1247664000,1247666000,2000
4815,1247666000,1247668000,2000
4816,1247668000,1247670000,2000
4817,1247670000,1247672000,2000
4818,1247672000,1247674000,2000
4819,1247674000,1247676000,2000
4820,1247676000,1247678000,2000
4821,1247678000,1247680000,2000
4822,1247680000,1247682000,2000
4823,1247682000,1247684000,2000
4824,1247684000,1247686000,2000
4825,1247686000,1247688000,2000
4826,1247688000,1247690000,2000
4827,1247690000,1247692000,2000
4828,1247692000,1247694000,2000
4829,1247694000,1247696000,2000
4830,1247696000,1247698000,2000
4831,1247698000,1247700000,2000
5532,1247700000,1247702000,2000
5533,1247702000,1247704000,2000
5534,1247704000,1247706000,2000
5535,1247706000,1247708000,2000
5536,1247708000,1247710000,2000
5537,1247710000,1247712000,2000
5538,1247712000,1247714000,2000
5539,1247714000,1247716000,2000
5540,1247716000,1247718000,2000
5541,1247718000,1247720000,2000
5542,1247720000,1247722000,2000
5543,1247722000,1247724000,2000
5544,1247724000,1247726000,2000
5545,1247726000,1247728000,2000
5546,1247728000,1247730000,2000
5547,1247730000,1247732000,2000
5548,1247732000,1247734000,2000
5549,1247734000,1247736000,2000
5550,1247736000,1247738000,2000
5551,1247738000,1247740000,2000
5552,1247740000,1247742000,2000
5553,1247742000,1247744000,2000
5554,1247744000,1247746000,2000
5555,1247746000,1247748000,2000
5556,1247748000,1247750000,2000
5557,1247750000,1247752000,2000
5558,1247752000,1247754000,2000
5559,1247754000,1247756000,2000
5560,1247756000,1247758000,2000
5561,1247758000,1247760000,2000
5562,1247760000,1247762000,2000
5563,1247762000,1247764000,2000
5564,1247764000,1247766000,2000
5565,1247766000,1247768000,2000
5566,1247768000,1247770000,2000
5567,1247770000,1247772000,2000
5568,1247772000,1247774000,2000
5569,1247774000,1247776000,2000
5570,1247776000,1247778000,2000
5571,1247778000,1247780000,2000
5572,1247780000,1247782000,2000
5573,1247782000,1247784000,2000
5574,1247784000,1247786000,2000
5575,1247786000,1247788000,2000
5576,1247788000,1247790000,2000
5577,1247790000,1247792000,2000
5578,1247792000,1247794000,2000
5579,1247794000,1247796000,2000
5580,1247796000,1247798000,2000
5581,1247798000,1247800000,2000
550,1247800000,1247802000,2000
551,1247802000,1247804000,2000
552,1247804000,1247806000,2000
553,1247806000,1247808000,2000
554,1247808000,1247810000,2000
555,1247810000,1247812000,2000
556,1247812000,1247814000,2000
557,1247814000,1247816000,2000
558,1247816000,1247818000,2000
559,1247818000,1247820000,2000
560,1247820000,1247822000,2000
561,1247822000,1247824000,2000
562,1247824000,1247826000,2000
563,1247826000,1247828000,2000
564,1247828000,1247830000,2000
565,1247830000,1247832000,2000
566,1247832000,1247834000,2000
567,1247834000,1247836000,2000
568,1247836000,1247838000,2000
569,1247838000,1247840000,2000
570,1247840000,1247842000,2000
571,1247842000,1247844000,2000
572,1247844000,1247846000,2000
573,1247846000,1247848000,2000
574,1247848000,1247850000,2000
575,1247850000,1247852000,2000
576,1247852000,1247854000,2000
577,1247854000,1247856000,2000
578,1247856000,1247858000,2000
579,1247858000,1247860000,2000
580,1247860000,1247862000,2000
581,1247862000,1247864000,2000
582,1247864000,1247866000,2000
583,1247866000,1247868000,2000
584,1247868000,1247870000,2000
585,1247870000,1247872000,2000
586,1247872000,1247874000,2000
587,1247874000,1247876000,2000
588,1247876000,1247878000,2000
589,1247878000,1247880000,2000
590,1247880000,1247882000,2000
591,1247882000,1247884000,2000
592,1247884000,1247886000,2000
593,1247886000,1247888000,2000
594,1247888000,1247890000,2000
595,1247890000,1247892000,2000
596,1247892000,1247894000,2000
597,1247894000,1247896000,2000
598,1247896000,1247898000,2000
599,1247898000,1247900000,2000
14700,1247900000,1247902000,2000
14701,1247902000,1247904000,2000
14702,1247904000,1247906000,2000
14703,1247906000,1247908000,2000
14704,1247908000,1247910000,2000
14705,1247910000,1247912000,2000
14706,1247912000,1247914000,2000
14707,1247914000,1247916000,2000
14708,1247916000,1247918000,2000
14709,1247918000,1247920000,2000
14710,1247920000,1247922000,2000
14711,1247922000,1247924000,2000
14712,1247924000,1247926000,2000
14713,1247926000,1247928000,2000
14714,1247928000,1247930000,2000
14715,1247930000,1247932000,2000
14716,1247932000,1247934000,2000
14717,1247934000,1247936000,2000
14718,1247936000,1247938000,2000
14719,1247938000,1247940000,2000
14720,1247940000,1247942000,2000
14721,1247942000,1247944000,2000
14722,1247944000,1247946000,2000
14723,1247946000,1247948000,2000
14724,1247948000,1247950000,2000
14725,1247950000,1247952000,2000
14726,1247952000,1247954000,2000
14727,1247954000,1247956000,2000
14728,1247956000,1247958000,2000
14729,1247958000,1247960000,2000
14730,1247960000,1247962000,2000
14731,1247962000,1247964000,2000
14732,1247964000,1247966000,2000
14733,1247966000,1247968000,2000
14734,1247968000,1247970000,2000
14735,1247970000,1247972000,2000
14736,1247972000,1247974000,2000
14737,1247974000,1247976000,2000
14738,1247976000,1247978000,2000
14739,1247978000,1247980000,2000
14740,1247980000,1247982000,2000
14741,1247982000,1247984000,2000
14742,1247984000,1247986000,2000
14743,1247986000,1247988000,2000
14744,1247988000,1247990000,2000
14745,1247990000,1247992000,2000
14746,1247992000,1247994000,2000
14747,1247994000,1247996000,2000
14748,1247996000,1247998000,2000
14749,1247998000,1248000000,2000
3232,1248000000,1248002000,2000
3233,1248002000,1248004000,2000
3234,1248004000,1248006000,2000
3235,1248006000,1248008000,2000
3236,1248008000,1248010000,2000
3237,1248010000,1248012000,2000
3238,1248012000,1248014000,2000
3239,1248014000,1248016000,2000
3240,1248016000,1248018000,2000
3241,1248018000,1248020000,2000
3242,1248020000,1248022000,2000
3243,1248022000,1248024000,2000
3244,1248024000,1248026000,2000
3245,1248026000,1248028000,2000
3246,1248028000,1248030000,2000
3247,1248030000,1248032000,2000
3248,1248032000,1248034000,2000
3249,1248034000,1248036000,2000
3250,1248036000,1248038000,2000
3251,1248038000,1248040000,2000
3252,1248040000,1248042000,2000
3253,1248042000,1248044000,2000
3254,1248044000,1248046000,2000
3255,1248046000,1248048000,2000
3256,1248048000,1248050000,2000
3257,1248050000,1248052000,2000
3258,1248052000,1248054000,2000
3259,1248054000,1248056000,2000
3260,1248056000,1248058000,2000
3261,1248058000,1248060000,2000
3262,1248060000,1248062000,2000
3263,1248062000,1248064000,2000
3264,1248064000,1248066000,2000
3265,1248066000,1248068000,2000
3266,1248068000,1248070000,2000
3267,1248070000,1248072000,2000
3268,1248072000,1248074000,2000
3269,1248074000,1248076000,2000
3270,1248076000,1248078000,2000
3271,1248078000,1248080000,2000
3272,1248080000,1248082000,2000
3273,1248082000,1248084000,2000
3274,1248084000,1248086000,2000
3275,1248086000,1248088000,2000
3276,1248088000,1248090000,2000
3277,1248090000,1248092000,2000
3278,1248092000,1248094000,2000
3279,1248094000,1248096000,2000
3280,1248096000,1248098000,2000
3281,1248098000,1248100000,2000
2532,1248100000,1248102000,2000
2533,1248102000,1248104000,2000
2534,1248104000,1248106000,2000
2535,1248106000,1248108000,2000
2536,1248108000,1248110000,2000
2537,1248110000,1248112000,2000
2538,1248112000,1248114000,2000
2539,1248114000,1248116000,2000
2540,1248116000,1248118000,2000
2541,1248118000,1248120000,2000
2542,1248120000,1248122000,2000
2543,1248122000,1248124000,2000
2544,1248124000,1248126000,2000
2545,1248126000,1248128000,2000
2546,1248128000,1248130000,2000
2547,1248130000,1248132000,2000
2548,1248132000,1248134000,2000
2549,1248134000,1248136000,2000
2550,1248136000,1248138000,2000
2551,1248138000,1248140000,2000
2552,1248140000,1248142000,2000
2553,1248142000,1248144000,2000
2554,1248144000,1248146000,2000
2555,1248146000,1248148000,2000
2556,1248148000,1248150000,2000
2557,1248150000,1248152000,2000
2558,1248152000,1248154000,2000
2559,1248154000,1248156000,2000
2560,1248156000,1248158000,2000
2561,1248158000,1248160000,2000
2562,1248160000,1248162000,2000
2563,1248162000,1248164000,2000
2564,1248164000,1248166000,2000
2565,1248166000,1248168000,2000
2566,1248168000,1248170000,2000
2567,1248170000,1248172000,2000
2568,1248172000,1248174000,2000
2569,1248174000,1248176000,2000
2570,1248176000,1248178000,2000
2571,1248178000,1248180000,2000
2572,1248180000,1248182000,2000
2573,1248182000,1248184000,2000
2574,1248184000,1248186000,2000
2575,1248186000,1248188000,2000
2576,1248188000,1248190000,2000
2577,1248190000,1248192000,2000
2578,1248192000,1248194000,2000
2579,1248194000,1248196000,2000
2580,1248196000,1248198000,2000
2581,1248198000,1248200000,2000
9632,1248200000,1248202000,2000
9633,1248202000,1248204000,2000
9634,1248204000,1248206000,2000
9635,1248206000,1248208000,2000
9636,1248208000,1248210000,2000
9637,1248210000,1248212000,2000
9638,1248212000,1248214000,2000
9639,1248214000,1248216000,2000
9640,1248216000,1248218000,2000
9641,1248218000,1248220000,2000
9642,1248220000,1248222000,2000
9643,1248222000,1248224000,2000
9644,1248224000,1248226000,2000
9645,1248226000,1248228000,2000
9646,1248228000,1248230000,2000
9647,1248230000,1248232000,2000
9648,1248232000,1248234000,2000
9649,1248234000,1248236000,2000
9650,1248236000,1248238000,2000
9651,1248238000,1248240000,2000
9652,1248240000,1248242000,2000
9653,1248242000,1248244000,2000
9654,1248244000,1248246000,2000
9655,1248246000,1248248000,2000
9656,1248248000,1248250000,2000
9657,1248250000,1248252000,2000
9658,1248252000,1248254000,2000
9659,1248254000,1248256000,2000
9660,1248256000,1248258000,2000
9661,1248258000,1248260000,2000
9662,1248260000,1248262000,2000
9663,1248262000,1248264000,2000
9664,1248264000,1248266000,2000
9665,1248266000,1248268000,2000
9666,1248268000,1248270000,2000
9667,1248270000,1248272000,2000
9668,1248272000,1248274000,2000
9669,1248274000,1248276000,2000
9670,1248276000,1248278000,2000
9671,1248278000,1248280000,2000
9672,1248280000,1248282000,2000
9673,1248282000,1248284000,2000
9674,1248284000,1248286000,2000
9675,1248286000,1248288000,2000
9676,1248288000,1248290000,2000
9677,1248290000,1248292000,2000
9678,1248292000,1248294000,2000
9679,1248294000,1248296000,2000
9680,1248296000,1248298000,2000
9681,1248298000,1248300000,2000
9532,1248300000,1248302000,2000
9533,1248302000,1248304000,2000
9534,1248304000,1248306000,2000
9535,1248306000,1248308000,2000
9536,1248308000,1248310000,2000
9537,1248310000,1248312000,2000
9538,1248312000,1248314000,2000
9539,1248314000,1248316000,2000
9540,1248316000,1248318000,2000
9541,1248318000,1248320000,2000
9542,1248320000,1248322000,2000
9543,1248322000,1248324000,2000
9544,1248324000,1248326000,2000
9545,1248326000,1248328000,2000
9546,1248328000,1248330000,2000
9547,1248330000,1248332000,2000
9548,1248332000,1248334000,2000
9549,1248334000,1248336000,2000
9550,1248336000,1248338000,2000
9551,1248338000,1248340000,2000
9552,1248340000,1248342000,2000
9553,1248342000,1248344000,2000
9554,1248344000,1248346000,2000
9555,1248346000,1248348000,2000
9556,1248348000,1248350000,2000
9557,1248350000,1248352000,2000
9558,1248352000,1248354000,2000
9559,1248354000,1248356000,2000
9560,1248356000,1248358000,2000
9561,1248358000,1248360000,2000
9562,1248360000,1248362000,2000
9563,1248362000,1248364000,2000
9564,1248364000,1248366000,2000
9565,1248366000,1248368000,2000
9566,1248368000,1248370000,2000
9567,1248370000,1248372000,2000
9568,1248372000,1248374000,2000
9569,1248374000,1248376000,2000
9570,1248376000,1248378000,2000
9571,1248378000,1248380000,2000
9572,1248380000,1248382000,2000
9573,1248382000,1248384000,2000
9574,1248384000,1248386000,2000
9575,1248386000,1248388000,2000
9576,1248388000,1248390000,2000
9577,1248390000,1248392000,2000
9578,1248392000,1248394000,2000
9579,1248394000,1248396000,2000
9580,1248396000,1248398000,2000
9581,1248398000,1248400000,2000
14200,1248400000,1248402000,2000
14201,1248402000,1248404000,2000
14202,1248404000,1248406000,2000
14203,1248406000,1248408000,2000
14204,1248408000,1248410000,2000
14205,1248410000,1248412000,2000
14206,1248412000,1248414000,2000
14207,1248414000,1248416000,2000
14208,1248416000,1248418000,2000
14209,1248418000,1248420000,2000
14210,1248420000,1248422000,2000
14211,1248422000,1248424000,2000
14212,1248424000,1248426000,2000
14213,1248426000,1248428000,2000
14214,1248428000,1248430000,2000
14215,1248430000,1248432000,2000
14216,1248432000,1248434000,2000
14217,1248434000,1248436000,2000
14218,1248436000,1248438000,2000
14219,1248438000,1248440000,2000
14220,1248440000,1248442000,2000
14221,1248442000,1248444000,2000
14222,1248444000,1248446000,2000
14223,1248446000,1248448000,2000
14224,1248448000,1248450000,2000
14225,1248450000,1248452000,2000
14226,1248452000,1248454000,2000
14227,1248454000,1248456000,2000
14228,1248456000,1248458000,2000
14229,1248458000,1248460000,2000
14230,1248460000,1248462000,2000
14231,1248462000,1248464000,2000
14232,1248464000,1248466000,2000
14233,1248466000,1248468000,2000
14234,1248468000,1248470000,2000
14235,1248470000,1248472000,2000
14236,1248472000,1248474000,2000
14237,1248474000,1248476000,2000
14238,1248476000,1248478000,2000
14239,1248478000,1248480000,2000
14240,1248480000,1248482000,2000
14241,1248482000,1248484000,2000
14242,1248484000,1248486000,2000
14243,1248486000,1248488000,2000
14244,1248488000,1248490000,2000
14245,1248490000,1248492000,2000
14246,1248492000,1248494000,2000
14247,1248494000,1248496000,2000
14248,1248496000,1248498000,2000
14249,1248498000,1248500000,2000
12300,1248500000,1248502000,2000
12301,1248502000,1248504000,2000
12302,1248504000,1248506000,2000
12303,1248506000,1248508000,2000
12304,1248508000,1248510000,2000
12305,1248510000,1248512000,2000
12306,1248512000,1248514000,2000
12307,1248514000,1248516000,2000
12308,1248516000,1248518000,2000
12309,1248518000,1248520000,2000
12310,1248520000,1248522000,2000
12311,1248522000,1248524000,2000
12312,1248524000,1248526000,2000
12313,1248526000,1248528000,2000
12314,1248528000,1248530000,2000
12315,1248530000,1248532000,2000
12316,1248532000,1248534000,2000
12317,1248534000,1248536000,2000
12318,1248536000,1248538000,2000
12319,1248538000,1248540000,2000
12320,1248540000,1248542000,2000
12321,1248542000,1248544000,2000
12322,1248544000,1248546000,2000
12323,1248546000,1248548000,2000
12324,1248548000,1248550000,2000
12325,1248550000,1248552000,2000
12326,1248552000,1248554000,2000
12327,1248554000,1248556000,2000
12328,1248556000,1248558000,2000
12329,1248558000,1248560000,2000
12330,1248560000,1248562000,2000
12331,1248562000,1248564000,2000
12332,1248564000,1248566000,2000
12333,1248566000,1248568000,2000
12334,1248568000,1248570000,2000
12335,1248570000,1248572000,2000
12336,1248572000,1248574000,2000
12337,1248574000,1248576000,2000
12338,1248576000,1248578000,2000
12339,1248578000,1248580000,2000
12340,1248580000,1248582000,2000
12341,1248582000,1248584000,2000
12342,1248584000,1248586000,2000
12343,1248586000,1248588000,2000
12344,1248588000,1248590000,2000
12345,1248590000,1248592000,2000
12346,1248592000,1248594000,2000
12347,1248594000,1248596000,2000
12348,1248596000,1248598000,2000
12349,1248598000,1248600000,2000
6934,1248600000,1248602000,2000
6935,1248602000,1248604000,2000
6936,1248604000,1248606000,2000
6937,1248606000,1248608000,2000
6938,1248608000,1248610000,2000
6939,1248610000,1248612000,2000
6940,1248612000,1248614000,2000
6941,1248614000,1248616000,2000
6942,1248616000,1248618000,2000
6943,1248618000,1248620000,2000
6944,1248620000,1248622000,2000
6945,1248622000,1248624000,2000
6946,1248624000,1248626000,2000
6947,1248626000,1248628000,2000
6948,1248628000,1248630000,2000
6949,1248630000,1248632000,2000
6950,1248632000,1248634000,2000
6951,1248634000,1248636000,2000
6952,1248636000,1248638000,2000
6953,1248638000,1248640000,2000
6954,1248640000,1248642000,2000
6955,1248642000,1248644000,2000
6956,1248644000,1248646000,2000
6957,1248646000,1248648000,2000
6958,1248648000,1248650000,2000
6959,1248650000,1248652000,2000
6960,1248652000,1248654000,2000
6961,1248654000,1248656000,2000
6962,1248656000,1248658000,2000
6963,1248658000,1248660000,2000
6964,1248660000,1248662000,2000
6965,1248662000,1248664000,2000
6966,1248664000,1248666000,2000
6967,1248666000,1248668000,2000
6968,1248668000,1248670000,2000
6969,1248670000,1248672000,2000
6970,1248672000,1248674000,2000
6971,1248674000,1248676000,2000
6972,1248676000,1248678000,2000
6973,1248678000,1248680000,2000
6974,1248680000,1248682000,2000
6975,1248682000,1248684000,2000
6976,1248684000,1248686000,2000
6977,1248686000,1248688000,2000
6978,1248688000,1248690000,2000
6979,1248690000,1248692000,2000
6980,1248692000,1248694000,2000
6981,1248694000,1248696000,2000
6982,1248696000,1248698000,2000
6983,1248698000,1248700000,2000
7134,1248700000,1248702000,2000
7135,1248702000,1248704000,2000
7136,1248704000,1248706000,2000
7137,1248706000,1248708000,2000
7138,1248708000,1248710000,2000
7139,1248710000,1248712000,2000
7140,1248712000,1248714000,2000
7141,1248714000,1248716000,2000
7142,1248716000,1248718000,2000
7143,1248718000,1248720000,2000
7144,1248720000,1248722000,2000
7145,1248722000,1248724000,2000
7146,1248724000,1248726000,2000
7147,1248726000,1248728000,2000
7148,1248728000,1248730000,2000
7149,1248730000,1248732000,2000
7150,1248732000,1248734000,2000
7151,1248734000,1248736000,2000
7152,1248736000,1248738000,2000
7153,1248738000,1248740000,2000
7154,1248740000,1248742000,2000
7155,1248742000,1248744000,2000
7156,1248744000,1248746000,2000
7157,1248746000,1248748000,2000
7158,1248748000,1248750000,2000
7159,1248750000,1248752000,2000
7160,1248752000,1248754000,2000
7161,1248754000,1248756000,2000
7162,1248756000,1248758000,2000
7163,1248758000,1248760000,2000
7164,1248760000,1248762000,2000
7165,1248762000,1248764000,2000
7166,1248764000,1248766000,2000
7167,1248766000,1248768000,2000
7168,1248768000,1248770000,2000
7169,1248770000,1248772000,2000
7170,1248772000,1248774000,2000
7171,1248774000,1248776000,2000
7172,1248776000,1248778000,2000
7173,1248778000,1248780000,2000
7174,1248780000,1248782000,2000
7175,1248782000,1248784000,2000
7176,1248784000,1248786000,2000
7177,1248786000,1248788000,2000
7178,1248788000,1248790000,2000
7179,1248790000,1248792000,2000
7180,1248792000,1248794000,2000
7181,1248794000,1248796000,2000
7182,1248796000,1248798000,2000
7183,1248798000,1248800000,2000
13700,1248800000,1248802000,2000
13701,1248802000,1248804000,2000
13702,1248804000,1248806000,2000
13703,1248806000,1248808000,2000
13704,1248808000,1248810000,2000
13705,1248810000,1248812000,2000
13706,1248812000,1248814000,2000
13707,1248814000,1248816000,2000
13708,1248816000,1248818000,2000
13709,1248818000,1248820000,2000
13710,1248820000,1248822000,2000
13711,1248822000,1248824000,2000
13712,1248824000,1248826000,2000
13713,1248826000,1248828000,2000
13714,1248828000,1248830000,2000
13715,1248830000,1248832000,2000
13716,1248832000,1248834000,2000
13717,1248834000,1248836000,2000
13718,1248836000,1248838000,2000
13719,1248838000,1248840000,2000
13720,1248840000,1248842000,2000
13721,1248842000,1248844000,2000
13722,1248844000,1248846000,2000
13723,1248846000,1248848000,2000
13724,1248848000,1248850000,2000
13725,1248850000,1248852000,2000
13726,1248852000,1248854000,2000
13727,1248854000,1248856000,2000
13728,1248856000,1248858000,2000
13729,1248858000,1248860000,2000
13730,1248860000,1248862000,2000
13731,1248862000,1248864000,2000
13732,1248864000,1248866000,2000
13733,1248866000,1248868000,2000
13734,1248868000,1248870000,2000
13735,1248870000,1248872000,2000
13736,1248872000,1248874000,2000
13737,1248874000,1248876000,2000
13738,1248876000,1248878000,2000
13739,1248878000,1248880000,2000
13740,1248880000,1248882000,2000
13741,1248882000,1248884000,2000
13742,1248884000,1248886000,2000
13743,1248886000,1248888000,2000
13744,1248888000,1248890000,2000
13745,1248890000,1248892000,2000
13746,1248892000,1248894000,2000
13747,1248894000,1248896000,2000
13748,1248896000,1248898000,2000
13749,1248898000,1248900000,2000
12000,1248900000,1248902000,2000
12001,1248902000,1248904000,2000
12002,1248904000,1248906000,2000
12003,1248906000,1248908000,2000
12004,1248908000,1248910000,2000
12005,1248910000,1248912000,2000
12006,1248912000,1248914000,2000
12007,1248914000,1248916000,2000
12008,1248916000,1248918000,2000
12009,1248918000,1248920000,2000
12010,1248920000,1248922000,2000
12011,1248922000,1248924000,2000
12012,1248924000,1248926000,2000
12013,1248926000,1248928000,2000
12014,1248928000,1248930000,2000
12015,1248930000,1248932000,2000
12016,1248932000,1248934000,2000
12017,1248934000,1248936000,2000
12018,1248936000,1248938000,2000
12019,1248938000,1248940000,2000
12020,1248940000,1248942000,2000
12021,1248942000,1248944000,2000
12022,1248944000,1248946000,2000
12023,1248946000,1248948000,2000
12024,1248948000,1248950000,2000
12025,1248950000,1248952000,2000
12026,1248952000,1248954000,2000
12027,1248954000,1248956000,2000
12028,1248956000,1248958000,2000
12029,1248958000,1248960000,2000
12030,1248960000,1248962000,2000
12031,1248962000,1248964000,2000
12032,1248964000,1248966000,2000
12033,1248966000,1248968000,2000
12034,1248968000,1248970000,2000
12035,1248970000,1248972000,2000
12036,1248972000,1248974000,2000
12037,1248974000,1248976000,2000
12038,1248976000,1248978000,2000
12039,1248978000,1248980000,2000
12040,1248980000,1248982000,2000
12041,1248982000,1248984000,2000
12042,1248984000,1248986000,2000
12043,1248986000,1248988000,2000
12044,1248988000,1248990000,2000
12045,1248990000,1248992000,2000
12046,1248992000,1248994000,2000
12047,1248994000,1248996000,2000
12048,1248996000,1248998000,2000
12049,1248998000,1249000000,2000
2232,1249000000,1249002000,2000
2233,1249002000,1249004000,2000
2234,1249004000,1249006000,2000
2235,1249006000,1249008000,2000
2236,1249008000,1249010000,2000
2237,1249010000,1249012000,2000
2238,1249012000,1249014000,2000
2239,1249014000,1249016000,2000
2240,1249016000,1249018000,2000
2241,1249018000,1249020000,2000
2242,1249020000,1249022000,2000
2243,1249022000,1249024000,2000
2244,1249024000,1249026000,2000
2245,1249026000,1249028000,2000
2246,1249028000,1249030000,2000
2247,1249030000,1249032000,2000
2248,1249032000,1249034000,2000
2249,1249034000,1249036000,2000
2250,1249036000,1249038000,2000
2251,1249038000,1249040000,2000
2252,1249040000,1249042000,2000
2253,1249042000,1249044000,2000
2254,1249044000,1249046000,2000
2255,1249046000,1249048000,2000
2256,1249048000,1249050000,2000
2257,1249050000,1249052000,2000
2258,1249052000,1249054000,2000
2259,1249054000,1249056000,2000
2260,1249056000,1249058000,2000
2261,1249058000,1249060000,2000
2262,1249060000,1249062000,2000
2263,1249062000,1249064000,2000
2264,1249064000,1249066000,2000
2265,1249066000,1249068000,2000
2266,1249068000,1249070000,2000
2267,1249070000,1249072000,2000
2268,1249072000,1249074000,2000
2269,1249074000,1249076000,2000
2270,1249076000,1249078000,2000
2271,1249078000,1249080000,2000
2272,1249080000,1249082000,2000
2273,1249082000,1249084000,2000
2274,1249084000,1249086000,2000
2275,1249086000,1249088000,2000
2276,1249088000,1249090000,2000
2277,1249090000,1249092000,2000
2278,1249092000,1249094000,2000
2279,1249094000,1249096000,2000
2280,1249096000,1249098000,2000
2281,1249098000,1249100000,2000
3932,1249100000,1249102000,2000
3933,1249102000,1249104000,2000
3934,1249104000,1249106000,2000
3935,1249106000,1249108000,2000
3936,1249108000,1249110000,2000
3937,1249110000,1249112000,2000
3938,1249112000,1249114000,2000
3939,1249114000,1249116000,2000
3940,1249116000,1249118000,2000
3941,1249118000,1249120000,2000
3942,1249120000,1249122000,2000
3943,1249122000,1249124000,2000
3944,1249124000,1249126000,2000
3945,1249126000,1249128000,2000
3946,1249128000,1249130000,2000
3947,1249130000,1249132000,2000
3948,1249132000,1249134000,2000
3949,1249134000,1249136000,2000
3950,1249136000,1249138000,2000
3951,1249138000,1249140000,2000
3952,1249140000,1249142000,2000
3953,1249142000,1249144000,2000
3954,1249144000,1249146000,2000
3955,1249146000,1249148000,2000
3956,1249148000,1249150000,2000
3957,1249150000,1249152000,2000
3958,1249152000,1249154000,2000
3959,1249154000,1249156000,2000
3960,1249156000,1249158000,2000
3961,1249158000,1249160000,2000
3962,1249160000,1249162000,2000
3963,1249162000,1249164000,2000
3964,1249164000,1249166000,2000
3965,1249166000,1249168000,2000
3966,1249168000,1249170000,2000
3967,1249170000,1249172000,2000
3968,1249172000,1249174000,2000
3969,1249174000,1249176000,2000
3970,1249176000,1249178000,2000
3971,1249178000,1249180000,2000
3972,1249180000,1249182000,2000
3973,1249182000,1249184000,2000
3974,1249184000,1249186000,2000
3975,1249186000,1249188000,2000
3976,1249188000,1249190000,2000
3977,1249190000,1249192000,2000
3978,1249192000,1249194000,2000
3979,1249194000,1249196000,2000
3980,1249196000,1249198000,2000
3981,1249198000,1249200000,2000
600,1249200000,1249202000,2000
601,1249202000,1249204000,2000
602,1249204000,1249206000,2000
603,1249206000,1249208000,2000
604,1249208000,1249210000,2000
605,1249210000,1249212000,2000
606,1249212000,1249214000,2000
607,1249214000,1249216000,2000
608,1249216000,1249218000,2000
609,1249218000,1249220000,2000
610,1249220000,1249222000,2000
611,1249222000,1249224000,2000
612,1249224000,1249226000,2000
613,1249226000,1249228000,2000
614,1249228000,1249230000,2000
615,1249230000,1249232000,2000
616,1249232000,1249234000,2000
617,1249234000,1249236000,2000
618,1249236000,1249238000,2000
619,1249238000,1249240000,2000
620,1249240000,1249242000,2000
621,1249242000,1249244000,2000
622,1249244000,1249246000,2000
623,1249246000,1249248000,2000
624,1249248000,1249250000,2000
625,1249250000,1249252000,2000
626,1249252000,1249254000,2000
627,1249254000,1249256000,2000
628,1249256000,1249258000,2000
629,1249258000,1249260000,2000
630,1249260000,1249262000,2000
631,1249262000,1249264000,2000
632,1249264000,1249266000,2000
633,1249266000,1249268000,2000
634,1249268000,1249270000,2000
635,1249270000,1249272000,2000
636,1249272000,1249274000,2000
637,1249274000,1249276000,2000
638,1249276000,1249278000,2000
639,1249278000,1249280000,2000
640,1249280000,1249282000,2000
641,1249282000,1249284000,2000
642,1249284000,1249286000,2000
643,1249286000,1249288000,2000
644,1249288000,1249290000,2000
645,1249290000,1249292000,2000
646,1249292000,1249294000,2000
647,1249294000,1249296000,2000
648,1249296000,1249298000,2000
649,1249298000,1249300000,2000
10082,1249300000,1249302000,2000
10083,1249302000,1249304000,2000
10084,1249304000,1249306000,2000
10085,1249306000,1249308000,2000
10086,1249308000,1249310000,2000
10087,1249310000,1249312000,2000
10088,1249312000,1249314000,2000
10089,1249314000,1249316000,2000
10090,1249316000,1249318000,2000
10091,1249318000,1249320000,2000
10092,1249320000,1249322000,2000
10093,1249322000,1249324000,2000
10094,1249324000,1249326000,2000
10095,1249326000,1249328000,2000
10096,1249328000,1249330000,2000
10097,1249330000,1249332000,2000
10098,1249332000,1249334000,2000
10099,1249334000,1249336000,2000
10100,1249336000,1249338000,2000
10101,1249338000,1249340000,2000
10102,1249340000,1249342000,2000
10103,1249342000,1249344000,2000
10104,1249344000,1249346000,2000
10105,1249346000,1249348000,2000
10106,1249348000,1249350000,2000
10107,1249350000,1249352000,2000
10108,1249352000,1249354000,2000
10109,1249354000,1249356000,2000
10110,1249356000,1249358000,2000
10111,1249358000,1249360000,2000
10112,1249360000,1249362000,2000
10113,1249362000,1249364000,2000
10114,1249364000,1249366000,2000
10115,1249366000,1249368000,2000
10116,1249368000,1249370000,2000
10117,1249370000,1249372000,2000
10118,1249372000,1249374000,2000
10119,1249374000,1249376000,2000
10120,1249376000,1249378000,2000
10121,1249378000,1249380000,2000
10122,1249380000,1249382000,2000
10123,1249382000,1249384000,2000
10124,1249384000,1249386000,2000
10125,1249386000,1249388000,2000
10126,1249388000,1249390000,2000
10127,1249390000,1249392000,2000
10128,1249392000,1249394000,2000
10129,1249394000,1249396000,2000
10130,1249396000,1249398000,2000
10131,1249398000,1249400000,2000
11900,1249400000,1249402000,2000
11901,1249402000,1249404000,2000
11902,1249404000,1249406000,2000
11903,1249406000,1249408000,2000
11904,1249408000,1249410000,2000
11905,1249410000,1249412000,2000
11906,1249412000,1249414000,2000
11907,1249414000,1249416000,2000
11908,1249416000,1249418000,2000
11909,1249418000,1249420000,2000
11910,1249420000,1249422000,2000
11911,1249422000,1249424000,2000
11912,1249424000,1249426000,2000
11913,1249426000,1249428000,2000
11914,1249428000,1249430000,2000
11915,1249430000,1249432000,2000
11916,1249432000,1249434000,2000
11917,1249434000,1249436000,2000
11918,1249436000,1249438000,2000
11919,1249438000,1249440000,2000
11920,1249440000,1249442000,2000
11921,1249442000,1249444000,2000
11922,1249444000,1249446000,2000
11923,1249446000,1249448000,2000
11924,1249448000,1249450000,2000
11925,1249450000,1249452000,2000
11926,1249452000,1249454000,2000
11927,1249454000,1249456000,2000
11928,1249456000,1249458000,2000
11929,1249458000,1249460000,2000
11930,1249460000,1249462000,2000
11931,1249462000,1249464000,2000
11932,1249464000,1249466000,2000
11933,1249466000,1249468000,2000
11934,1249468000,1249470000,2000
11935,1249470000,1249472000,2000
11936,1249472000,1249474000,2000
11937,1249474000,1249476000,2000
11938,1249476000,1249478000,2000
11939,1249478000,1249480000,2000
11940,1249480000,1249482000,2000
11941,1249482000,1249484000,2000
11942,1249484000,1249486000,2000
11943,1249486000,1249488000,2000
11944,1249488000,1249490000,2000
11945,1249490000,1249492000,2000
11946,1249492000,1249494000,2000
11947,1249494000,1249496000,2000
11948,1249496000,1249498000,2000
11949,1249498000,1249500000,2000
2432,1249500000,1249502000,2000
2433,1249502000,1249504000,2000
2434,1249504000,1249506000,2000
2435,1249506000,1249508000,2000
2436,1249508000,1249510000,2000
2437,1249510000,1249512000,2000
2438,1249512000,1249514000,2000
2439,1249514000,1249516000,2000
2440,1249516000,1249518000,2000
2441,1249518000,1249520000,2000
2442,1249520000,1249522000,2000
2443,1249522000,1249524000,2000
2444,1249524000,1249526000,2000
2445,1249526000,1249528000,2000
2446,1249528000,1249530000,2000
2447,1249530000,1249532000,2000
2448,1249532000,1249534000,2000
2449,1249534000,1249536000,2000
2450,1249536000,1249538000,2000
2451,1249538000,1249540000,2000
2452,1249540000,1249542000,2000
2453,1249542000,1249544000,2000
2454,1249544000,1249546000,2000
2455,1249546000,1249548000,2000
2456,1249548000,1249550000,2000
2457,1249550000,1249552000,2000
2458,1249552000,1249554000,2000
2459,1249554000,1249556000,2000
2460,1249556000,1249558000,2000
2461,1249558000,1249560000,2000
2462,1249560000,1249562000,2000
2463,1249562000,1249564000,2000
2464,1249564000,1249566000,2000
2465,1249566000,1249568000,2000
2466,1249568000,1249570000,2000
2467,1249570000,1249572000,2000
2468,1249572000,1249574000,2000
2469,1249574000,1249576000,2000
2470,1249576000,1249578000,2000
2471,1249578000,1249580000,2000
2472,1249580000,1249582000,2000
2473,1249582000,1249584000,2000
2474,1249584000,1249586000,2000
2475,1249586000,1249588000,2000
2476,1249588000,1249590000,2000
2477,1249590000,1249592000,2000
2478,1249592000,1249594000,2000
2479,1249594000,1249596000,2000
2480,1249596000,1249598000,2000
2481,1249598000,1249600000,2000
6332,1249600000,1249602000,2000
6333,1249602000,1249604000,2000
6334,1249604000,1249606000,2000
6335,1249606000,1249608000,2000
6336,1249608000,1249610000,2000
6337,1249610000,1249612000,2000
6338,1249612000,1249614000,2000
6339,1249614000,1249616000,2000
6340,1249616000,1249618000,2000
6341,1249618000,1249620000,2000
6342,1249620000,1249622000,2000
6343,1249622000,1249624000,2000
6344,1249624000,1249626000,2000
6345,1249626000,1249628000,2000
6346,1249628000,1249630000,2000
6347,1249630000,1249632000,2000
6348,1249632000,1249634000,2000
6349,1249634000,1249636000,2000
6350,1249636000,1249638000,2000
6351,1249638000,1249640000,2000
6352,1249640000,1249642000,2000
6353,1249642000,1249644000,2000
6354,1249644000,1249646000,2000
6355,1249646000,1249648000,2000
6356,1249648000,1249650000,2000
6357,1249650000,1249652000,2000
6358,1249652000,1249654000,2000
6359,1249654000,1249656000,2000
6360,1249656000,1249658000,2000
6361,1249658000,1249660000,2000
6362,1249660000,1249662000,2000
6363,1249662000,1249664000,2000
6364,1249664000,1249666000,2000
6365,1249666000,1249668000,2000
6366,1249668000,1249670000,2000
6367,1249670000,1249672000,2000
6368,1249672000,1249674000,2000
6369,1249674000,1249676000,2000
6370,1249676000,1249678000,2000
6371,1249678000,1249680000,2000
6372,1249680000,1249682000,2000
6373,1249682000,1249684000,2000
6374,1249684000,1249686000,2000
6375,1249686000,1249688000,2000
6376,1249688000,1249690000,2000
6377,1249690000,1249692000,2000
6378,1249692000,1249694000,2000
6379,1249694000,1249696000,2000
6380,1249696000,1249698000,2000
6381,1249698000,1249700000,2000
3682,1249700000,1249702000,2000
3683,1249702000,1249704000,2000
3684,1249704000,1249706000,2000
3685,1249706000,1249708000,2000
3686,1249708000,1249710000,2000
3687,1249710000,1249712000,2000
3688,1249712000,1249714000,2000
3689,1249714000,1249716000,2000
3690,1249716000,1249718000,2000
3691,1249718000,1249720000,2000
3692,1249720000,1249722000,2000
3693,1249722000,1249724000,2000
3694,1249724000,1249726000,2000
3695,1249726000,1249728000,2000
3696,1249728000,1249730000,2000
3697,1249730000,1249732000,2000
3698,1249732000,1249734000,2000
3699,1249734000,1249736000,2000
3700,1249736000,1249738000,2000
3701,1249738000,1249740000,2000
3702,1249740000,1249742000,2000
3703,1249742000,1249744000,2000
3704,1249744000,1249746000,2000
3705,1249746000,1249748000,2000
3706,1249748000,1249750000,2000
3707,1249750000,1249752000,2000
3708,1249752000,1249754000,2000
3709,1249754000,1249756000,2000
3710,1249756000,1249758000,2000
3711,1249758000,1249760000,2000
3712,1249760000,1249762000,2000
3713,1249762000,1249764000,2000
3714,1249764000,1249766000,2000
3715,1249766000,1249768000,2000
3716,1249768000,1249770000,2000
3717,1249770000,1249772000,2000
3718,1249772000,1249774000,2000
3719,1249774000,1249776000,2000
3720,1249776000,1249778000,2000
3721,1249778000,1249780000,2000
3722,1249780000,1249782000,2000
3723,1249782000,1249784000,2000
3724,1249784000,1249786000,2000
3725,1249786000,1249788000,2000
3726,1249788000,1249790000,2000
3727,1249790000,1249792000,2000
3728,1249792000,1249794000,2000
3729,1249794000,1249796000,2000
3730,1249796000,1249798000,2000
3731,1249798000,1249800000,2000
1582,1249800000,1249802000,2000
1583,1249802000,1249804000,2000
1584,1249804000,1249806000,2000
1585,1249806000,1249808000,2000
1586,1249808000,1249810000,2000
1587,1249810000,1249812000,2000
1588,1249812000,1249814000,2000
1589,1249814000,1249816000,2000
1590,1249816000,1249818000,2000
1591,1249818000,1249820000,2000
1592,1249820000,1249822000,2000
1593,1249822000,1249824000,2000
1594,1249824000,1249826000,2000
1595,1249826000,1249828000,2000
1596,1249828000,1249830000,2000
1597,1249830000,1249832000,2000
1598,1249832000,1249834000,2000
1599,1249834000,1249836000,2000
1600,1249836000,1249838000,2000
1601,1249838000,1249840000,2000
1602,1249840000,1249842000,2000
1603,1249842000,1249844000,2000
1604,1249844000,1249846000,2000
1605,1249846000,1249848000,2000
1606,1249848000,1249850000,2000
1607,1249850000,1249852000,2000
1608,1249852000,1249854000,2000
1609,1249854000,1249856000,2000
1610,1249856000,1249858000,2000
1611,1249858000,1249860000,2000
1612,1249860000,1249862000,2000
1613,1249862000,1249864000,2000
1614,1249864000,1249866000,2000
1615,1249866000,1249868000,2000
1616,1249868000,1249870000,2000
1617,1249870000,1249872000,2000
1618,1249872000,1249874000,2000
1619,1249874000,1249876000,2000
1620,1249876000,1249878000,2000
1621,1249878000,1249880000,2000
1622,1249880000,1249882000,2000
1623,1249882000,1249884000,2000
1624,1249884000,1249886000,2000
1625,1249886000,1249888000,2000
1626,1249888000,1249890000,2000
1627,1249890000,1249892000,2000
1628,1249892000,1249894000,2000
1629,1249894000,1249896000,2000
1630,1249896000,1249898000,2000
1631,1249898000,1249900000,2000
1432,1249900000,1249902000,2000
1433,1249902000,1249904000,2000
1434,1249904000,1249906000,2000
1435,1249906000,1249908000,2000
1436,1249908000,1249910000,2000
1437,1249910000,1249912000,2000
1438,1249912000,1249914000,2000
1439,1249914000,1249916000,2000
1440,1249916000,1249918000,2000
1441,1249918000,1249920000,2000
1442,1249920000,1249922000,2000
1443,1249922000,1249924000,2000
1444,1249924000,1249926000,2000
1445,1249926000,1249928000,2000
1446,1249928000,1249930000,2000
1447,1249930000,1249932000,2000
1448,1249932000,1249934000,2000
1449,1249934000,1249936000,2000
1450,1249936000,1249938000,2000
1451,1249938000,1249940000,2000
1452,1249940000,1249942000,2000
1453,1249942000,1249944000,2000
1454,1249944000,1249946000,2000
1455,1249946000,1249948000,2000
1456,1249948000,1249950000,2000
1457,1249950000,1249952000,2000
1458,1249952000,1249954000,2000
1459,1249954000,1249956000,2000
1460,1249956000,1249958000,2000
1461,1249958000,1249960000,2000
1462,1249960000,1249962000,2000
1463,1249962000,1249964000,2000
1464,1249964000,1249966000,2000
1465,1249966000,1249968000,2000
1466,1249968000,1249970000,2000
1467,1249970000,1249972000,2000
1468,1249972000,1249974000,2000
1469,1249974000,1249976000,2000
1470,1249976000,1249978000,2000
1471,1249978000,1249980000,2000
1472,1249980000,1249982000,2000
1473,1249982000,1249984000,2000
1474,1249984000,1249986000,2000
1475,1249986000,1249988000,2000
1476,1249988000,1249990000,2000
1477,1249990000,1249992000,2000
1478,1249992000,1249994000,2000
1479,1249994000,1249996000,2000
1480,1249996000,1249998000,2000
1481,1249998000,1250000000,2000
4532,1250000000,1250002000,2000
4533,1250002000,1250004000,2000
4534,1250004000,1250006000,2000
4535,1250006000,1250008000,2000
4536,1250008000,1250010000,2000
4537,1250010000,1250012000,2000
4538,1250012000,1250014000,2000
4539,1250014000,1250016000,2000
4540,1250016000,1250018000,2000
4541,1250018000,1250020000,2000
4542,1250020000,1250022000,2000
4543,1250022000,1250024000,2000
4544,1250024000,1250026000,2000
4545,1250026000,1250028000,2000
4546,1250028000,1250030000,2000
4547,1250030000,1250032000,2000
4548,1250032000,1250034000,2000
4549,1250034000,1250036000,2000
4550,1250036000,1250038000,2000
4551,1250038000,1250040000,2000
4552,1250040000,1250042000,2000
4553,1250042000,1250044000,2000
4554,1250044000,1250046000,2000
4555,1250046000,1250048000,2000
4556,1250048000,1250050000,2000
4557,1250050000,1250052000,2000
4558,1250052000,1250054000,2000
4559,1250054000,1250056000,2000
4560,1250056000,1250058000,2000
4561,1250058000,1250060000,2000
4562,1250060000,1250062000,2000
4563,1250062000,1250064000,2000
4564,1250064000,1250066000,2000
4565,1250066000,1250068000,2000
4566,1250068000,1250070000,2000
4567,1250070000,1250072000,2000
4568,1250072000,1250074000,2000
4569,1250074000,1250076000,2000
4570,1250076000,1250078000,2000
4571,1250078000,1250080000,2000
4572,1250080000,1250082000,2000
4573,1250082000,1250084000,2000
4574,1250084000,1250086000,2000
4575,1250086000,1250088000,2000
4576,1250088000,1250090000,2000
4577,1250090000,1250092000,2000
4578,1250092000,1250094000,2000
4579,1250094000,1250096000,2000
4580,1250096000,1250098000,2000
4581,1250098000,1250100000,2000
13350,1250100000,1250102000,2000
13351,1250102000,1250104000,2000
13352,1250104000,1250106000,2000
13353,1250106000,1250108000,2000
13354,1250108000,1250110000,2000
13355,1250110000,1250112000,2000
13356,1250112000,1250114000,2000
13357,1250114000,1250116000,2000
13358,1250116000,1250118000,2000
13359,1250118000,1250120000,2000
13360,1250120000,1250122000,2000
13361,1250122000,1250124000,2000
13362,1250124000,1250126000,2000
13363,1250126000,1250128000,2000
13364,1250128000,1250130000,2000
13365,1250130000,1250132000,2000
13366,1250132000,1250134000,2000
13367,1250134000,1250136000,2000
13368,1250136000,1250138000,2000
13369,1250138000,1250140000,2000
13370,1250140000,1250142000,2000
13371,1250142000,1250144000,2000
13372,1250144000,1250146000,2000
13373,1250146000,1250148000,2000
13374,1250148000,1250150000,2000
13375,1250150000,1250152000,2000
13376,1250152000,1250154000,2000
13377,1250154000,1250156000,2000
13378,1250156000,1250158000,2000
13379,1250158000,1250160000,2000
13380,1250160000,1250162000,2000
13381,1250162000,1250164000,2000
13382,1250164000,1250166000,2000
13383,1250166000,1250168000,2000
13384,1250168000,1250170000,2000
13385,1250170000,1250172000,2000
13386,1250172000,1250174000,2000
13387,1250174000,1250176000,2000
13388,1250176000,1250178000,2000
13389,1250178000,1250180000,2000
13390,1250180000,1250182000,2000
13391,1250182000,1250184000,2000
13392,1250184000,1250186000,2000
13393,1250186000,1250188000,2000
13394,1250188000,1250190000,2000
13395,1250190000,1250192000,2000
13396,1250192000,1250194000,2000
13397,1250194000,1250196000,2000
13398,1250196000,1250198000,2000
13399,1250198000,1250200000,2000
300,1250200000,1250202000,2000
301,1250202000,1250204000,2000
302,1250204000,1250206000,2000
303,1250206000,1250208000,2000
304,1250208000,1250210000,2000
305,1250210000,1250212000,2000
306,1250212000,1250214000,2000
307,1250214000,1250216000,2000
308,1250216000,1250218000,2000
309,1250218000,1250220000,2000
310,1250220000,1250222000,2000
311,1250222000,1250224000,2000
312,1250224000,1250226000,2000
313,1250226000,1250228000,2000
314,1250228000,1250230000,2000
315,1250230000,1250232000,2000
316,1250232000,1250234000,2000
317,1250234000,1250236000,2000
318,1250236000,1250238000,2000
319,1250238000,1250240000,2000
320,1250240000,1250242000,2000
321,1250242000,1250244000,2000
322,1250244000,1250246000,2000
323,1250246000,1250248000,2000
324,1250248000,1250250000,2000
325,1250250000,1250252000,2000
326,1250252000,1250254000,2000
327,1250254000,1250256000,2000
328,1250256000,1250258000,2000
329,1250258000,1250260000,2000
330,1250260000,1250262000,2000
331,1250262000,1250264000,2000
332,1250264000,1250266000,2000
333,1250266000,1250268000,2000
334,1250268000,1250270000,2000
335,1250270000,1250272000,2000
336,1250272000,1250274000,2000
337,1250274000,1250276000,2000
338,1250276000,1250278000,2000
339,1250278000,1250280000,2000
340,1250280000,1250282000,2000
341,1250282000,1250284000,2000
342,1250284000,1250286000,2000
343,1250286000,1250288000,2000
344,1250288000,1250290000,2000
345,1250290000,1250292000,2000
346,1250292000,1250294000,2000
347,1250294000,1250296000,2000
348,1250296000,1250298000,2000
349,1250298000,1250300000,2000
200,1250300000,1250302000,2000
201,1250302000,1250304000,2000
202,1250304000,1250306000,2000
203,1250306000,1250308000,2000
204,1250308000,1250310000,2000
205,1250310000,1250312000,2000
206,1250312000,1250314000,2000
207,1250314000,1250316000,2000
208,1250316000,1250318000,2000
209,1250318000,1250320000,2000
210,1250320000,1250322000,2000
211,1250322000,1250324000,2000
212,1250324000,1250326000,2000
213,1250326000,1250328000,2000
214,1250328000,1250330000,2000
215,1250330000,1250332000,2000
216,1250332000,1250334000,2000
217,1250334000,1250336000,2000
218,1250336000,1250338000,2000
219,1250338000,1250340000,2000
220,1250340000,1250342000,2000
221,1250342000,1250344000,2000
222,1250344000,1250346000,2000
223,1250346000,1250348000,2000
224,1250348000,1250350000,2000
225,1250350000,1250352000,2000
226,1250352000,1250354000,2000
227,1250354000,1250356000,2000
228,1250356000,1250358000,2000
229,1250358000,1250360000,2000
230,1250360000,1250362000,2000
231,1250362000,1250364000,2000
232,1250364000,1250366000,2000
233,1250366000,1250368000,2000
234,1250368000,1250370000,2000
235,1250370000,1250372000,2000
236,1250372000,1250374000,2000
237,1250374000,1250376000,2000
238,1250376000,1250378000,2000
239,1250378000,1250380000,2000
240,1250380000,1250382000,2000
241,1250382000,1250384000,2000
242,1250384000,1250386000,2000
243,1250386000,1250388000,2000
244,1250388000,1250390000,2000
245,1250390000,1250392000,2000
246,1250392000,1250394000,2000
247,1250394000,1250396000,2000
248,1250396000,1250398000,2000
249,1250398000,1250400000,2000
6984,1250400000,1250402000,2000
6985,1250402000,1250404000,2000
6986,1250404000,1250406000,2000
6987,1250406000,1250408000,2000
6988,1250408000,1250410000,2000
6989,1250410000,1250412000,2000
6990,1250412000,1250414000,2000
6991,1250414000,1250416000,2000
6992,1250416000,1250418000,2000
6993,1250418000,1250420000,2000
6994,1250420000,1250422000,2000
6995,1250422000,1250424000,2000
6996,1250424000,1250426000,2000
6997,1250426000,1250428000,2000
6998,1250428000,1250430000,2000
6999,1250430000,1250432000,2000
7000,1250432000,1250434000,2000
7001,1250434000,1250436000,2000
7002,1250436000,1250438000,2000
7003,1250438000,1250440000,2000
7004,1250440000,1250442000,2000
7005,1250442000,1250444000,2000
7006,1250444000,1250446000,2000
7007,1250446000,1250448000,2000
7008,1250448000,1250450000,2000
7009,1250450000,1250452000,2000
7010,1250452000,1250454000,2000
7011,1250454000,1250456000,2000
7012,1250456000,1250458000,2000
7013,1250458000,1250460000,2000
7014,1250460000,1250462000,2000
7015,1250462000,1250464000,2000
7016,1250464000,1250466000,2000
7017,1250466000,1250468000,2000
7018,1250468000,1250470000,2000
7019,1250470000,1250472000,2000
7020,1250472000,1250474000,2000
7021,1250474000,1250476000,2000
7022,1250476000,1250478000,2000
7023,1250478000,1250480000,2000
7024,1250480000,1250482000,2000
7025,1250482000,1250484000,2000
7026,1250484000,1250486000,2000
7027,1250486000,1250488000,2000
7028,1250488000,1250490000,2000
7029,1250490000,1250492000,2000
7030,1250492000,1250494000,2000
7031,1250494000,1250496000,2000
7032,1250496000,1250498000,2000
7033,1250498000,1250500000,2000
14800,1250500000,1250502000,2000
14801,1250502000,1250504000,2000
14802,1250504000,1250506000,2000
14803,1250506000,1250508000,2000
14804,1250508000,1250510000,2000
14805,1250510000,1250512000,2000
14806,1250512000,1250514000,2000
14807,1250514000,1250516000,2000
14808,1250516000,1250518000,2000
14809,1250518000,1250520000,2000
14810,1250520000,1250522000,2000
14811,1250522000,1250524000,2000
14812,1250524000,1250526000,2000
14813,1250526000,1250528000,2000
14814,1250528000,1250530000,2000
14815,1250530000,1250532000,2000
14816,1250532000,1250534000,2000
14817,1250534000,1250536000,2000
14818,1250536000,1250538000,2000
14819,1250538000,1250540000,2000
14820,1250540000,1250542000,2000
14821,1250542000,1250544000,2000
14822,1250544000,1250546000,2000
14823,1250546000,1250548000,2000
14824,1250548000,1250550000,2000
14825,1250550000,1250552000,2000
14826,1250552000,1250554000,2000
14827,1250554000,1250556000,2000
14828,1250556000,1250558000,2000
14829,1250558000,1250560000,2000
14830,1250560000,1250562000,2000
14831,1250562000,1250564000,2000
14832,1250564000,1250566000,2000
14833,1250566000,1250568000,2000
14834,1250568000,1250570000,2000
14835,1250570000,1250572000,2000
14836,1250572000,1250574000,2000
14837,1250574000,1250576000,2000
14838,1250576000,1250578000,2000
14839,1250578000,1250580000,2000
14840,1250580000,1250582000,2000
14841,1250582000,1250584000,2000
14842,1250584000,1250586000,2000
14843,1250586000,1250588000,2000
14844,1250588000,1250590000,2000
14845,1250590000,1250592000,2000
14846,1250592000,1250594000,2000
14847,1250594000,1250596000,2000
14848,1250596000,1250598000,2000
14849,1250598000,1250600000,2000
13400,1250600000,1250602000,2000
13401,1250602000,1250604000,2000
13402,1250604000,1250606000,2000
13403,1250606000,1250608000,2000
13404,1250608000,1250610000,2000
13405,1250610000,1250612000,2000
13406,1250612000,1250614000,2000
13407,1250614000,1250616000,2000
13408,1250616000,1250618000,2000
13409,1250618000,1250620000,2000
13410,1250620000,1250622000,2000
13411,1250622000,1250624000,2000
13412,1250624000,1250626000,2000
13413,1250626000,1250628000,2000
13414,1250628000,1250630000,2000
13415,1250630000,1250632000,2000
13416,1250632000,1250634000,2000
13417,1250634000,1250636000,2000
13418,1250636000,1250638000,2000
13419,1250638000,1250640000,2000
13420,1250640000,1250642000,2000
13421,1250642000,1250644000,2000
13422,1250644000,1250646000,2000
13423,1250646000,1250648000,2000
13424,1250648000,1250650000,2000
13425,1250650000,1250652000,2000
13426,1250652000,1250654000,2000
13427,1250654000,1250656000,2000
13428,1250656000,1250658000,2000
13429,1250658000,1250660000,2000
13430,1250660000,1250662000,2000
13431,1250662000,1250664000,2000
13432,1250664000,1250666000,2000
13433,1250666000,1250668000,2000
13434,1250668000,1250670000,2000
13435,1250670000,1250672000,2000
13436,1250672000,1250674000,2000
13437,1250674000,1250676000,2000
13438,1250676000,1250678000,2000
13439,1250678000,1250680000,2000
13440,1250680000,1250682000,2000
13441,1250682000,1250684000,2000
13442,1250684000,1250686000,2000
13443,1250686000,1250688000,2000
13444,1250688000,1250690000,2000
13445,1250690000,1250692000,2000
13446,1250692000,1250694000,2000
13447,1250694000,1250696000,2000
13448,1250696000,1250698000,2000
13449,1250698000,1250700000,2000
11800,1250700000,1250702000,2000
11801,1250702000,1250704000,2000
11802,1250704000,1250706000,2000
11803,1250706000,1250708000,2000
11804,1250708000,1250710000,2000
11805,1250710000,1250712000,2000
11806,1250712000,1250714000,2000
11807,1250714000,1250716000,2000
11808,1250716000,1250718000,2000
11809,1250718000,1250720000,2000
11810,1250720000,1250722000,2000
11811,1250722000,1250724000,2000
11812,1250724000,1250726000,2000
11813,1250726000,1250728000,2000
11814,1250728000,1250730000,2000
11815,1250730000,1250732000,2000
11816,1250732000,1250734000,2000
11817,1250734000,1250736000,2000
11818,1250736000,1250738000,2000
11819,1250738000,1250740000,2000
11820,1250740000,1250742000,2000
11821,1250742000,1250744000,2000
11822,1250744000,1250746000,2000
11823,1250746000,1250748000,2000
11824,1250748000,1250750000,2000
11825,1250750000,1250752000,2000
11826,1250752000,1250754000,2000
11827,1250754000,1250756000,2000
11828,1250756000,1250758000,2000
11829,1250758000,1250760000,2000
11830,1250760000,1250762000,2000
11831,1250762000,1250764000,2000
11832,1250764000,1250766000,2000
11833,1250766000,1250768000,2000
11834,1250768000,1250770000,2000
11835,1250770000,1250772000,2000
11836,1250772000,1250774000,2000
11837,1250774000,1250776000,2000
11838,1250776000,1250778000,2000
11839,1250778000,1250780000,2000
11840,1250780000,1250782000,2000
11841,1250782000,1250784000,2000
11842,1250784000,1250786000,2000
11843,1250786000,1250788000,2000
11844,1250788000,1250790000,2000
11845,1250790000,1250792000,2000
11846,1250792000,1250794000,2000
11847,1250794000,1250796000,2000
11848,1250796000,1250798000,2000
11849,1250798000,1250800000,2000
2932,1250800000,1250802000,2000
2933,1250802000,1250804000,2000
2934,1250804000,1250806000,2000
2935,1250806000,1250808000,2000
2936,1250808000,1250810000,2000
2937,1250810000,1250812000,2000
2938,1250812000,1250814000,2000
2939,1250814000,1250816000,2000
2940,1250816000,1250818000,2000
2941,1250818000,1250820000,2000
2942,1250820000,1250822000,2000
2943,1250822000,1250824000,2000
2944,1250824000,1250826000,2000
2945,1250826000,1250828000,2000
2946,1250828000,1250830000,2000
2947,1250830000,1250832000,2000
2948,1250832000,1250834000,2000
2949,1250834000,1250836000,2000
2950,1250836000,1250838000,2000
2951,1250838000,1250840000,2000
2952,1250840000,1250842000,2000
2953,1250842000,1250844000,2000
2954,1250844000,1250846000,2000
2955,1250846000,1250848000,2000
2956,1250848000,1250850000,2000
2957,1250850000,1250852000,2000
2958,1250852000,1250854000,2000
2959,1250854000,1250856000,2000
2960,1250856000,1250858000,2000
2961,1250858000,1250860000,2000
2962,1250860000,1250862000,2000
2963,1250862000,1250864000,2000
2964,1250864000,1250866000,2000
2965,1250866000,1250868000,2000
2966,1250868000,1250870000,2000
2967,1250870000,1250872000,2000
2968,1250872000,1250874000,2000
2969,1250874000,1250876000,2000
2970,1250876000,1250878000,2000
2971,1250878000,1250880000,2000
2972,1250880000,1250882000,2000
2973,1250882000,1250884000,2000
2974,1250884000,1250886000,2000
2975,1250886000,1250888000,2000
2976,1250888000,1250890000,2000
2977,1250890000,1250892000,2000
2978,1250892000,1250894000,2000
2979,1250894000,1250896000,2000
2980,1250896000,1250898000,2000
2981,1250898000,1250900000,2000
0,1250900000,1250902000,2000
1,1250902000,1250904000,2000
2,1250904000,1250906000,2000
3,1250906000,1250908000,2000
4,1250908000,1250910000,2000
5,1250910000,1250912000,2000
6,1250912000,1250914000,2000
7,1250914000,1250916000,2000
8,1250916000,1250918000,2000
9,1250918000,1250920000,2000
10,1250920000,1250922000,2000
11,1250922000,1250924000,2000
12,1250924000,1250926000,2000
13,1250926000,1250928000,2000
14,1250928000,1250930000,2000
15,1250930000,1250932000,2000
16,1250932000,1250934000,2000
17,1250934000,1250936000,2000
18,1250936000,1250938000,2000
19,1250938000,1250940000,2000
20,1250940000,1250942000,2000
21,1250942000,1250944000,2000
22,1250944000,1250946000,2000
23,1250946000,1250948000,2000
24,1250948000,1250950000,2000
25,1250950000,1250952000,2000
26,1250952000,1250954000,2000
27,1250954000,1250956000,2000
28,1250956000,1250958000,2000
29,1250958000,1250960000,2000
30,1250960000,1250962000,2000
31,1250962000,1250964000,2000
32,1250964000,1250966000,2000
33,1250966000,1250968000,2000
34,1250968000,1250970000,2000
35,1250970000,1250972000,2000
36,1250972000,1250974000,2000
37,1250974000,1250976000,2000
38,1250976000,1250978000,2000
39,1250978000,1250980000,2000
40,1250980000,1250982000,2000
41,1250982000,1250984000,2000
42,1250984000,1250986000,2000
43,1250986000,1250988000,2000
44,1250988000,1250990000,2000
45,1250990000,1250992000,2000
46,1250992000,1250994000,2000
47,1250994000,1250996000,2000
48,1250996000,1250998000,2000
49,1250998000,1251000000,2000
14650,1251000000,1251002000,2000
14651,1251002000,1251004000,2000
14652,1251004000,1251006000,2000
14653,1251006000,1251008000,2000
14654,1251008000,1251010000,2000
14655,1251010000,1251012000,2000
14656,1251012000,1251014000,2000
14657,1251014000,1251016000,2000
14658,1251016000,1251018000,2000
14659,1251018000,1251020000,2000
14660,1251020000,1251022000,2000
14661,1251022000,1251024000,2000
14662,1251024000,1251026000,2000
14663,1251026000,1251028000,2000
14664,1251028000,1251030000,2000
14665,1251030000,1251032000,2000
14666,1251032000,1251034000,2000
14667,1251034000,1251036000,2000
14668,1251036000,1251038000,2000
14669,1251038000,1251040000,2000
14670,1251040000,1251042000,2000
14671,1251042000,1251044000,2000
14672,1251044000,1251046000,2000
14673,1251046000,1251048000,2000
14674,1251048000,1251050000,2000
14675,1251050000,1251052000,2000
14676,1251052000,1251054000,2000
14677,1251054000,1251056000,2000
14678,1251056000,1251058000,2000
14679,1251058000,1251060000,2000
14680,1251060000,1251062000,2000
14681,1251062000,1251064000,2000
14682,1251064000,1251066000,2000
14683,1251066000,1251068000,2000
14684,1251068000,1251070000,2000
14685,1251070000,1251072000,2000
14686,1251072000,1251074000,2000
14687,1251074000,1251076000,2000
14688,1251076000,1251078000,2000
14689,1251078000,1251080000,2000
14690,1251080000,1251082000,2000
14691,1251082000,1251084000,2000
14692,1251084000,1251086000,2000
14693,1251086000,1251088000,2000
14694,1251088000,1251090000,2000
14695,1251090000,1251092000,2000
14696,1251092000,1251094000,2000
14697,1251094000,1251096000,2000
14698,1251096000,1251098000,2000
14699,1251098000,1251100000,2000
8634,1251100000,1251102000,2000
8635,1251102000,1251104000,2000
8636,1251104000,1251106000,2000
8637,1251106000,1251108000,2000
8638,1251108000,1251110000,2000
8639,1251110000,1251112000,2000
8640,1251112000,1251114000,2000
8641,1251114000,1251116000,2000
8642,1251116000,1251118000,2000
8643,1251118000,1251120000,2000
8644,1251120000,1251122000,2000
8645,1251122000,1251124000,2000
8646,1251124000,1251126000,2000
8647,1251126000,1251128000,2000
8648,1251128000,1251130000,2000
8649,1251130000,1251132000,2000
8650,1251132000,1251134000,2000
8651,1251134000,1251136000,2000
8652,1251136000,1251138000,2000
8653,1251138000,1251140000,2000
8654,1251140000,1251142000,2000
8655,1251142000,1251144000,2000
8656,1251144000,1251146000,2000
8657,1251146000,1251148000,2000
8658,1251148000,1251150000,2000
8659,1251150000,1251152000,2000
8660,1251152000,1251154000,2000
8661,1251154000,1251156000,2000
8662,1251156000,1251158000,2000
8663,1251158000,1251160000,2000
8664,1251160000,1251162000,2000
8665,1251162000,1251164000,2000
8666,1251164000,1251166000,2000
8667,1251166000,1251168000,2000
8668,1251168000,1251170000,2000
8669,1251170000,1251172000,2000
8670,1251172000,1251174000,2000
8671,1251174000,1251176000,2000
8672,1251176000,1251178000,2000
8673,1251178000,1251180000,2000
8674,1251180000,1251182000,2000
8675,1251182000,1251184000,2000
8676,1251184000,1251186000,2000
8677,1251186000,1251188000,2000
8678,1251188000,1251190000,2000
8679,1251190000,1251192000,2000
8680,1251192000,1251194000,2000
8681,1251194000,1251196000,2000
8682,1251196000,1251198000,2000
8683,1251198000,1251200000,2000
5032,1251200000,1251202000,2000
5033,1251202000,1251204000,2000
5034,1251204000,1251206000,2000
5035,1251206000,1251208000,2000
5036,1251208000,1251210000,2000
5037,1251210000,1251212000,2000
5038,1251212000,1251214000,2000
5039,1251214000,1251216000,2000
5040,1251216000,1251218000,2000
5041,1251218000,1251220000,2000
5042,1251220000,1251222000,2000
5043,1251222000,1251224000,2000
5044,1251224000,1251226000,2000
5045,1251226000,1251228000,2000
5046,1251228000,1251230000,2000
5047,1251230000,1251232000,2000
5048,1251232000,1251234000,2000
5049,1251234000,1251236000,2000
5050,1251236000,1251238000,2000
5051,1251238000,1251240000,2000
5052,1251240000,1251242000,2000
5053,1251242000,1251244000,2000
5054,1251244000,1251246000,2000
5055,1251246000,1251248000,2000
5056,1251248000,1251250000,2000
5057,1251250000,1251252000,2000
5058,1251252000,1251254000,2000
5059,1251254000,1251256000,2000
5060,1251256000,1251258000,2000
5061,1251258000,1251260000,2000
5062,1251260000,1251262000,2000
5063,1251262000,1251264000,2000
5064,1251264000,1251266000,2000
5065,1251266000,1251268000,2000
5066,1251268000,1251270000,2000
5067,1251270000,1251272000,2000
5068,1251272000,1251274000,2000
5069,1251274000,1251276000,2000
5070,1251276000,1251278000,2000
5071,1251278000,1251280000,2000
5072,1251280000,1251282000,2000
5073,1251282000,1251284000,2000
5074,1251284000,1251286000,2000
5075,1251286000,1251288000,2000
5076,1251288000,1251290000,2000
5077,1251290000,1251292000,2000
5078,1251292000,1251294000,2000
5079,1251294000,1251296000,2000
5080,1251296000,1251298000,2000
5081,1251298000,1251300000,2000
11600,1251300000,1251302000,2000
11601,1251302000,1251304000,2000
11602,1251304000,1251306000,2000
11603,1251306000,1251308000,2000
11604,1251308000,1251310000,2000
11605,1251310000,1251312000,2000
11606,1251312000,1251314000,2000
11607,1251314000,1251316000,2000
11608,1251316000,1251318000,2000
11609,1251318000,1251320000,2000
11610,1251320000,1251322000,2000
11611,1251322000,1251324000,2000
11612,1251324000,1251326000,2000
11613,1251326000,1251328000,2000
11614,1251328000,1251330000,2000
11615,1251330000,1251332000,2000
11616,1251332000,1251334000,2000
11617,1251334000,1251336000,2000
11618,1251336000,1251338000,2000
11619,1251338000,1251340000,2000
11620,1251340000,1251342000,2000
11621,1251342000,1251344000,2000
11622,1251344000,1251346000,2000
11623,1251346000,1251348000,2000
11624,1251348000,1251350000,2000
11625,1251350000,1251352000,2000
11626,1251352000,1251354000,2000
11627,1251354000,1251356000,2000
11628,1251356000,1251358000,2000
11629,1251358000,1251360000,2000
11630,1251360000,1251362000,2000
11631,1251362000,1251364000,2000
11632,1251364000,1251366000,2000
11633,1251366000,1251368000,2000
11634,1251368000,1251370000,2000
11635,1251370000,1251372000,2000
11636,1251372000,1251374000,2000
11637,1251374000,1251376000,2000
11638,1251376000,1251378000,2000
11639,1251378000,1251380000,2000
11640,1251380000,1251382000,2000
11641,1251382000,1251384000,2000
11642,1251384000,1251386000,2000
11643,1251386000,1251388000,2000
11644,1251388000,1251390000,2000
11645,1251390000,1251392000,2000
11646,1251392000,1251394000,2000
11647,1251394000,1251396000,2000
11648,1251396000,1251398000,2000
11649,1251398000,1251400000,2000
6634,1251400000,1251402000,2000
6635,1251402000,1251404000,2000
6636,1251404000,1251406000,2000
6637,1251406000,1251408000,2000
6638,1251408000,1251410000,2000
6639,1251410000,1251412000,2000
6640,1251412000,1251414000,2000
6641,1251414000,1251416000,2000
6642,1251416000,1251418000,2000
6643,1251418000,1251420000,2000
6644,1251420000,1251422000,2000
6645,1251422000,1251424000,2000
6646,1251424000,1251426000,2000
6647,1251426000,1251428000,2000
6648,1251428000,1251430000,2000
6649,1251430000,1251432000,2000
6650,1251432000,1251434000,2000
6651,1251434000,1251436000,2000
6652,1251436000,1251438000,2000
6653,1251438000,1251440000,2000
6654,1251440000,1251442000,2000
6655,1251442000,1251444000,2000
6656,1251444000,1251446000,2000
6657,1251446000,1251448000,2000
6658,1251448000,1251450000,2000
6659,1251450000,1251452000,2000
6660,1251452000,1251454000,2000
6661,1251454000,1251456000,2000
6662,1251456000,1251458000,2000
6663,1251458000,1251460000,2000
6664,1251460000,1251462000,2000
6665,1251462000,1251464000,2000
6666,1251464000,1251466000,2000
6667,1251466000,1251468000,2000
6668,1251468000,1251470000,2000
6669,1251470000,1251472000,2000
6670,1251472000,1251474000,2000
6671,1251474000,1251476000,2000
6672,1251476000,1251478000,2000
6673,1251478000,1251480000,2000
6674,1251480000,1251482000,2000
6675,1251482000,1251484000,2000
6676,1251484000,1251486000,2000
6677,1251486000,1251488000,2000
6678,1251488000,1251490000,2000
6679,1251490000,1251492000,2000
6680,1251492000,1251494000,2000
6681,1251494000,1251496000,2000
6682,1251496000,1251498000,2000
6683,1251498000,1251500000,2000
9682,1251500000,1251502000,2000
9683,1251502000,1251504000,2000
9684,1251504000,1251506000,2000
9685,1251506000,1251508000,2000
9686,1251508000,1251510000,2000
9687,1251510000,1251512000,2000
9688,1251512000,1251514000,2000
9689,1251514000,1251516000,2000
9690,1251516000,1251518000,2000
9691,1251518000,1251520000,2000
9692,1251520000,1251522000,2000
9693,1251522000,1251524000,2000
9694,1251524000,1251526000,2000
9695,1251526000,1251528000,2000
9696,1251528000,1251530000,2000
9697,1251530000,1251532000,2000
9698,1251532000,1251534000,2000
9699,1251534000,1251536000,2000
9700,1251536000,1251538000,2000
9701,1251538000,1251540000,2000
9702,1251540000,1251542000,2000
9703,1251542000,1251544000,2000
9704,1251544000,1251546000,2000
9705,1251546000,1251548000,2000
9706,1251548000,1251550000,2000
9707,1251550000,1251552000,2000
9708,1251552000,1251554000,2000
9709,1251554000,1251556000,2000
9710,1251556000,1251558000,2000
9711,1251558000,1251560000,2000
9712,1251560000,1251562000,2000
9713,1251562000,1251564000,2000
9714,1251564000,1251566000,2000
9715,1251566000,1251568000,2000
9716,1251568000,1251570000,2000
9717,1251570000,1251572000,2000
9718,1251572000,1251574000,2000
9719,1251574000,1251576000,2000
9720,1251576000,1251578000,2000
9721,1251578000,1251580000,2000
9722,1251580000,1251582000,2000
9723,1251582000,1251584000,2000
9724,1251584000,1251586000,2000
9725,1251586000,1251588000,2000
9726,1251588000,1251590000,2000
9727,1251590000,1251592000,2000
9728,1251592000,1251594000,2000
9729,1251594000,1251596000,2000
9730,1251596000,1251598000,2000
9731,1251598000,1251600000,2000
11650,1251600000,1251602000,2000
11651,1251602000,1251604000,2000
11652,1251604000,1251606000,2000
11653,1251606000,1251608000,2000
11654,1251608000,1251610000,2000
11655,1251610000,1251612000,2000
11656,1251612000,1251614000,2000
11657,1251614000,1251616000,2000
11658,1251616000,1251618000,2000
11659,1251618000,1251620000,2000
11660,1251620000,1251622000,2000
11661,1251622000,1251624000,2000
11662,1251624000,1251626000,2000
11663,1251626000,1251628000,2000
11664,1251628000,1251630000,2000
11665,1251630000,1251632000,2000
11666,1251632000,1251634000,2000
11667,1251634000,1251636000,2000
11668,1251636000,1251638000,2000
11669,1251638000,1251640000,2000
11670,1251640000,1251642000,2000
11671,1251642000,1251644000,2000
11672,1251644000,1251646000,2000
11673,1251646000,1251648000,2000
11674,1251648000,1251650000,2000
11675,1251650000,1251652000,2000
11676,1251652000,1251654000,2000
11677,1251654000,1251656000,2000
11678,1251656000,1251658000,2000
11679,1251658000,1251660000,2000
11680,1251660000,1251662000,2000
11681,1251662000,1251664000,2000
11682,1251664000,1251666000,2000
11683,1251666000,1251668000,2000
11684,1251668000,1251670000,2000
11685,1251670000,1251672000,2000
11686,1251672000,1251674000,2000
11687,1251674000,1251676000,2000
11688,1251676000,1251678000,2000
11689,1251678000,1251680000,2000
11690,1251680000,1251682000,2000
11691,1251682000,1251684000,2000
11692,1251684000,1251686000,2000
11693,1251686000,1251688000,2000
11694,1251688000,1251690000,2000
11695,1251690000,1251692000,2000
11696,1251692000,1251694000,2000
11697,1251694000,1251696000,2000
11698,1251696000,1251698000,2000
11699,1251698000,1251700000,2000
4482,1251700000,1251702000,2000
4483,1251702000,1251704000,2000
4484,1251704000,1251706000,2000
4485,1251706000,1251708000,2000
4486,1251708000,1251710000,2000
4487,1251710000,1251712000,2000
4488,1251712000,1251714000,2000
4489,1251714000,1251716000,2000
4490,1251716000,1251718000,2000
4491,1251718000,1251720000,2000
4492,1251720000,1251722000,2000
4493,1251722000,1251724000,2000
4494,1251724000,1251726000,2000
4495,1251726000,1251728000,2000
4496,1251728000,1251730000,2000
4497,1251730000,1251732000,2000
4498,1251732000,1251734000,2000
4499,1251734000,1251736000,2000
4500,1251736000,1251738000,2000
4501,1251738000,1251740000,2000
4502,1251740000,1251742000,2000
4503,1251742000,1251744000,2000
4504,1251744000,1251746000,2000
4505,1251746000,1251748000,2000
4506,1251748000,1251750000,2000
4507,1251750000,1251752000,2000
4508,1251752000,1251754000,2000
4509,1251754000,1251756000,2000
4510,1251756000,1251758000,2000
4511,1251758000,1251760000,2000
4512,1251760000,1251762000,2000
4513,1251762000,1251764000,2000
4514,1251764000,1251766000,2000
4515,1251766000,1251768000,2000
4516,1251768000,1251770000,2000
4517,1251770000,1251772000,2000
4518,1251772000,1251774000,2000
4519,1251774000,1251776000,2000
4520,1251776000,1251778000,2000
4521,1251778000,1251780000,2000
4522,1251780000,1251782000,2000
4523,1251782000,1251784000,2000
4524,1251784000,1251786000,2000
4525,1251786000,1251788000,2000
4526,1251788000,1251790000,2000
4527,1251790000,1251792000,2000
4528,1251792000,1251794000,2000
4529,1251794000,1251796000,2000
4530,1251796000,1251798000,2000
4531,1251798000,1251800000,2000
7484,1251800000,1251802000,2000
7485,1251802000,1251804000,2000
7486,1251804000,1251806000,2000
7487,1251806000,1251808000,2000
7488,1251808000,1251810000,2000
7489,1251810000,1251812000,2000
7490,1251812000,1251814000,2000
7491,1251814000,1251816000,2000
7492,1251816000,1251818000,2000
7493,1251818000,1251820000,2000
7494,1251820000,1251822000,2000
7495,1251822000,1251824000,2000
7496,1251824000,1251826000,2000
7497,1251826000,1251828000,2000
7498,1251828000,1251830000,2000
7499,1251830000,1251832000,2000
7500,1251832000,1251834000,2000
7501,1251834000,1251836000,2000
7502,1251836000,1251838000,2000
7503,1251838000,1251840000,2000
7504,1251840000,1251842000,2000
7505,1251842000,1251844000,2000
7506,1251844000,1251846000,2000
7507,1251846000,1251848000,2000
7508,1251848000,1251850000,2000
7509,1251850000,1251852000,2000
7510,1251852000,1251854000,2000
7511,1251854000,1251856000,2000
7512,1251856000,1251858000,2000
7513,1251858000,1251860000,2000
7514,1251860000,1251862000,2000
7515,1251862000,1251864000,2000
7516,1251864000,1251866000,2000
7517,1251866000,1251868000,2000
7518,1251868000,1251870000,2000
7519,1251870000,1251872000,2000
7520,1251872000,1251874000,2000
7521,1251874000,1251876000,2000
7522,1251876000,1251878000,2000
7523,1251878000,1251880000,2000
7524,1251880000,1251882000,2000
7525,1251882000,1251884000,2000
7526,1251884000,1251886000,2000
7527,1251886000,1251888000,2000
7528,1251888000,1251890000,2000
7529,1251890000,1251892000,2000
7530,1251892000,1251894000,2000
7531,1251894000,1251896000,2000
7532,1251896000,1251898000,2000
7533,1251898000,1251900000,2000
14450,1251900000,1251902000,2000
14451,1251902000,1251904000,2000
14452,1251904000,1251906000,2000
14453,1251906000,1251908000,2000
14454,1251908000,1251910000,2000
14455,1251910000,1251912000,2000
14456,1251912000,1251914000,2000
14457,1251914000,1251916000,2000
14458,1251916000,1251918000,2000
14459,1251918000,1251920000,2000
14460,1251920000,1251922000,2000
14461,1251922000,1251924000,2000
14462,1251924000,1251926000,2000
14463,1251926000,1251928000,2000
14464,1251928000,1251930000,2000
14465,1251930000,1251932000,2000
14466,1251932000,1251934000,2000
14467,1251934000,1251936000,2000
14468,1251936000,1251938000,2000
14469,1251938000,1251940000,2000
14470,1251940000,1251942000,2000
14471,1251942000,1251944000,2000
14472,1251944000,1251946000,2000
14473,1251946000,1251948000,2000
14474,1251948000,1251950000,2000
14475,1251950000,1251952000,2000
14476,1251952000,1251954000,2000
14477,1251954000,1251956000,2000
14478,1251956000,1251958000,2000
14479,1251958000,1251960000,2000
14480,1251960000,1251962000,2000
14481,1251962000,1251964000,2000
14482,1251964000,1251966000,2000
14483,1251966000,1251968000,2000
14484,1251968000,1251970000,2000
14485,1251970000,1251972000,2000
14486,1251972000,1251974000,2000
14487,1251974000,1251976000,2000
14488,1251976000,1251978000,2000
14489,1251978000,1251980000,2000
14490,1251980000,1251982000,2000
14491,1251982000,1251984000,2000
14492,1251984000,1251986000,2000
14493,1251986000,1251988000,2000
14494,1251988000,1251990000,2000
14495,1251990000,1251992000,2000
14496,1251992000,1251994000,2000
14497,1251994000,1251996000,2000
14498,1251996000,1251998000,2000
14499,1251998000,1252000000,2000
14500,1252000000,1252002000,2000
14501,1252002000,1252004000,2000
14502,1252004000,1252006000,2000
14503,1252006000,1252008000,2000
14504,1252008000,1252010000,2000
14505,1252010000,1252012000,2000
14506,1252012000,1252014000,2000
14507,1252014000,1252016000,2000
14508,1252016000,1252018000,2000
14509,1252018000,1252020000,2000
14510,1252020000,1252022000,2000
14511,1252022000,1252024000,2000
14512,1252024000,1252026000,2000
14513,1252026000,1252028000,2000
14514,1252028000,1252030000,2000
14515,1252030000,1252032000,2000
14516,1252032000,1252034000,2000
14517,1252034000,1252036000,2000
14518,1252036000,1252038000,2000
14519,1252038000,1252040000,2000
14520,1252040000,1252042000,2000
14521,1252042000,1252044000,2000
14522,1252044000,1252046000,2000
14523,1252046000,1252048000,2000
14524,1252048000,1252050000,2000
14525,1252050000,1252052000,2000
14526,1252052000,1252054000,2000
14527,1252054000,1252056000,2000
14528,1252056000,1252058000,2000
14529,1252058000,1252060000,2000
14530,1252060000,1252062000,2000
14531,1252062000,1252064000,2000
14532,1252064000,1252066000,2000
14533,1252066000,1252068000,2000
14534,1252068000,1252070000,2000
14535,1252070000,1252072000,2000
14536,1252072000,1252074000,2000
14537,1252074000,1252076000,2000
14538,1252076000,1252078000,2000
14539,1252078000,1252080000,2000
14540,1252080000,1252082000,2000
14541,1252082000,1252084000,2000
14542,1252084000,1252086000,2000
14543,1252086000,1252088000,2000
14544,1252088000,1252090000,2000
14545,1252090000,1252092000,2000
14546,1252092000,1252094000,2000
14547,1252094000,1252096000,2000
14548,1252096000,1252098000,2000
14549,1252098000,1252100000,2000
12100,1252100000,1252102000,2000
12101,1252102000,1252104000,2000
12102,1252104000,1252106000,2000
12103,1252106000,1252108000,2000
12104,1252108000,1252110000,2000
12105,1252110000,1252112000,2000
12106,1252112000,1252114000,2000
12107,1252114000,1252116000,2000
12108,1252116000,1252118000,2000
12109,1252118000,1252120000,2000
12110,1252120000,1252122000,2000
12111,1252122000,1252124000,2000
12112,1252124000,1252126000,2000
12113,1252126000,1252128000,2000
12114,1252128000,1252130000,2000
12115,1252130000,1252132000,2000
12116,1252132000,1252134000,2000
12117,1252134000,1252136000,2000
12118,1252136000,1252138000,2000
12119,1252138000,1252140000,2000
12120,1252140000,1252142000,2000
12121,1252142000,1252144000,2000
12122,1252144000,1252146000,2000
12123,1252146000,1252148000,2000
12124,1252148000,1252150000,2000
12125,1252150000,1252152000,2000
12126,1252152000,1252154000,2000
12127,1252154000,1252156000,2000
12128,1252156000,1252158000,2000
12129,1252158000,1252160000,2000
12130,1252160000,1252162000,2000
12131,1252162000,1252164000,2000
12132,1252164000,1252166000,2000
12133,1252166000,1252168000,2000
12134,1252168000,1252170000,2000
12135,1252170000,1252172000,2000
12136,1252172000,1252174000,2000
12137,1252174000,1252176000,2000
12138,1252176000,1252178000,2000
12139,1252178000,1252180000,2000
12140,1252180000,1252182000,2000
12141,1252182000,1252184000,2000
12142,1252184000,1252186000,2000
12143,1252186000,1252188000,2000
12144,1252188000,1252190000,2000
12145,1252190000,1252192000,2000
12146,1252192000,1252194000,2000
12147,1252194000,1252196000,2000
12148,1252196000,1252198000,2000
12149,1252198000,1252200000,2000
7384,1252200000,1252202000,2000
7385,1252202000,1252204000,2000
7386,1252204000,1252206000,2000
7387,1252206000,1252208000,2000
7388,1252208000,1252210000,2000
7389,1252210000,1252212000,2000
7390,1252212000,1252214000,2000
7391,1252214000,1252216000,2000
7392,1252216000,1252218000,2000
7393,1252218000,1252220000,2000
7394,1252220000,1252222000,2000
7395,1252222000,1252224000,2000
7396,1252224000,1252226000,2000
7397,1252226000,1252228000,2000
7398,1252228000,1252230000,2000
7399,1252230000,1252232000,2000
7400,1252232000,1252234000,2000
7401,1252234000,1252236000,2000
7402,1252236000,1252238000,2000
7403,1252238000,1252240000,2000
7404,1252240000,1252242000,2000
7405,1252242000,1252244000,2000
7406,1252244000,1252246000,2000
7407,1252246000,1252248000,2000
7408,1252248000,1252250000,2000
7409,1252250000,1252252000,2000
7410,1252252000,1252254000,2000
7411,1252254000,1252256000,2000
7412,1252256000,1252258000,2000
7413,1252258000,1252260000,2000
7414,1252260000,1252262000,2000
7415,1252262000,1252264000,2000
7416,1252264000,1252266000,2000
7417,1252266000,1252268000,2000
7418,1252268000,1252270000,2000
7419,1252270000,1252272000,2000
7420,1252272000,1252274000,2000
7421,1252274000,1252276000,2000
7422,1252276000,1252278000,2000
7423,1252278000,1252280000,2000
7424,1252280000,1252282000,2000
7425,1252282000,1252284000,2000
7426,1252284000,1252286000,2000
7427,1252286000,1252288000,2000
7428,1252288000,1252290000,2000
7429,1252290000,1252292000,2000
7430,1252292000,1252294000,2000
7431,1252294000,1252296000,2000
7432,1252296000,1252298000,2000
7433,1252298000,1252300000,2000
12150,1252300000,1252302000,2000
12151,1252302000,1252304000,2000
12152,1252304000,1252306000,2000
12153,1252306000,1252308000,2000
12154,1252308000,1252310000,2000
12155,1252310000,1252312000,2000
12156,1252312000,1252314000,2000
12157,1252314000,1252316000,2000
12158,1252316000,1252318000,2000
12159,1252318000,1252320000,2000
12160,1252320000,1252322000,2000
12161,1252322000,1252324000,2000
12162,1252324000,1252326000,2000
12163,1252326000,1252328000,2000
12164,1252328000,1252330000,2000
12165,1252330000,1252332000,2000
12166,1252332000,1252334000,2000
12167,1252334000,1252336000,2000
12168,1252336000,1252338000,2000
12169,1252338000,1252340000,2000
12170,1252340000,1252342000,2000
12171,1252342000,1252344000,2000
12172,1252344000,1252346000,2000
12173,1252346000,1252348000,2000
12174,1252348000,1252350000,2000
12175,1252350000,1252352000,2000
12176,1252352000,1252354000,2000
12177,1252354000,1252356000,2000
12178,1252356000,1252358000,2000
12179,1252358000,1252360000,2000
12180,1252360000,1252362000,2000
12181,1252362000,1252364000,2000
12182,1252364000,1252366000,2000
12183,1252366000,1252368000,2000
12184,1252368000,1252370000,2000
12185,1252370000,1252372000,2000
12186,1252372000,1252374000,2000
12187,1252374000,1252376000,2000
12188,1252376000,1252378000,2000
12189,1252378000,1252380000,2000
12190,1252380000,1252382000,2000
12191,1252382000,1252384000,2000
12192,1252384000,1252386000,2000
12193,1252386000,1252388000,2000
12194,1252388000,1252390000,2000
12195,1252390000,1252392000,2000
12196,1252392000,1252394000,2000
12197,1252394000,1252396000,2000
12198,1252396000,1252398000,2000
12199,1252398000,1252400000,2000
12200,1252400000,1252402000,2000
12201,1252402000,1252404000,2000
12202,1252404000,1252406000,2000
12203,1252406000,1252408000,2000
12204,1252408000,1252410000,2000
12205,1252410000,1252412000,2000
12206,1252412000,1252414000,2000
12207,1252414000,1252416000,2000
12208,1252416000,1252418000,2000
12209,1252418000,1252420000,2000
12210,1252420000,1252422000,2000
12211,1252422000,1252424000,2000
12212,1252424000,1252426000,2000
12213,1252426000,1252428000,2000
12214,1252428000,1252430000,2000
12215,1252430000,1252432000,2000
12216,1252432000,1252434000,2000
12217,1252434000,1252436000,2000
12218,1252436000,1252438000,2000
12219,1252438000,1252440000,2000
12220,1252440000,1252442000,2000
12221,1252442000,1252444000,2000
12222,1252444000,1252446000,2000
12223,1252446000,1252448000,2000
12224,1252448000,1252450000,2000
12225,1252450000,1252452000,2000
12226,1252452000,1252454000,2000
12227,1252454000,1252456000,2000
12228,1252456000,1252458000,2000
12229,1252458000,1252460000,2000
12230,1252460000,1252462000,2000
12231,1252462000,1252464000,2000
12232,1252464000,1252466000,2000
12233,1252466000,1252468000,2000
12234,1252468000,1252470000,2000
12235,1252470000,1252472000,2000
12236,1252472000,1252474000,2000
12237,1252474000,1252476000,2000
12238,1252476000,1252478000,2000
12239,1252478000,1252480000,2000
12240,1252480000,1252482000,2000
12241,1252482000,1252484000,2000
12242,1252484000,1252486000,2000
12243,1252486000,1252488000,2000
12244,1252488000,1252490000,2000
12245,1252490000,1252492000,2000
12246,1252492000,1252494000,2000
12247,1252494000,1252496000,2000
12248,1252496000,1252498000,2000
12249,1252498000,1252500000,2000
4432,1252500000,1252502000,2000
4433,1252502000,1252504000,2000
4434,1252504000,1252506000,2000
4435,1252506000,1252508000,2000
4436,1252508000,1252510000,2000
4437,1252510000,1252512000,2000
4438,1252512000,1252514000,2000
4439,1252514000,1252516000,2000
4440,1252516000,1252518000,2000
4441,1252518000,1252520000,2000
4442,1252520000,1252522000,2000
4443,1252522000,1252524000,2000
4444,1252524000,1252526000,2000
4445,1252526000,1252528000,2000
4446,1252528000,1252530000,2000
4447,1252530000,1252532000,2000
4448,1252532000,1252534000,2000
4449,1252534000,1252536000,2000
4450,1252536000,1252538000,2000
4451,1252538000,1252540000,2000
4452,1252540000,1252542000,2000
4453,1252542000,1252544000,2000
4454,1252544000,1252546000,2000
4455,1252546000,1252548000,2000
4456,1252548000,1252550000,2000
4457,1252550000,1252552000,2000
4458,1252552000,1252554000,2000
4459,1252554000,1252556000,2000
4460,1252556000,1252558000,2000
4461,1252558000,1252560000,2000
4462,1252560000,1252562000,2000
4463,1252562000,1252564000,2000
4464,1252564000,1252566000,2000
4465,1252566000,1252568000,2000
4466,1252568000,1252570000,2000
4467,1252570000,1252572000,2000
4468,1252572000,1252574000,2000
4469,1252574000,1252576000,2000
4470,1252576000,1252578000,2000
4471,1252578000,1252580000,2000
4472,1252580000,1252582000,2000
4473,1252582000,1252584000,2000
4474,1252584000,1252586000,2000
4475,1252586000,1252588000,2000
4476,1252588000,1252590000,2000
4477,1252590000,1252592000,2000
4478,1252592000,1252594000,2000
4479,1252594000,1252596000,2000
4480,1252596000,1252598000,2000
4481,1252598000,1252600000,2000
3982,1252600000,1252602000,2000
3983,1252602000,1252604000,2000
3984,1252604000,1252606000,2000
3985,1252606000,1252608000,2000
3986,1252608000,1252610000,2000
3987,1252610000,1252612000,2000
3988,1252612000,1252614000,2000
3989,1252614000,1252616000,2000
3990,1252616000,1252618000,2000
3991,1252618000,1252620000,2000
3992,1252620000,1252622000,2000
3993,1252622000,1252624000,2000
3994,1252624000,1252626000,2000
3995,1252626000,1252628000,2000
3996,1252628000,1252630000,2000
3997,1252630000,1252632000,2000
3998,1252632000,1252634000,2000
3999,1252634000,1252636000,2000
4000,1252636000,1252638000,2000
4001,1252638000,1252640000,2000
4002,1252640000,1252642000,2000
4003,1252642000,1252644000,2000
4004,1252644000,1252646000,2000
4005,1252646000,1252648000,2000
4006,1252648000,1252650000,2000
4007,1252650000,1252652000,2000
4008,1252652000,1252654000,2000
4009,1252654000,1252656000,2000
4010,1252656000,1252658000,2000
4011,1252658000,1252660000,2000
4012,1252660000,1252662000,2000
4013,1252662000,1252664000,2000
4014,1252664000,1252666000,2000
4015,1252666000,1252668000,2000
4016,1252668000,1252670000,2000
4017,1252670000,1252672000,2000
4018,1252672000,1252674000,2000
4019,1252674000,1252676000,2000
4020,1252676000,1252678000,2000
4021,1252678000,1252680000,2000
4022,1252680000,1252682000,2000
4023,1252682000,1252684000,2000
4024,1252684000,1252686000,2000
4025,1252686000,1252688000,2000
4026,1252688000,1252690000,2000
4027,1252690000,1252692000,2000
4028,1252692000,1252694000,2000
4029,1252694000,1252696000,2000
4030,1252696000,1252698000,2000
4031,1252698000,1252700000,2000
10932,1252700000,1252702000,2000
10933,1252702000,1252704000,2000
10934,1252704000,1252706000,2000
10935,1252706000,1252708000,2000
10936,1252708000,1252710000,2000
10937,1252710000,1252712000,2000
10938,1252712000,1252714000,2000
10939,1252714000,1252716000,2000
10940,1252716000,1252718000,2000
10941,1252718000,1252720000,2000
10942,1252720000,1252722000,2000
10943,1252722000,1252724000,2000
10944,1252724000,1252726000,2000
10945,1252726000,1252728000,2000
10946,1252728000,1252730000,2000
10947,1252730000,1252732000,2000
10948,1252732000,1252734000,2000
10949,1252734000,1252736000,2000
10950,1252736000,1252738000,2000
10951,1252738000,1252740000,2000
10952,1252740000,1252742000,2000
10953,1252742000,1252744000,2000
10954,1252744000,1252746000,2000
10955,1252746000,1252748000,2000
10956,1252748000,1252750000,2000
10957,1252750000,1252752000,2000
10958,1252752000,1252754000,2000
10959,1252754000,1252756000,2000
10960,1252756000,1252758000,2000
10961,1252758000,1252760000,2000
10962,1252760000,1252762000,2000
10963,1252762000,1252764000,2000
10964,1252764000,1252766000,2000
10965,1252766000,1252768000,2000
10966,1252768000,1252770000,2000
10967,1252770000,1252772000,2000
10968,1252772000,1252774000,2000
10969,1252774000,1252776000,2000
10970,1252776000,1252778000,2000
10971,1252778000,1252780000,2000
10972,1252780000,1252782000,2000
10973,1252782000,1252784000,2000
10974,1252784000,1252786000,2000
10975,1252786000,1252788000,2000
10976,1252788000,1252790000,2000
10977,1252790000,1252792000,2000
10978,1252792000,1252794000,2000
10979,1252794000,1252796000,2000
10980,1252796000,1252798000,2000
10981,1252798000,1252800000,2000
7284,1252800000,1252802000,2000
7285,1252802000,1252804000,2000
7286,1252804000,1252806000,2000
7287,1252806000,1252808000,2000
7288,1252808000,1252810000,2000
7289,1252810000,1252812000,2000
7290,1252812000,1252814000,2000
7291,1252814000,1252816000,2000
7292,1252816000,1252818000,2000
7293,1252818000,1252820000,2000
7294,1252820000,1252822000,2000
7295,1252822000,1252824000,2000
7296,1252824000,1252826000,2000
7297,1252826000,1252828000,2000
7298,1252828000,1252830000,2000
7299,1252830000,1252832000,2000
7300,1252832000,1252834000,2000
7301,1252834000,1252836000,2000
7302,1252836000,1252838000,2000
7303,1252838000,1252840000,2000
7304,1252840000,1252842000,2000
7305,1252842000,1252844000,2000
7306,1252844000,1252846000,2000
7307,1252846000,1252848000,2000
7308,1252848000,1252850000,2000
7309,1252850000,1252852000,2000
7310,1252852000,1252854000,2000
7311,1252854000,1252856000,2000
7312,1252856000,1252858000,2000
7313,1252858000,1252860000,2000
7314,1252860000,1252862000,2000
7315,1252862000,1252864000,2000
7316,1252864000,1252866000,2000
7317,1252866000,1252868000,2000
7318,1252868000,1252870000,2000
7319,1252870000,1252872000,2000
7320,1252872000,1252874000,2000
7321,1252874000,1252876000,2000
7322,1252876000,1252878000,2000
7323,1252878000,1252880000,2000
7324,1252880000,1252882000,2000
7325,1252882000,1252884000,2000
7326,1252884000,1252886000,2000
7327,1252886000,1252888000,2000
7328,1252888000,1252890000,2000
7329,1252890000,1252892000,2000
7330,1252892000,1252894000,2000
7331,1252894000,1252896000,2000
7332,1252896000,1252898000,2000
7333,1252898000,1252900000,2000
3482,1252900000,1252902000,2000
3483,1252902000,1252904000,2000
3484,1252904000,1252906000,2000
3485,1252906000,1252908000,2000
3486,1252908000,1252910000,2000
3487,1252910000,1252912000,2000
3488,1252912000,1252914000,2000
3489,1252914000,1252916000,2000
3490,1252916000,1252918000,2000
3491,1252918000,1252920000,2000
3492,1252920000,1252922000,2000
3493,1252922000,1252924000,2000
3494,1252924000,1252926000,2000
3495,1252926000,1252928000,2000
3496,1252928000,1252930000,2000
3497,1252930000,1252932000,2000
3498,1252932000,1252934000,2000
3499,1252934000,1252936000,2000
3500,1252936000,1252938000,2000
3501,1252938000,1252940000,2000
3502,1252940000,1252942000,2000
3503,1252942000,1252944000,2000
3504,1252944000,1252946000,2000
3505,1252946000,1252948000,2000
3506,1252948000,1252950000,2000
3507,1252950000,1252952000,2000
3508,1252952000,1252954000,2000
3509,1252954000,1252956000,2000
3510,1252956000,1252958000,2000
3511,1252958000,1252960000,2000
3512,1252960000,1252962000,2000
3513,1252962000,1252964000,2000
3514,1252964000,1252966000,2000
3515,1252966000,1252968000,2000
3516,1252968000,1252970000,2000
3517,1252970000,1252972000,2000
3518,1252972000,1252974000,2000
3519,1252974000,1252976000,2000
3520,1252976000,1252978000,2000
3521,1252978000,1252980000,2000
3522,1252980000,1252982000,2000
3523,1252982000,1252984000,2000
3524,1252984000,1252986000,2000
3525,1252986000,1252988000,2000
3526,1252988000,1252990000,2000
3527,1252990000,1252992000,2000
3528,1252992000,1252994000,2000
3529,1252994000,1252996000,2000
3530,1252996000,1252998000,2000
3531,1252998000,1253000000,2000
13300,1253000000,1253002000,2000
13301,1253002000,1253004000,2000
13302,1253004000,1253006000,2000
13303,1253006000,1253008000,2000
13304,1253008000,1253010000,2000
13305,1253010000,1253012000,2000
13306,1253012000,1253014000,2000
13307,1253014000,1253016000,2000
13308,1253016000,1253018000,2000
13309,1253018000,1253020000,2000
13310,1253020000,1253022000,2000
13311,1253022000,1253024000,2000
13312,1253024000,1253026000,2000
13313,1253026000,1253028000,2000
13314,1253028000,1253030000,2000
13315,1253030000,1253032000,2000
13316,1253032000,1253034000,2000
13317,1253034000,1253036000,2000
13318,1253036000,1253038000,2000
13319,1253038000,1253040000,2000
13320,1253040000,1253042000,2000
13321,1253042000,1253044000,2000
13322,1253044000,1253046000,2000
13323,1253046000,1253048000,2000
13324,1253048000,1253050000,2000
13325,1253050000,1253052000,2000
13326,1253052000,1253054000,2000
13327,1253054000,1253056000,2000
13328,1253056000,1253058000,2000
13329,1253058000,1253060000,2000
13330,1253060000,1253062000,2000
13331,1253062000,1253064000,2000
13332,1253064000,1253066000,2000
13333,1253066000,1253068000,2000
13334,1253068000,1253070000,2000
13335,1253070000,1253072000,2000
13336,1253072000,1253074000,2000
13337,1253074000,1253076000,2000
13338,1253076000,1253078000,2000
13339,1253078000,1253080000,2000
13340,1253080000,1253082000,2000
13341,1253082000,1253084000,2000
13342,1253084000,1253086000,2000
13343,1253086000,1253088000,2000
13344,1253088000,1253090000,2000
13345,1253090000,1253092000,2000
13346,1253092000,1253094000,2000
13347,1253094000,1253096000,2000
13348,1253096000,1253098000,2000
13349,1253098000,1253100000,2000
13950,1253100000,1253102000,2000
13951,1253102000,1253104000,2000
13952,1253104000,1253106000,2000
13953,1253106000,1253108000,2000
13954,1253108000,1253110000,2000
13955,1253110000,1253112000,2000
13956,1253112000,1253114000,2000
13957,1253114000,1253116000,2000
13958,1253116000,1253118000,2000
13959,1253118000,1253120000,2000
13960,1253120000,1253122000,2000
13961,1253122000,1253124000,2000
13962,1253124000,1253126000,2000
13963,1253126000,1253128000,2000
13964,1253128000,1253130000,2000
13965,1253130000,1253132000,2000
13966,1253132000,1253134000,2000
13967,1253134000,1253136000,2000
13968,1253136000,1253138000,2000
13969,1253138000,1253140000,2000
13970,1253140000,1253142000,2000
13971,1253142000,1253144000,2000
13972,1253144000,1253146000,2000
13973,1253146000,1253148000,2000
13974,1253148000,1253150000,2000
13975,1253150000,1253152000,2000
13976,1253152000,1253154000,2000
13977,1253154000,1253156000,2000
13978,1253156000,1253158000,2000
13979,1253158000,1253160000,2000
13980,1253160000,1253162000,2000
13981,1253162000,1253164000,2000
13982,1253164000,1253166000,2000
13983,1253166000,1253168000,2000
13984,1253168000,1253170000,2000
13985,1253170000,1253172000,2000
13986,1253172000,1253174000,2000
13987,1253174000,1253176000,2000
13988,1253176000,1253178000,2000
13989,1253178000,1253180000,2000
13990,1253180000,1253182000,2000
13991,1253182000,1253184000,2000
13992,1253184000,1253186000,2000
13993,1253186000,1253188000,2000
13994,1253188000,1253190000,2000
13995,1253190000,1253192000,2000
13996,1253192000,1253194000,2000
13997,1253194000,1253196000,2000
13998,1253196000,1253198000,2000
13999,1253198000,1253200000,2000
9034,1253200000,1253202000,2000
9035,1253202000,1253204000,2000
9036,1253204000,1253206000,2000
9037,1253206000,1253208000,2000
9038,1253208000,1253210000,2000
9039,1253210000,1253212000,2000
9040,1253212000,1253214000,2000
9041,1253214000,1253216000,2000
9042,1253216000,1253218000,2000
9043,1253218000,1253220000,2000
9044,1253220000,1253222000,2000
9045,1253222000,1253224000,2000
9046,1253224000,1253226000,2000
9047,1253226000,1253228000,2000
9048,1253228000,1253230000,2000
9049,1253230000,1253232000,2000
9050,1253232000,1253234000,2000
9051,1253234000,1253236000,2000
9052,1253236000,1253238000,2000
9053,1253238000,1253240000,2000
9054,1253240000,1253242000,2000
9055,1253242000,1253244000,2000
9056,1253244000,1253246000,2000
9057,1253246000,1253248000,2000
9058,1253248000,1253250000,2000
9059,1253250000,1253252000,2000
9060,1253252000,1253254000,2000
9061,1253254000,1253256000,2000
9062,1253256000,1253258000,2000
9063,1253258000,1253260000,2000
9064,1253260000,1253262000,2000
9065,1253262000,1253264000,2000
9066,1253264000,1253266000,2000
9067,1253266000,1253268000,2000
9068,1253268000,1253270000,2000
9069,1253270000,1253272000,2000
9070,1253272000,1253274000,2000
9071,1253274000,1253276000,2000
9072,1253276000,1253278000,2000
9073,1253278000,1253280000,2000
9074,1253280000,1253282000,2000
9075,1253282000,1253284000,2000
9076,1253284000,1253286000,2000
9077,1253286000,1253288000,2000
9078,1253288000,1253290000,2000
9079,1253290000,1253292000,2000
9080,1253292000,1253294000,2000
9081,1253294000,1253296000,2000
9082,1253296000,1253298000,2000
9083,1253298000,1253300000,2000
5332,1253300000,1253302000,2000
5333,1253302000,1253304000,2000
5334,1253304000,1253306000,2000
5335,1253306000,1253308000,2000
5336,1253308000,1253310000,2000
5337,1253310000,1253312000,2000
5338,1253312000,1253314000,2000
5339,1253314000,1253316000,2000
5340,1253316000,1253318000,2000
5341,1253318000,1253320000,2000
5342,1253320000,1253322000,2000
5343,1253322000,1253324000,2000
5344,1253324000,1253326000,2000
5345,1253326000,1253328000,2000
5346,1253328000,1253330000,2000
5347,1253330000,1253332000,2000
5348,1253332000,1253334000,2000
5349,1253334000,1253336000,2000
5350,1253336000,1253338000,2000
5351,1253338000,1253340000,2000
5352,1253340000,1253342000,2000
5353,1253342000,1253344000,2000
5354,1253344000,1253346000,2000
5355,1253346000,1253348000,2000
5356,1253348000,1253350000,2000
5357,1253350000,1253352000,2000
5358,1253352000,1253354000,2000
5359,1253354000,1253356000,2000
5360,1253356000,1253358000,2000
5361,1253358000,1253360000,2000
5362,1253360000,1253362000,2000
5363,1253362000,1253364000,2000
5364,1253364000,1253366000,2000
5365,1253366000,1253368000,2000
5366,1253368000,1253370000,2000
5367,1253370000,1253372000,2000
5368,1253372000,1253374000,2000
5369,1253374000,1253376000,2000
5370,1253376000,1253378000,2000
5371,1253378000,1253380000,2000
5372,1253380000,1253382000,2000
5373,1253382000,1253384000,2000
5374,1253384000,1253386000,2000
5375,1253386000,1253388000,2000
5376,1253388000,1253390000,2000
5377,1253390000,1253392000,2000
5378,1253392000,1253394000,2000
5379,1253394000,1253396000,2000
5380,1253396000,1253398000,2000
5381,1253398000,1253400000,2000
10532,1253400000,1253402000,2000
10533,1253402000,1253404000,2000
10534,1253404000,1253406000,2000
10535,1253406000,1253408000,2000
10536,1253408000,1253410000,2000
10537,1253410000,1253412000,2000
10538,1253412000,1253414000,2000
10539,1253414000,1253416000,2000
10540,1253416000,1253418000,2000
10541,1253418000,1253420000,2000
10542,1253420000,1253422000,2000
10543,1253422000,1253424000,2000
10544,1253424000,1253426000,2000
10545,1253426000,1253428000,2000
10546,1253428000,1253430000,2000
10547,1253430000,1253432000,2000
10548,1253432000,1253434000,2000
10549,1253434000,1253436000,2000
10550,1253436000,1253438000,2000
10551,1253438000,1253440000,2000
10552,1253440000,1253442000,2000
10553,1253442000,1253444000,2000
10554,1253444000,1253446000,2000
10555,1253446000,1253448000,2000
10556,1253448000,1253450000,2000
10557,1253450000,1253452000,2000
10558,1253452000,1253454000,2000
10559,1253454000,1253456000,2000
10560,1253456000,1253458000,2000
10561,1253458000,1253460000,2000
10562,1253460000,1253462000,2000
10563,1253462000,1253464000,2000
10564,1253464000,1253466000,2000
10565,1253466000,1253468000,2000
10566,1253468000,1253470000,2000
10567,1253470000,1253472000,2000
10568,1253472000,1253474000,2000
10569,1253474000,1253476000,2000
10570,1253476000,1253478000,2000
10571,1253478000,1253480000,2000
10572,1253480000,1253482000,2000
10573,1253482000,1253484000,2000
10574,1253484000,1253486000,2000
10575,1253486000,1253488000,2000
10576,1253488000,1253490000,2000
10577,1253490000,1253492000,2000
10578,1253492000,1253494000,2000
10579,1253494000,1253496000,2000
10580,1253496000,1253498000,2000
10581,1253498000,1253500000,2000
100,1253500000,1253502000,2000
101,1253502000,1253504000,2000
102,1253504000,1253506000,2000
103,1253506000,1253508000,2000
104,1253508000,1253510000,2000
105,1253510000,1253512000,2000
106,1253512000,1253514000,2000
107,1253514000,1253516000,2000
108,1253516000,1253518000,2000
109,1253518000,1253520000,2000
110,1253520000,1253522000,2000
111,1253522000,1253524000,2000
112,1253524000,1253526000,2000
113,1253526000,1253528000,2000
114,1253528000,1253530000,2000
115,1253530000,1253532000,2000
116,1253532000,1253534000,2000
117,1253534000,1253536000,2000
118,1253536000,1253538000,2000
119,1253538000,1253540000,2000
120,1253540000,1253542000,2000
121,1253542000,1253544000,2000
122,1253544000,1253546000,2000
123,1253546000,1253548000,2000
124,1253548000,1253550000,2000
125,1253550000,1253552000,2000
126,1253552000,1253554000,2000
127,1253554000,1253556000,2000
128,1253556000,1253558000,2000
129,1253558000,1253560000,2000
130,1253560000,1253562000,2000
131,1253562000,1253564000,2000
132,1253564000,1253566000,2000
133,1253566000,1253568000,2000
134,1253568000,1253570000,2000
135,1253570000,1253572000,2000
136,1253572000,1253574000,2000
137,1253574000,1253576000,2000
138,1253576000,1253578000,2000
139,1253578000,1253580000,2000
140,1253580000,1253582000,2000
141,1253582000,1253584000,2000
142,1253584000,1253586000,2000
143,1253586000,1253588000,2000
144,1253588000,1253590000,2000
145,1253590000,1253592000,2000
146,1253592000,1253594000,2000
147,1253594000,1253596000,2000
148,1253596000,1253598000,2000
149,1253598000,1253600000,2000
650,1253600000,1253602000,2000
651,1253602000,1253604000,2000
652,1253604000,1253606000,2000
653,1253606000,1253608000,2000
654,1253608000,1253610000,2000
655,1253610000,1253612000,2000
656,1253612000,1253614000,2000
657,1253614000,1253616000,2000
658,1253616000,1253618000,2000
659,1253618000,1253620000,2000
660,1253620000,1253622000,2000
661,1253622000,1253624000,2000
662,1253624000,1253626000,2000
663,1253626000,1253628000,2000
664,1253628000,1253630000,2000
665,1253630000,1253632000,2000
666,1253632000,1253634000,2000
667,1253634000,1253636000,2000
668,1253636000,1253638000,2000
669,1253638000,1253640000,2000
670,1253640000,1253642000,2000
671,1253642000,1253644000,2000
672,1253644000,1253646000,2000
673,1253646000,1253648000,2000
674,1253648000,1253650000,2000
675,1253650000,1253652000,2000
676,1253652000,1253654000,2000
677,1253654000,1253656000,2000
678,1253656000,1253658000,2000
679,1253658000,1253660000,2000
680,1253660000,1253662000,2000
681,1253662000,1253664000,2000
682,1253664000,1253666000,2000
683,1253666000,1253668000,2000
684,1253668000,1253670000,2000
685,1253670000,1253672000,2000
686,1253672000,1253674000,2000
687,1253674000,1253676000,2000
688,1253676000,1253678000,2000
689,1253678000,1253680000,2000
690,1253680000,1253682000,2000
691,1253682000,1253684000,2000
692,1253684000,1253686000,2000
693,1253686000,1253688000,2000
694,1253688000,1253690000,2000
695,1253690000,1253692000,2000
696,1253692000,1253694000,2000
697,1253694000,1253696000,2000
698,1253696000,1253698000,2000
699,1253698000,1253700000,2000
3332,1253700000,1253702000,2000
3333,1253702000,1253704000,2000
3334,1253704000,1253706000,2000
3335,1253706000,1253708000,2000
3336,1253708000,1253710000,2000
3337,1253710000,1253712000,2000
3338,1253712000,1253714000,2000
3339,1253714000,1253716000,2000
3340,1253716000,1253718000,2000
3341,1253718000,1253720000,2000
3342,1253720000,1253722000,2000
3343,1253722000,1253724000,2000
3344,1253724000,1253726000,2000
3345,1253726000,1253728000,2000
3346,1253728000,1253730000,2000
3347,1253730000,1253732000,2000
3348,1253732000,1253734000,2000
3349,1253734000,1253736000,2000
3350,1253736000,1253738000,2000
3351,1253738000,1253740000,2000
3352,1253740000,1253742000,2000
3353,1253742000,1253744000,2000
3354,1253744000,1253746000,2000
3355,1253746000,1253748000,2000
3356,1253748000,1253750000,2000
3357,1253750000,1253752000,2000
3358,1253752000,1253754000,2000
3359,1253754000,1253756000,2000
3360,1253756000,1253758000,2000
3361,1253758000,1253760000,2000
3362,1253760000,1253762000,2000
3363,1253762000,1253764000,2000
3364,1253764000,1253766000,2000
3365,1253766000,1253768000,2000
3366,1253768000,1253770000,2000
3367,1253770000,1253772000,2000
3368,1253772000,1253774000,2000
3369,1253774000,1253776000,2000
3370,1253776000,1253778000,2000
3371,1253778000,1253780000,2000
3372,1253780000,1253782000,2000
3373,1253782000,1253784000,2000
3374,1253784000,1253786000,2000
3375,1253786000,1253788000,2000
3376,1253788000,1253790000,2000
3377,1253790000,1253792000,2000
3378,1253792000,1253794000,2000
3379,1253794000,1253796000,2000
3380,1253796000,1253798000,2000
3381,1253798000,1253800000,2000
250,1253800000,1253802000,2000
251,1253802000,1253804000,2000
252,1253804000,1253806000,2000
253,1253806000,1253808000,2000
254,1253808000,1253810000,2000
255,1253810000,1253812000,2000
256,1253812000,1253814000,2000
257,1253814000,1253816000,2000
258,1253816000,1253818000,2000
259,1253818000,1253820000,2000
260,1253820000,1253822000,2000
261,1253822000,1253824000,2000
262,1253824000,1253826000,2000
263,1253826000,1253828000,2000
264,1253828000,1253830000,2000
265,1253830000,1253832000,2000
266,1253832000,1253834000,2000
267,1253834000,1253836000,2000
268,1253836000,1253838000,2000
269,1253838000,1253840000,2000
270,1253840000,1253842000,2000
271,1253842000,1253844000,2000
272,1253844000,1253846000,2000
273,1253846000,1253848000,2000
274,1253848000,1253850000,2000
275,1253850000,1253852000,2000
276,1253852000,1253854000,2000
277,1253854000,1253856000,2000
278,1253856000,1253858000,2000
279,1253858000,1253860000,2000
280,1253860000,1253862000,2000
281,1253862000,1253864000,2000
282,1253864000,1253866000,2000
283,1253866000,1253868000,2000
284,1253868000,1253870000,2000
285,1253870000,1253872000,2000
286,1253872000,1253874000,2000
287,1253874000,1253876000,2000
288,1253876000,1253878000,2000
289,1253878000,1253880000,2000
290,1253880000,1253882000,2000
291,1253882000,1253884000,2000
292,1253884000,1253886000,2000
293,1253886000,1253888000,2000
294,1253888000,1253890000,2000
295,1253890000,1253892000,2000
296,1253892000,1253894000,2000
297,1253894000,1253896000,2000
298,1253896000,1253898000,2000
299,1253898000,1253900000,2000
1282,1253900000,1253902000,2000
1283,1253902000,1253904000,2000
1284,1253904000,1253906000,2000
1285,1253906000,1253908000,2000
1286,1253908000,1253910000,2000
1287,1253910000,1253912000,2000
1288,1253912000,1253914000,2000
1289,1253914000,1253916000,2000
1290,1253916000,1253918000,2000
1291,1253918000,1253920000,2000
1292,1253920000,1253922000,2000
1293,1253922000,1253924000,2000
1294,1253924000,1253926000,2000
1295,1253926000,1253928000,2000
1296,1253928000,1253930000,2000
1297,1253930000,1253932000,2000
1298,1253932000,1253934000,2000
1299,1253934000,1253936000,2000
1300,1253936000,1253938000,2000
1301,1253938000,1253940000,2000
1302,1253940000,1253942000,2000
1303,1253942000,1253944000,2000
1304,1253944000,1253946000,2000
1305,1253946000,1253948000,2000
1306,1253948000,1253950000,2000
1307,1253950000,1253952000,2000
1308,1253952000,1253954000,2000
1309,1253954000,1253956000,2000
1310,1253956000,1253958000,2000
1311,1253958000,1253960000,2000
1312,1253960000,1253962000,2000
1313,1253962000,1253964000,2000
1314,1253964000,1253966000,2000
1315,1253966000,1253968000,2000
1316,1253968000,1253970000,2000
1317,1253970000,1253972000,2000
1318,1253972000,1253974000,2000
1319,1253974000,1253976000,2000
1320,1253976000,1253978000,2000
1321,1253978000,1253980000,2000
1322,1253980000,1253982000,2000
1323,1253982000,1253984000,2000
1324,1253984000,1253986000,2000
1325,1253986000,1253988000,2000
1326,1253988000,1253990000,2000
1327,1253990000,1253992000,2000
1328,1253992000,1253994000,2000
1329,1253994000,1253996000,2000
1330,1253996000,1253998000,2000
1331,1253998000,1254000000,2000
4582,1254000000,1254002000,2000
4583,1254002000,1254004000,2000
4584,1254004000,1254006000,2000
4585,1254006000,1254008000,2000
4586,1254008000,1254010000,2000
4587,1254010000,1254012000,2000
4588,1254012000,1254014000,2000
4589,1254014000,1254016000,2000
4590,1254016000,1254018000,2000
4591,1254018000,1254020000,2000
4592,1254020000,1254022000,2000
4593,1254022000,1254024000,2000
4594,1254024000,1254026000,2000
4595,1254026000,1254028000,2000
4596,1254028000,1254030000,2000
4597,1254030000,1254032000,2000
4598,1254032000,1254034000,2000
4599,1254034000,1254036000,2000
4600,1254036000,1254038000,2000
4601,1254038000,1254040000,2000
4602,1254040000,1254042000,2000
4603,1254042000,1254044000,2000
4604,1254044000,1254046000,2000
4605,1254046000,1254048000,2000
4606,1254048000,1254050000,2000
4607,1254050000,1254052000,2000
4608,1254052000,1254054000,2000
4609,1254054000,1254056000,2000
4610,1254056000,1254058000,2000
4611,1254058000,1254060000,2000
4612,1254060000,1254062000,2000
4613,1254062000,1254064000,2000
4614,1254064000,1254066000,2000
4615,1254066000,1254068000,2000
4616,1254068000,1254070000,2000
4617,1254070000,1254072000,2000
4618,1254072000,1254074000,2000
4619,1254074000,1254076000,2000
4620,1254076000,1254078000,2000
4621,1254078000,1254080000,2000
4622,1254080000,1254082000,2000
4623,1254082000,1254084000,2000
4624,1254084000,1254086000,2000
4625,1254086000,1254088000,2000
4626,1254088000,1254090000,2000
4627,1254090000,1254092000,2000
4628,1254092000,1254094000,2000
4629,1254094000,1254096000,2000
4630,1254096000,1254098000,2000
4631,1254098000,1254100000,2000
9491,1254100000,1254102000,2000
9492,1254102000,1254104000,2000
9493,1254104000,1254106000,2000
9494,1254106000,1254108000,2000
9495,1254108000,1254110000,2000
9496,1254110000,1254112000,2000
9497,1254112000,1254114000,2000
9498,1254114000,1254116000,2000
9499,1254116000,1254118000,2000
9500,1254118000,1254120000,2000
9501,1254120000,1254122000,2000
9502,1254122000,1254124000,2000
9503,1254124000,1254126000,2000
9504,1254126000,1254128000,2000
9505,1254128000,1254130000,2000
9506,1254130000,1254132000,2000
9507,1254132000,1254134000,2000
9508,1254134000,1254136000,2000
9509,1254136000,1254138000,2000
9485,1254138000,1254138312,312
9490,1254138312,1254140000,1688
9489,1254140000,1254140789,789
9488,1254140789,1254141572,783
9486,1254141572,1254142000,428
9510,1254142000,1254144000,2000
9511,1254144000,1254146000,2000
9512,1254146000,1254148000,2000
9487,1254148000,1254148447,447
9484,1254161914,1254162000,86
9513,1254162000,1254164000,2000
9514,1254164000,1254166000,2000
9515,1254166000,1254168000,2000
9516,1254168000,1254170000,2000
9517,1254170000,1254172000,2000
9518,1254172000,1254174000,2000
9519,1254174000,1254176000,2000
9520,1254176000,1254178000,2000
9521,1254178000,1254180000,2000
9522,1254180000,1254182000,2000
9523,1254182000,1254184000,2000
9524,1254184000,1254186000,2000
9525,1254186000,1254188000,2000
9526,1254188000,1254190000,2000
9527,1254190000,1254192000,2000
9528,1254192000,1254194000,2000
9529,1254194000,1254196000,2000
9530,1254196000,1254198000,2000
9531,1254198000,1254200000,2000
8884,1254200000,1254202000,2000
8885,1254202000,1254204000,2000
8886,1254204000,1254206000,2000
8887,1254206000,1254208000,2000
8888,1254208000,1254210000,2000
8889,1254210000,1254212000,2000
8890,1254212000,1254214000,2000
8891,1254214000,1254216000,2000
8892,1254216000,1254218000,2000
8893,1254218000,1254220000,2000
8894,1254220000,1254222000,2000
8895,1254222000,1254224000,2000
8896,1254224000,1254226000,2000
8897,1254226000,1254228000,2000
8898,1254228000,1254230000,2000
8899,1254230000,1254232000,2000
8900,1254232000,1254234000,2000
8901,1254234000,1254236000,2000
8902,1254236000,1254238000,2000
8903,1254238000,1254240000,2000
8904,1254240000,1254242000,2000
8905,1254242000,1254244000,2000
8906,1254244000,1254246000,2000
8907,1254246000,1254248000,2000
8908,1254248000,1254250000,2000
8909,1254250000,1254252000,2000
8910,1254252000,1254254000,2000
8911,1254254000,1254256000,2000
8912,1254256000,1254258000,2000
8913,1254258000,1254260000,2000
8914,1254260000,1254262000,2000
8915,1254262000,1254264000,2000
8916,1254264000,1254266000,2000
8917,1254266000,1254268000,2000
8918,1254268000,1254270000,2000
8919,1254270000,1254272000,2000
8920,1254272000,1254274000,2000
8921,1254274000,1254276000,2000
8922,1254276000,1254278000,2000
8923,1254278000,1254280000,2000
8924,1254280000,1254282000,2000
8925,1254282000,1254284000,2000
8926,1254284000,1254286000,2000
8927,1254286000,1254288000,2000
8928,1254288000,1254290000,2000
8929,1254290000,1254292000,2000
8930,1254292000,1254294000,2000
8931,1254294000,1254296000,2000
8932,1254296000,1254298000,2000
8933,1254298000,1254300000,2000
14100,1254300000,1254302000,2000
14101,1254302000,1254304000,2000
14102,1254304000,1254306000,2000
14103,1254306000,1254308000,2000
14104,1254308000,1254310000,2000
14105,1254310000,1254312000,2000
14106,1254312000,1254314000,2000
14107,1254314000,1254316000,2000
14108,1254316000,1254318000,2000
14109,1254318000,1254320000,2000
14110,1254320000,1254322000,2000
14111,1254322000,1254324000,2000
14112,1254324000,1254326000,2000
14113,1254326000,1254328000,2000
14114,1254328000,1254330000,2000
14115,1254330000,1254332000,2000
14116,1254332000,1254334000,2000
14117,1254334000,1254336000,2000
14118,1254336000,1254338000,2000
14119,1254338000,1254340000,2000
14120,1254340000,1254342000,2000
14121,1254342000,1254344000,2000
14122,1254344000,1254346000,2000
14123,1254346000,1254348000,2000
14124,1254348000,1254350000,2000
14125,1254350000,1254352000,2000
14126,1254352000,1254354000,2000
14127,1254354000,1254356000,2000
14128,1254356000,1254358000,2000
14129,1254358000,1254360000,2000
14130,1254360000,1254362000,2000
14131,1254362000,1254364000,2000
14132,1254364000,1254366000,2000
14133,1254366000,1254368000,2000
14134,1254368000,1254370000,2000
14135,1254370000,1254372000,2000
14136,1254372000,1254374000,2000
14137,1254374000,1254376000,2000
14138,1254376000,1254378000,2000
14139,1254378000,1254380000,2000
14140,1254380000,1254382000,2000
14141,1254382000,1254384000,2000
14142,1254384000,1254386000,2000
14143,1254386000,1254388000,2000
14144,1254388000,1254390000,2000
14145,1254390000,1254392000,2000
14146,1254392000,1254394000,2000
14147,1254394000,1254396000,2000
14148,1254396000,1254398000,2000
14149,1254398000,1254400000,2000
6382,1254400000,1254402000,2000
6383,1254402000,1254404000,2000
6384,1254404000,1254406000,2000
6385,1254406000,1254408000,2000
6386,1254408000,1254410000,2000
6387,1254410000,1254412000,2000
6388,1254412000,1254414000,2000
6389,1254414000,1254416000,2000
6390,1254416000,1254418000,2000
6391,1254418000,1254420000,2000
6392,1254420000,1254422000,2000
6393,1254422000,1254424000,2000
6394,1254424000,1254426000,2000
6395,1254426000,1254428000,2000
6396,1254428000,1254430000,2000
6397,1254430000,1254432000,2000
6398,1254432000,1254434000,2000
6399,1254434000,1254436000,2000
6400,1254436000,1254438000,2000
6401,1254438000,1254440000,2000
6402,1254440000,1254442000,2000
6403,1254442000,1254444000,2000
6404,1254444000,1254446000,2000
6405,1254446000,1254448000,2000
6406,1254448000,1254450000,2000
6407,1254450000,1254452000,2000
6408,1254452000,1254454000,2000
6409,1254454000,1254456000,2000
6410,1254456000,1254458000,2000
6411,1254458000,1254460000,2000
6412,1254460000,1254462000,2000
6413,1254462000,1254464000,2000
6414,1254464000,1254466000,2000
6415,1254466000,1254468000,2000
6416,1254468000,1254470000,2000
6417,1254470000,1254472000,2000
6418,1254472000,1254474000,2000
6419,1254474000,1254476000,2000
6420,1254476000,1254478000,2000
6421,1254478000,1254480000,2000
6422,1254480000,1254482000,2000
6423,1254482000,1254484000,2000
6424,1254484000,1254486000,2000
6425,1254486000,1254488000,2000
6426,1254488000,1254490000,2000
6427,1254490000,1254492000,2000
6428,1254492000,1254494000,2000
6429,1254494000,1254496000,2000
6430,1254496000,1254498000,2000
6431,1254498000,1254500000,2000
3782,1254500000,1254502000,2000
3783,1254502000,1254504000,2000
3784,1254504000,1254506000,2000
3785,1254506000,1254508000,2000
3786,1254508000,1254510000,2000
3787,1254510000,1254512000,2000
3788,1254512000,1254514000,2000
3789,1254514000,1254516000,2000
3790,1254516000,1254518000,2000
3791,1254518000,1254520000,2000
3792,1254520000,1254522000,2000
3793,1254522000,1254524000,2000
3794,1254524000,1254526000,2000
3795,1254526000,1254528000,2000
3796,1254528000,1254530000,2000
3797,1254530000,1254532000,2000
3798,1254532000,1254534000,2000
3799,1254534000,1254536000,2000
3800,1254536000,1254538000,2000
3801,1254538000,1254540000,2000
3802,1254540000,1254542000,2000
3803,1254542000,1254544000,2000
3804,1254544000,1254546000,2000
3805,1254546000,1254548000,2000
3806,1254548000,1254550000,2000
3807,1254550000,1254552000,2000
3808,1254552000,1254554000,2000
3809,1254554000,1254556000,2000
3810,1254556000,1254558000,2000
3811,1254558000,1254560000,2000
3812,1254560000,1254562000,2000
3813,1254562000,1254564000,2000
3814,1254564000,1254566000,2000
3815,1254566000,1254568000,2000
3816,1254568000,1254570000,2000
3817,1254570000,1254572000,2000
3818,1254572000,1254574000,2000
3819,1254574000,1254576000,2000
3820,1254576000,1254578000,2000
3821,1254578000,1254580000,2000
3822,1254580000,1254582000,2000
3823,1254582000,1254584000,2000
3824,1254584000,1254586000,2000
3825,1254586000,1254588000,2000
3826,1254588000,1254590000,2000
3827,1254590000,1254592000,2000
3828,1254592000,1254594000,2000
3829,1254594000,1254596000,2000
3830,1254596000,1254598000,2000
3831,1254598000,1254600000,2000
9384,1254600000,1254602000,2000
9385,1254602000,1254604000,2000
9386,1254604000,1254606000,2000
9387,1254606000,1254608000,2000
9388,1254608000,1254610000,2000
9389,1254610000,1254612000,2000
9390,1254612000,1254614000,2000
9391,1254614000,1254616000,2000
9392,1254616000,1254618000,2000
9393,1254618000,1254620000,2000
9394,1254620000,1254622000,2000
9395,1254622000,1254624000,2000
9396,1254624000,1254626000,2000
9397,1254626000,1254628000,2000
9398,1254628000,1254630000,2000
9399,1254630000,1254632000,2000
9400,1254632000,1254634000,2000
9401,1254634000,1254636000,2000
9402,1254636000,1254638000,2000
9403,1254638000,1254640000,2000
9404,1254640000,1254642000,2000
9405,1254642000,1254644000,2000
9406,1254644000,1254646000,2000
9407,1254646000,1254648000,2000
9408,1254648000,1254650000,2000
9409,1254650000,1254652000,2000
9410,1254652000,1254654000,2000
9411,1254654000,1254656000,2000
9412,1254656000,1254658000,2000
9413,1254658000,1254660000,2000
9414,1254660000,1254662000,2000
9415,1254662000,1254664000,2000
9416,1254664000,1254666000,2000
9417,1254666000,1254668000,2000
9418,1254668000,1254670000,2000
9419,1254670000,1254672000,2000
9420,1254672000,1254674000,2000
9421,1254674000,1254676000,2000
9422,1254676000,1254678000,2000
9423,1254678000,1254680000,2000
9424,1254680000,1254682000,2000
9425,1254682000,1254684000,2000
9426,1254684000,1254686000,2000
9427,1254686000,1254688000,2000
9428,1254688000,1254690000,2000
9429,1254690000,1254692000,2000
9430,1254692000,1254694000,2000
9431,1254694000,1254696000,2000
9432,1254696000,1254698000,2000
9433,1254698000,1254700000,2000
1682,1254700000,1254702000,2000
1683,1254702000,1254704000,2000
1684,1254704000,1254706000,2000
1685,1254706000,1254708000,2000
1686,1254708000,1254710000,2000
1687,1254710000,1254712000,2000
1688,1254712000,1254714000,2000
1689,1254714000,1254716000,2000
1690,1254716000,1254718000,2000
1691,1254718000,1254720000,2000
1692,1254720000,1254722000,2000
1693,1254722000,1254724000,2000
1694,1254724000,1254726000,2000
1695,1254726000,1254728000,2000
1696,1254728000,1254730000,2000
1697,1254730000,1254732000,2000
1698,1254732000,1254734000,2000
1699,1254734000,1254736000,2000
1700,1254736000,1254738000,2000
1701,1254738000,1254740000,2000
1702,1254740000,1254742000,2000
1703,1254742000,1254744000,2000
1704,1254744000,1254746000,2000
1705,1254746000,1254748000,2000
1706,1254748000,1254750000,2000
1707,1254750000,1254752000,2000
1708,1254752000,1254754000,2000
1709,1254754000,1254756000,2000
1710,1254756000,1254758000,2000
1711,1254758000,1254760000,2000
1712,1254760000,1254762000,2000
1713,1254762000,1254764000,2000
1714,1254764000,1254766000,2000
1715,1254766000,1254768000,2000
1716,1254768000,1254770000,2000
1717,1254770000,1254772000,2000
1718,1254772000,1254774000,2000
1719,1254774000,1254776000,2000
1720,1254776000,1254778000,2000
1721,1254778000,1254780000,2000
1722,1254780000,1254782000,2000
1723,1254782000,1254784000,2000
1724,1254784000,1254786000,2000
1725,1254786000,1254788000,2000
1726,1254788000,1254790000,2000
1727,1254790000,1254792000,2000
1728,1254792000,1254794000,2000
1729,1254794000,1254796000,2000
1730,1254796000,1254798000,2000
1731,1254798000,1254800000,2000
10432,1254800000,1254802000,2000
10433,1254802000,1254804000,2000
10434,1254804000,1254806000,2000
10435,1254806000,1254808000,2000
10436,1254808000,1254810000,2000
10437,1254810000,1254812000,2000
10438,1254812000,1254814000,2000
10439,1254814000,1254816000,2000
10440,1254816000,1254818000,2000
10441,1254818000,1254820000,2000
10442,1254820000,1254822000,2000
10443,1254822000,1254824000,2000
10444,1254824000,1254826000,2000
10445,1254826000,1254828000,2000
10446,1254828000,1254830000,2000
10447,1254830000,1254832000,2000
10448,1254832000,1254834000,2000
10449,1254834000,1254836000,2000
10450,1254836000,1254838000,2000
10451,1254838000,1254840000,2000
10452,1254840000,1254842000,2000
10453,1254842000,1254844000,2000
10454,1254844000,1254846000,2000
10455,1254846000,1254848000,2000
10456,1254848000,1254850000,2000
10457,1254850000,1254852000,2000
10458,1254852000,1254854000,2000
10459,1254854000,1254856000,2000
10460,1254856000,1254858000,2000
10461,1254858000,1254860000,2000
10462,1254860000,1254862000,2000
10463,1254862000,1254864000,2000
10464,1254864000,1254866000,2000
10465,1254866000,1254868000,2000
10466,1254868000,1254870000,2000
10467,1254870000,1254872000,2000
10468,1254872000,1254874000,2000
10469,1254874000,1254876000,2000
10470,1254876000,1254878000,2000
10471,1254878000,1254880000,2000
10472,1254880000,1254882000,2000
10473,1254882000,1254884000,2000
10474,1254884000,1254886000,2000
10475,1254886000,1254888000,2000
10476,1254888000,1254890000,2000
10477,1254890000,1254892000,2000
10478,1254892000,1254894000,2000
10479,1254894000,1254896000,2000
10480,1254896000,1254898000,2000
10481,1254898000,1254900000,2000
11850,1254900000,1254902000,2000
11851,1254902000,1254904000,2000
11852,1254904000,1254906000,2000
11853,1254906000,1254908000,2000
11854,1254908000,1254910000,2000
11855,1254910000,1254912000,2000
11856,1254912000,1254914000,2000
11857,1254914000,1254916000,2000
11858,1254916000,1254918000,2000
11859,1254918000,1254920000,2000
11860,1254920000,1254922000,2000
11861,1254922000,1254924000,2000
11862,1254924000,1254926000,2000
11863,1254926000,1254928000,2000
11864,1254928000,1254930000,2000
11865,1254930000,1254932000,2000
11866,1254932000,1254934000,2000
11867,1254934000,1254936000,2000
11868,1254936000,1254938000,2000
11869,1254938000,1254940000,2000
11870,1254940000,1254942000,2000
11871,1254942000,1254944000,2000
11872,1254944000,1254946000,2000
11873,1254946000,1254948000,2000
11874,1254948000,1254950000,2000
11875,1254950000,1254952000,2000
11876,1254952000,1254954000,2000
11877,1254954000,1254956000,2000
11878,1254956000,1254958000,2000
11879,1254958000,1254960000,2000
11880,1254960000,1254962000,2000
11881,1254962000,1254964000,2000
11882,1254964000,1254966000,2000
11883,1254966000,1254968000,2000
11884,1254968000,1254970000,2000
11885,1254970000,1254972000,2000
11886,1254972000,1254974000,2000
11887,1254974000,1254976000,2000
11888,1254976000,1254978000,2000
11889,1254978000,1254980000,2000
11890,1254980000,1254982000,2000
11891,1254982000,1254984000,2000
11892,1254984000,1254986000,2000
11893,1254986000,1254988000,2000
11894,1254988000,1254990000,2000
11895,1254990000,1254992000,2000
11896,1254992000,1254994000,2000
11897,1254994000,1254996000,2000
11898,1254996000,1254998000,2000
11899,1254998000,1255000000,2000
400,1255000000,1255002000,2000
401,1255002000,1255004000,2000
402,1255004000,1255006000,2000
403,1255006000,1255008000,2000
404,1255008000,1255010000,2000
405,1255010000,1255012000,2000
406,1255012000,1255014000,2000
407,1255014000,1255016000,2000
408,1255016000,1255018000,2000
409,1255018000,1255020000,2000
410,1255020000,1255022000,2000
411,1255022000,1255024000,2000
412,1255024000,1255026000,2000
413,1255026000,1255028000,2000
414,1255028000,1255030000,2000
415,1255030000,1255032000,2000
416,1255032000,1255034000,2000
417,1255034000,1255036000,2000
418,1255036000,1255038000,2000
419,1255038000,1255040000,2000
420,1255040000,1255042000,2000
421,1255042000,1255044000,2000
422,1255044000,1255046000,2000
423,1255046000,1255048000,2000
424,1255048000,1255050000,2000
425,1255050000,1255052000,2000
426,1255052000,1255054000,2000
427,1255054000,1255056000,2000
428,1255056000,1255058000,2000
429,1255058000,1255060000,2000
430,1255060000,1255062000,2000
431,1255062000,1255064000,2000
432,1255064000,1255066000,2000
433,1255066000,1255068000,2000
434,1255068000,1255070000,2000
435,1255070000,1255072000,2000
436,1255072000,1255074000,2000
437,1255074000,1255076000,2000
438,1255076000,1255078000,2000
439,1255078000,1255080000,2000
440,1255080000,1255082000,2000
441,1255082000,1255084000,2000
442,1255084000,1255086000,2000
443,1255086000,1255088000,2000
444,1255088000,1255090000,2000
445,1255090000,1255092000,2000
446,1255092000,1255094000,2000
447,1255094000,1255096000,2000
448,1255096000,1255098000,2000
449,1255098000,1255100000,2000
10032,1255100000,1255102000,2000
10033,1255102000,1255104000,2000
10034,1255104000,1255106000,2000
10035,1255106000,1255108000,2000
10036,1255108000,1255110000,2000
10037,1255110000,1255112000,2000
10038,1255112000,1255114000,2000
10039,1255114000,1255116000,2000
10040,1255116000,1255118000,2000
10041,1255118000,1255120000,2000
10042,1255120000,1255122000,2000
10043,1255122000,1255124000,2000
10044,1255124000,1255126000,2000
10045,1255126000,1255128000,2000
10046,1255128000,1255130000,2000
10047,1255130000,1255132000,2000
10048,1255132000,1255134000,2000
10049,1255134000,1255136000,2000
10050,1255136000,1255138000,2000
10051,1255138000,1255140000,2000
10052,1255140000,1255142000,2000
10053,1255142000,1255144000,2000
10054,1255144000,1255146000,2000
10055,1255146000,1255148000,2000
10056,1255148000,1255150000,2000
10057,1255150000,1255152000,2000
10058,1255152000,1255154000,2000
10059,1255154000,1255156000,2000
10060,1255156000,1255158000,2000
10061,1255158000,1255160000,2000
10062,1255160000,1255162000,2000
10063,1255162000,1255164000,2000
10064,1255164000,1255166000,2000
10065,1255166000,1255168000,2000
10066,1255168000,1255170000,2000
10067,1255170000,1255172000,2000
10068,1255172000,1255174000,2000
10069,1255174000,1255176000,2000
10070,1255176000,1255178000,2000
10071,1255178000,1255180000,2000
10072,1255180000,1255182000,2000
10073,1255182000,1255184000,2000
10074,1255184000,1255186000,2000
10075,1255186000,1255188000,2000
10076,1255188000,1255190000,2000
10077,1255190000,1255192000,2000
10078,1255192000,1255194000,2000
10079,1255194000,1255196000,2000
10080,1255196000,1255198000,2000
10081,1255198000,1255200000,2000
6884,1255200000,1255202000,2000
6885,1255202000,1255204000,2000
6886,1255204000,1255206000,2000
6887,1255206000,1255208000,2000
6888,1255208000,1255210000,2000
6889,1255210000,1255212000,2000
6890,1255212000,1255214000,2000
6891,1255214000,1255216000,2000
6892,1255216000,1255218000,2000
6893,1255218000,1255220000,2000
6894,1255220000,1255222000,2000
6895,1255222000,1255224000,2000
6896,1255224000,1255226000,2000
6897,1255226000,1255228000,2000
6898,1255228000,1255230000,2000
6899,1255230000,1255232000,2000
6900,1255232000,1255234000,2000
6901,1255234000,1255236000,2000
6902,1255236000,1255238000,2000
6903,1255238000,1255240000,2000
6904,1255240000,1255242000,2000
6905,1255242000,1255244000,2000
6906,1255244000,1255246000,2000
6907,1255246000,1255248000,2000
6908,1255248000,1255250000,2000
6909,1255250000,1255252000,2000
6910,1255252000,1255254000,2000
6911,1255254000,1255256000,2000
6912,1255256000,1255258000,2000
6913,1255258000,1255260000,2000
6914,1255260000,1255262000,2000
6915,1255262000,1255264000,2000
6916,1255264000,1255266000,2000
6917,1255266000,1255268000,2000
6918,1255268000,1255270000,2000
6919,1255270000,1255272000,2000
6920,1255272000,1255274000,2000
6921,1255274000,1255276000,2000
6922,1255276000,1255278000,2000
6923,1255278000,1255280000,2000
6924,1255280000,1255282000,2000
6925,1255282000,1255284000,2000
6926,1255284000,1255286000,2000
6927,1255286000,1255288000,2000
6928,1255288000,1255290000,2000
6929,1255290000,1255292000,2000
6930,1255292000,1255294000,2000
6931,1255294000,1255296000,2000
6932,1255296000,1255298000,2000
6933,1255298000,1255300000,2000
8584,1255300000,1255302000,2000
8585,1255302000,1255304000,2000
8586,1255304000,1255306000,2000
8587,1255306000,1255308000,2000
8588,1255308000,1255310000,2000
8589,1255310000,1255312000,2000
8590,1255312000,1255314000,2000
8591,1255314000,1255316000,2000
8592,1255316000,1255318000,2000
8593,1255318000,1255320000,2000
8594,1255320000,1255322000,2000
8595,1255322000,1255324000,2000
8596,1255324000,1255326000,2000
8597,1255326000,1255328000,2000
8598,1255328000,1255330000,2000
8599,1255330000,1255332000,2000
8600,1255332000,1255334000,2000
8601,1255334000,1255336000,2000
8602,1255336000,1255338000,2000
8603,1255338000,1255340000,2000
8604,1255340000,1255342000,2000
8605,1255342000,1255344000,2000
8606,1255344000,1255346000,2000
8607,1255346000,1255348000,2000
8608,1255348000,1255350000,2000
8609,1255350000,1255352000,2000
8610,1255352000,1255354000,2000
8611,1255354000,1255356000,2000
8612,1255356000,1255358000,2000
8613,1255358000,1255360000,2000
8614,1255360000,1255362000,2000
8615,1255362000,1255364000,2000
8616,1255364000,1255366000,2000
8617,1255366000,1255368000,2000
8618,1255368000,1255370000,2000
8619,1255370000,1255372000,2000
8620,1255372000,1255374000,2000
8621,1255374000,1255376000,2000
8622,1255376000,1255378000,2000
8623,1255378000,1255380000,2000
8624,1255380000,1255382000,2000
8625,1255382000,1255384000,2000
8626,1255384000,1255386000,2000
8627,1255386000,1255388000,2000
8628,1255388000,1255390000,2000
8629,1255390000,1255392000,2000
8630,1255392000,1255394000,2000
8631,1255394000,1255396000,2000
8632,1255396000,1255398000,2000
8633,1255398000,1255400000,2000
10232,1255400000,1255402000,2000
10233,1255402000,1255404000,2000
10234,1255404000,1255406000,2000
10235,1255406000,1255408000,2000
10236,1255408000,1255410000,2000
10237,1255410000,1255412000,2000
10238,1255412000,1255414000,2000
10239,1255414000,1255416000,2000
10240,1255416000,1255418000,2000
10241,1255418000,1255420000,2000
10242,1255420000,1255422000,2000
10243,1255422000,1255424000,2000
10244,1255424000,1255426000,2000
10245,1255426000,1255428000,2000
10246,1255428000,1255430000,2000
10247,1255430000,1255432000,2000
10248,1255432000,1255434000,2000
10249,1255434000,1255436000,2000
10250,1255436000,1255438000,2000
10251,1255438000,1255440000,2000
10252,1255440000,1255442000,2000
10253,1255442000,1255444000,2000
10254,1255444000,1255446000,2000
10255,1255446000,1255448000,2000
10256,1255448000,1255450000,2000
10257,1255450000,1255452000,2000
10258,1255452000,1255454000,2000
10259,1255454000,1255456000,2000
10260,1255456000,1255458000,2000
10261,1255458000,1255460000,2000
10262,1255460000,1255462000,2000
10263,1255462000,1255464000,2000
10264,1255464000,1255466000,2000
10265,1255466000,1255468000,2000
10266,1255468000,1255470000,2000
10267,1255470000,1255472000,2000
10268,1255472000,1255474000,2000
10269,1255474000,1255476000,2000
10270,1255476000,1255478000,2000
10271,1255478000,1255480000,2000
10272,1255480000,1255482000,2000
10273,1255482000,1255484000,2000
10274,1255484000,1255486000,2000
10275,1255486000,1255488000,2000
10276,1255488000,1255490000,2000
10277,1255490000,1255492000,2000
10278,1255492000,1255494000,2000
10279,1255494000,1255496000,2000
10280,1255496000,1255498000,2000
10281,1255498000,1255500000,2000
11400,1255500000,1255502000,2000
11401,1255502000,1255504000,2000
11402,1255504000,1255506000,2000
11403,1255506000,1255508000,2000
11404,1255508000,1255510000,2000
11405,1255510000,1255512000,2000
11406,1255512000,1255514000,2000
11407,1255514000,1255516000,2000
11408,1255516000,1255518000,2000
11409,1255518000,1255520000,2000
11410,1255520000,1255522000,2000
11411,1255522000,1255524000,2000
11412,1255524000,1255526000,2000
11413,1255526000,1255528000,2000
11414,1255528000,1255530000,2000
11415,1255530000,1255532000,2000
11416,1255532000,1255534000,2000
11417,1255534000,1255536000,2000
11418,1255536000,1255538000,2000
11419,1255538000,1255540000,2000
11420,1255540000,1255542000,2000
11421,1255542000,1255544000,2000
11422,1255544000,1255546000,2000
11423,1255546000,1255548000,2000
11424,1255548000,1255550000,2000
11425,1255550000,1255552000,2000
11426,1255552000,1255554000,2000
11427,1255554000,1255556000,2000
11428,1255556000,1255558000,2000
11429,1255558000,1255560000,2000
11430,1255560000,1255562000,2000
11431,1255562000,1255564000,2000
11432,1255564000,1255566000,2000
11433,1255566000,1255568000,2000
11434,1255568000,1255570000,2000
11435,1255570000,1255572000,2000
11436,1255572000,1255574000,2000
11437,1255574000,1255576000,2000
11438,1255576000,1255578000,2000
11439,1255578000,1255580000,2000
11440,1255580000,1255582000,2000
11441,1255582000,1255584000,2000
11442,1255584000,1255586000,2000
11443,1255586000,1255588000,2000
11444,1255588000,1255590000,2000
11445,1255590000,1255592000,2000
11446,1255592000,1255594000,2000
11447,1255594000,1255596000,2000
11448,1255596000,1255598000,2000
11449,1255598000,1255600000,2000
13650,1255600000,1255602000,2000
13651,1255602000,1255604000,2000
13652,1255604000,1255606000,2000
13653,1255606000,1255608000,2000
13654,1255608000,1255610000,2000
13655,1255610000,1255612000,2000
13656,1255612000,1255614000,2000
13657,1255614000,1255616000,2000
13658,1255616000,1255618000,2000
13659,1255618000,1255620000,2000
13660,1255620000,1255622000,2000
13661,1255622000,1255624000,2000
13662,1255624000,1255626000,2000
13663,1255626000,1255628000,2000
13664,1255628000,1255630000,2000
13665,1255630000,1255632000,2000
13666,1255632000,1255634000,2000
13667,1255634000,1255636000,2000
13668,1255636000,1255638000,2000
13669,1255638000,1255640000,2000
13670,1255640000,1255642000,2000
13671,1255642000,1255644000,2000
13672,1255644000,1255646000,2000
13673,1255646000,1255648000,2000
13674,1255648000,1255650000,2000
13675,1255650000,1255652000,2000
13676,1255652000,1255654000,2000
13677,1255654000,1255656000,2000
13678,1255656000,1255658000,2000
13679,1255658000,1255660000,2000
13680,1255660000,1255662000,2000
13681,1255662000,1255664000,2000
13682,1255664000,1255666000,2000
13683,1255666000,1255668000,2000
13684,1255668000,1255670000,2000
13685,1255670000,1255672000,2000
13686,1255672000,1255674000,2000
13687,1255674000,1255676000,2000
13688,1255676000,1255678000,2000
13689,1255678000,1255680000,2000
13690,1255680000,1255682000,2000
13691,1255682000,1255684000,2000
13692,1255684000,1255686000,2000
13693,1255686000,1255688000,2000
13694,1255688000,1255690000,2000
13695,1255690000,1255692000,2000
13696,1255692000,1255694000,2000
13697,1255694000,1255696000,2000
13698,1255696000,1255698000,2000
13699,1255698000,1255700000,2000
12400,1255700000,1255702000,2000
12401,1255702000,1255704000,2000
12402,1255704000,1255706000,2000
12403,1255706000,1255708000,2000
12404,1255708000,1255710000,2000
12405,1255710000,1255712000,2000
12406,1255712000,1255714000,2000
12407,1255714000,1255716000,2000
12408,1255716000,1255718000,2000
12409,1255718000,1255720000,2000
12410,1255720000,1255722000,2000
12411,1255722000,1255724000,2000
12412,1255724000,1255726000,2000
12413,1255726000,1255728000,2000
12414,1255728000,1255730000,2000
12415,1255730000,1255732000,2000
12416,1255732000,1255734000,2000
12417,1255734000,1255736000,2000
12418,1255736000,1255738000,2000
12419,1255738000,1255740000,2000
12420,1255740000,1255742000,2000
12421,1255742000,1255744000,2000
12422,1255744000,1255746000,2000
12423,1255746000,1255748000,2000
12424,1255748000,1255750000,2000
12425,1255750000,1255752000,2000
12426,1255752000,1255754000,2000
12427,1255754000,1255756000,2000
12428,1255756000,1255758000,2000
12429,1255758000,1255760000,2000
12430,1255760000,1255762000,2000
12431,1255762000,1255764000,2000
12432,1255764000,1255766000,2000
12433,1255766000,1255768000,2000
12434,1255768000,1255770000,2000
12435,1255770000,1255772000,2000
12436,1255772000,1255774000,2000
12437,1255774000,1255776000,2000
12438,1255776000,1255778000,2000
12439,1255778000,1255780000,2000
12440,1255780000,1255782000,2000
12441,1255782000,1255784000,2000
12442,1255784000,1255786000,2000
12443,1255786000,1255788000,2000
12444,1255788000,1255790000,2000
12445,1255790000,1255792000,2000
12446,1255792000,1255794000,2000
12447,1255794000,1255796000,2000
12448,1255796000,1255798000,2000
12449,1255798000,1255800000,2000
3382,1255800000,1255802000,2000
3383,1255802000,1255804000,2000
3384,1255804000,1255806000,2000
3385,1255806000,1255808000,2000
3386,1255808000,1255810000,2000
3387,1255810000,1255812000,2000
3388,1255812000,1255814000,2000
3389,1255814000,1255816000,2000
3390,1255816000,1255818000,2000
3391,1255818000,1255820000,2000
3392,1255820000,1255822000,2000
3393,1255822000,1255824000,2000
3394,1255824000,1255826000,2000
3395,1255826000,1255828000,2000
3396,1255828000,1255830000,2000
3397,1255830000,1255832000,2000
3398,1255832000,1255834000,2000
3399,1255834000,1255836000,2000
3400,1255836000,1255838000,2000
3401,1255838000,1255840000,2000
3402,1255840000,1255842000,2000
3403,1255842000,1255844000,2000
3404,1255844000,1255846000,2000
3405,1255846000,1255848000,2000
3406,1255848000,1255850000,2000
3407,1255850000,1255852000,2000
3408,1255852000,1255854000,2000
3409,1255854000,1255856000,2000
3410,1255856000,1255858000,2000
3411,1255858000,1255860000,2000
3412,1255860000,1255862000,2000
3413,1255862000,1255864000,2000
3414,1255864000,1255866000,2000
3415,1255866000,1255868000,2000
3416,1255868000,1255870000,2000
3417,1255870000,1255872000,2000
3418,1255872000,1255874000,2000
3419,1255874000,1255876000,2000
3420,1255876000,1255878000,2000
3421,1255878000,1255880000,2000
3422,1255880000,1255882000,2000
3423,1255882000,1255884000,2000
3424,1255884000,1255886000,2000
3425,1255886000,1255888000,2000
3426,1255888000,1255890000,2000
3427,1255890000,1255892000,2000
3428,1255892000,1255894000,2000
3429,1255894000,1255896000,2000
3430,1255896000,1255898000,2000
3431,1255898000,1255900000,2000
7784,1255900000,1255902000,2000
7785,1255902000,1255904000,2000
7786,1255904000,1255906000,2000
7787,1255906000,1255908000,2000
7788,1255908000,1255910000,2000
7789,1255910000,1255912000,2000
7790,1255912000,1255914000,2000
7791,1255914000,1255916000,2000
7792,1255916000,1255918000,2000
7793,1255918000,1255920000,2000
7794,1255920000,1255922000,2000
7795,1255922000,1255924000,2000
7796,1255924000,1255926000,2000
7797,1255926000,1255928000,2000
7798,1255928000,1255930000,2000
7799,1255930000,1255932000,2000
7800,1255932000,1255934000,2000
7801,1255934000,1255936000,2000
7802,1255936000,1255938000,2000
7803,1255938000,1255940000,2000
7804,1255940000,1255942000,2000
7805,1255942000,1255944000,2000
7806,1255944000,1255946000,2000
7807,1255946000,1255948000,2000
7808,1255948000,1255950000,2000
7809,1255950000,1255952000,2000
7810,1255952000,1255954000,2000
7811,1255954000,1255956000,2000
7812,1255956000,1255958000,2000
7813,1255958000,1255960000,2000
7814,1255960000,1255962000,2000
7815,1255962000,1255964000,2000
7816,1255964000,1255966000,2000
7817,1255966000,1255968000,2000
7818,1255968000,1255970000,2000
7819,1255970000,1255972000,2000
7820,1255972000,1255974000,2000
7821,1255974000,1255976000,2000
7822,1255976000,1255978000,2000
7823,1255978000,1255980000,2000
7824,1255980000,1255982000,2000
7825,1255982000,1255984000,2000
7826,1255984000,1255986000,2000
7827,1255986000,1255988000,2000
7828,1255988000,1255990000,2000
7829,1255990000,1255992000,2000
7830,1255992000,1255994000,2000
7831,1255994000,1255996000,2000
7832,1255996000,1255998000,2000
7833,1255998000,1256000000,2000
6534,1256000000,1256002000,2000
6535,1256002000,1256004000,2000
6536,1256004000,1256006000,2000
6537,1256006000,1256008000,2000
6538,1256008000,1256010000,2000
6539,1256010000,1256012000,2000
6540,1256012000,1256014000,2000
6541,1256014000,1256016000,2000
6542,1256016000,1256018000,2000
6543,1256018000,1256020000,2000
6544,1256020000,1256022000,2000
6545,1256022000,1256024000,2000
6546,1256024000,1256026000,2000
6547,1256026000,1256028000,2000
6548,1256028000,1256030000,2000
6549,1256030000,1256032000,2000
6550,1256032000,1256034000,2000
6551,1256034000,1256036000,2000
6552,1256036000,1256038000,2000
6553,1256038000,1256040000,2000
6554,1256040000,1256042000,2000
6555,1256042000,1256044000,2000
6556,1256044000,1256046000,2000
6557,1256046000,1256048000,2000
6558,1256048000,1256050000,2000
6559,1256050000,1256052000,2000
6560,1256052000,1256054000,2000
6561,1256054000,1256056000,2000
6562,1256056000,1256058000,2000
6563,1256058000,1256060000,2000
6564,1256060000,1256062000,2000
6565,1256062000,1256064000,2000
6566,1256064000,1256066000,2000
6567,1256066000,1256068000,2000
6568,1256068000,1256070000,2000
6569,1256070000,1256072000,2000
6570,1256072000,1256074000,2000
6571,1256074000,1256076000,2000
6572,1256076000,1256078000,2000
6573,1256078000,1256080000,2000
6574,1256080000,1256082000,2000
6575,1256082000,1256084000,2000
6576,1256084000,1256086000,2000
6577,1256086000,1256088000,2000
6578,1256088000,1256090000,2000
6579,1256090000,1256092000,2000
6580,1256092000,1256094000,2000
6581,1256094000,1256096000,2000
6582,1256096000,1256098000,2000
6583,1256098000,1256100000,2000
11500,1256100000,1256102000,2000
11501,1256102000,1256104000,2000
11502,1256104000,1256106000,2000
11503,1256106000,1256108000,2000
11504,1256108000,1256110000,2000
11505,1256110000,1256112000,2000
11506,1256112000,1256114000,2000
11507,1256114000,1256116000,2000
11508,1256116000,1256118000,2000
11509,1256118000,1256120000,2000
11510,1256120000,1256122000,2000
11511,1256122000,1256124000,2000
11512,1256124000,1256126000,2000
11513,1256126000,1256128000,2000
11514,1256128000,1256130000,2000
11515,1256130000,1256132000,2000
11516,1256132000,1256134000,2000
11517,1256134000,1256136000,2000
11518,1256136000,1256138000,2000
11519,1256138000,1256140000,2000
11520,1256140000,1256142000,2000
11521,1256142000,1256144000,2000
11522,1256144000,1256146000,2000
11523,1256146000,1256148000,2000
11524,1256148000,1256150000,2000
11525,1256150000,1256152000,2000
11526,1256152000,1256154000,2000
11527,1256154000,1256156000,2000
11528,1256156000,1256158000,2000
11529,1256158000,1256160000,2000
11530,1256160000,1256162000,2000
11531,1256162000,1256164000,2000
11532,1256164000,1256166000,2000
11533,1256166000,1256168000,2000
11534,1256168000,1256170000,2000
11535,1256170000,1256172000,2000
11536,1256172000,1256174000,2000
11537,1256174000,1256176000,2000
11538,1256176000,1256178000,2000
11539,1256178000,1256180000,2000
11540,1256180000,1256182000,2000
11541,1256182000,1256184000,2000
11542,1256184000,1256186000,2000
11543,1256186000,1256188000,2000
11544,1256188000,1256190000,2000
11545,1256190000,1256192000,2000
11546,1256192000,1256194000,2000
11547,1256194000,1256196000,2000
11548,1256196000,1256198000,2000
11549,1256198000,1256200000,2000
5132,1256200000,1256202000,2000
5133,1256202000,1256204000,2000
5134,1256204000,1256206000,2000
5135,1256206000,1256208000,2000
5136,1256208000,1256210000,2000
5137,1256210000,1256212000,2000
5138,1256212000,1256214000,2000
5139,1256214000,1256216000,2000
5140,1256216000,1256218000,2000
5141,1256218000,1256220000,2000
5142,1256220000,1256222000,2000
5143,1256222000,1256224000,2000
5144,1256224000,1256226000,2000
5145,1256226000,1256228000,2000
5146,1256228000,1256230000,2000
5147,1256230000,1256232000,2000
5148,1256232000,1256234000,2000
5149,1256234000,1256236000,2000
5150,1256236000,1256238000,2000
5151,1256238000,1256240000,2000
5152,1256240000,1256242000,2000
5153,1256242000,1256244000,2000
5154,1256244000,1256246000,2000
5155,1256246000,1256248000,2000
5156,1256248000,1256250000,2000
5157,1256250000,1256252000,2000
5158,1256252000,1256254000,2000
5159,1256254000,1256256000,2000
5160,1256256000,1256258000,2000
5161,1256258000,1256260000,2000
5162,1256260000,1256262000,2000
5163,1256262000,1256264000,2000
5164,1256264000,1256266000,2000
5165,1256266000,1256268000,2000
5166,1256268000,1256270000,2000
5167,1256270000,1256272000,2000
5168,1256272000,1256274000,2000
5169,1256274000,1256276000,2000
5170,1256276000,1256278000,2000
5171,1256278000,1256280000,2000
5172,1256280000,1256282000,2000
5173,1256282000,1256284000,2000
5174,1256284000,1256286000,2000
5175,1256286000,1256288000,2000
5176,1256288000,1256290000,2000
5177,1256290000,1256292000,2000
5178,1256292000,1256294000,2000
5179,1256294000,1256296000,2000
5180,1256296000,1256298000,2000
5181,1256298000,1256300000,2000
350,1256300000,1256302000,2000
351,1256302000,1256304000,2000
352,1256304000,1256306000,2000
353,1256306000,1256308000,2000
354,1256308000,1256310000,2000
355,1256310000,1256312000,2000
356,1256312000,1256314000,2000
357,1256314000,1256316000,2000
358,1256316000,1256318000,2000
359,1256318000,1256320000,2000
360,1256320000,1256322000,2000
361,1256322000,1256324000,2000
362,1256324000,1256326000,2000
363,1256326000,1256328000,2000
364,1256328000,1256330000,2000
365,1256330000,1256332000,2000
366,1256332000,1256334000,2000
367,1256334000,1256336000,2000
368,1256336000,1256338000,2000
369,1256338000,1256340000,2000
370,1256340000,1256342000,2000
371,1256342000,1256344000,2000
372,1256344000,1256346000,2000
373,1256346000,1256348000,2000
374,1256348000,1256350000,2000
375,1256350000,1256352000,2000
376,1256352000,1256354000,2000
377,1256354000,1256356000,2000
378,1256356000,1256358000,2000
379,1256358000,1256360000,2000
380,1256360000,1256362000,2000
381,1256362000,1256364000,2000
382,1256364000,1256366000,2000
383,1256366000,1256368000,2000
384,1256368000,1256370000,2000
385,1256370000,1256372000,2000
386,1256372000,1256374000,2000
387,1256374000,1256376000,2000
388,1256376000,1256378000,2000
389,1256378000,1256380000,2000
390,1256380000,1256382000,2000
391,1256382000,1256384000,2000
392,1256384000,1256386000,2000
393,1256386000,1256388000,2000
394,1256388000,1256390000,2000
395,1256390000,1256392000,2000
396,1256392000,1256394000,2000
397,1256394000,1256396000,2000
398,1256396000,1256398000,2000
399,1256398000,1256400000,2000
4732,1256400000,1256402000,2000
4733,1256402000,1256404000,2000
4734,1256404000,1256406000,2000
4735,1256406000,1256408000,2000
4736,1256408000,1256410000,2000
4737,1256410000,1256412000,2000
4738,1256412000,1256414000,2000
4739,1256414000,1256416000,2000
4740,1256416000,1256418000,2000
4741,1256418000,1256420000,2000
4742,1256420000,1256422000,2000
4743,1256422000,1256424000,2000
4744,1256424000,1256426000,2000
4745,1256426000,1256428000,2000
4746,1256428000,1256430000,2000
4747,1256430000,1256432000,2000
4748,1256432000,1256434000,2000
4749,1256434000,1256436000,2000
4750,1256436000,1256438000,2000
4751,1256438000,1256440000,2000
4752,1256440000,1256442000,2000
4753,1256442000,1256444000,2000
4754,1256444000,1256446000,2000
4755,1256446000,1256448000,2000
4756,1256448000,1256450000,2000
4757,1256450000,1256452000,2000
4758,1256452000,1256454000,2000
4759,1256454000,1256456000,2000
4760,1256456000,1256458000,2000
4761,1256458000,1256460000,2000
4762,1256460000,1256462000,2000
4763,1256462000,1256464000,2000
4764,1256464000,1256466000,2000
4765,1256466000,1256468000,2000
4766,1256468000,1256470000,2000
4767,1256470000,1256472000,2000
4768,1256472000,1256474000,2000
4769,1256474000,1256476000,2000
4770,1256476000,1256478000,2000
4771,1256478000,1256480000,2000
4772,1256480000,1256482000,2000
4773,1256482000,1256484000,2000
4774,1256484000,1256486000,2000
4775,1256486000,1256488000,2000
4776,1256488000,1256490000,2000
4777,1256490000,1256492000,2000
4778,1256492000,1256494000,2000
4779,1256494000,1256496000,2000
4780,1256496000,1256498000,2000
4781,1256498000,1256500000,2000
11182,1256500000,1256502000,2000
11183,1256502000,1256504000,2000
11184,1256504000,1256506000,2000
11185,1256506000,1256508000,2000
11186,1256508000,1256510000,2000
11187,1256510000,1256512000,2000
11188,1256512000,1256514000,2000
11189,1256514000,1256516000,2000
11190,1256516000,1256518000,2000
11191,1256518000,1256520000,2000
11192,1256520000,1256522000,2000
11193,1256522000,1256524000,2000
11194,1256524000,1256526000,2000
11195,1256526000,1256528000,2000
11196,1256528000,1256530000,2000
11197,1256530000,1256532000,2000
11198,1256532000,1256534000,2000
11199,1256534000,1256536000,2000
11200,1256536000,1256538000,2000
11201,1256538000,1256540000,2000
11202,1256540000,1256542000,2000
11203,1256542000,1256544000,2000
11204,1256544000,1256546000,2000
11205,1256546000,1256548000,2000
11206,1256548000,1256550000,2000
11207,1256550000,1256552000,2000
11208,1256552000,1256554000,2000
11209,1256554000,1256556000,2000
11210,1256556000,1256558000,2000
11211,1256558000,1256560000,2000
11212,1256560000,1256562000,2000
11213,1256562000,1256564000,2000
11214,1256564000,1256566000,2000
11215,1256566000,1256568000,2000
11216,1256568000,1256570000,2000
11217,1256570000,1256572000,2000
11218,1256572000,1256574000,2000
11219,1256574000,1256576000,2000
11220,1256576000,1256578000,2000
11221,1256578000,1256580000,2000
11222,1256580000,1256582000,2000
11223,1256582000,1256584000,2000
11224,1256584000,1256586000,2000
11225,1256586000,1256588000,2000
11226,1256588000,1256590000,2000
11227,1256590000,1256592000,2000
11228,1256592000,1256594000,2000
11229,1256594000,1256596000,2000
11230,1256596000,1256598000,2000
11231,1256598000,1256600000,2000
12750,1256600000,1256602000,2000
12751,1256602000,1256604000,2000
12752,1256604000,1256606000,2000
12753,1256606000,1256608000,2000
12754,1256608000,1256610000,2000
12755,1256610000,1256612000,2000
12756,1256612000,1256614000,2000
12757,1256614000,1256616000,2000
12758,1256616000,1256618000,2000
12759,1256618000,1256620000,2000
12760,1256620000,1256622000,2000
12761,1256622000,1256624000,2000
12762,1256624000,1256626000,2000
12763,1256626000,1256628000,2000
12764,1256628000,1256630000,2000
12765,1256630000,1256632000,2000
12766,1256632000,1256634000,2000
12767,1256634000,1256636000,2000
12768,1256636000,1256638000,2000
12769,1256638000,1256640000,2000
12770,1256640000,1256642000,2000
12771,1256642000,1256644000,2000
12772,1256644000,1256646000,2000
12773,1256646000,1256648000,2000
12774,1256648000,1256650000,2000
12775,1256650000,1256652000,2000
12776,1256652000,1256654000,2000
12777,1256654000,1256656000,2000
12778,1256656000,1256658000,2000
12779,1256658000,1256660000,2000
12780,1256660000,1256662000,2000
12781,1256662000,1256664000,2000
12782,1256664000,1256666000,2000
12783,1256666000,1256668000,2000
12784,1256668000,1256670000,2000
12785,1256670000,1256672000,2000
12786,1256672000,1256674000,2000
12787,1256674000,1256676000,2000
12788,1256676000,1256678000,2000
12789,1256678000,1256680000,2000
12790,1256680000,1256682000,2000
12791,1256682000,1256684000,2000
12792,1256684000,1256686000,2000
12793,1256686000,1256688000,2000
12794,1256688000,1256690000,2000
12795,1256690000,1256692000,2000
12796,1256692000,1256694000,2000
12797,1256694000,1256696000,2000
12798,1256696000,1256698000,2000
12799,1256698000,1256700000,2000
2332,1256700000,1256702000,2000
2333,1256702000,1256704000,2000
2334,1256704000,1256706000,2000
2335,1256706000,1256708000,2000
2336,1256708000,1256710000,2000
2337,1256710000,1256712000,2000
2338,1256712000,1256714000,2000
2339,1256714000,1256716000,2000
2340,1256716000,1256718000,2000
2341,1256718000,1256720000,2000
2342,1256720000,1256722000,2000
2343,1256722000,1256724000,2000
2344,1256724000,1256726000,2000
2345,1256726000,1256728000,2000
2346,1256728000,1256730000,2000
2347,1256730000,1256732000,2000
2348,1256732000,1256734000,2000
2349,1256734000,1256736000,2000
2350,1256736000,1256738000,2000
2351,1256738000,1256740000,2000
2352,1256740000,1256742000,2000
2353,1256742000,1256744000,2000
2354,1256744000,1256746000,2000
2355,1256746000,1256748000,2000
2356,1256748000,1256750000,2000
2357,1256750000,1256752000,2000
2358,1256752000,1256754000,2000
2359,1256754000,1256756000,2000
2360,1256756000,1256758000,2000
2361,1256758000,1256760000,2000
2362,1256760000,1256762000,2000
2363,1256762000,1256764000,2000
2364,1256764000,1256766000,2000
2365,1256766000,1256768000,2000
2366,1256768000,1256770000,2000
2367,1256770000,1256772000,2000
2368,1256772000,1256774000,2000
2369,1256774000,1256776000,2000
2370,1256776000,1256778000,2000
2371,1256778000,1256780000,2000
2372,1256780000,1256782000,2000
2373,1256782000,1256784000,2000
2374,1256784000,1256786000,2000
2375,1256786000,1256788000,2000
2376,1256788000,1256790000,2000
2377,1256790000,1256792000,2000
2378,1256792000,1256794000,2000
2379,1256794000,1256796000,2000
2380,1256796000,1256798000,2000
2381,1256798000,1256800000,2000
10382,1256800000,1256802000,2000
10383,1256802000,1256804000,2000
10384,1256804000,1256806000,2000
10385,1256806000,1256808000,2000
10386,1256808000,1256810000,2000
10387,1256810000,1256812000,2000
10388,1256812000,1256814000,2000
10389,1256814000,1256816000,2000
10390,1256816000,1256818000,2000
10391,1256818000,1256820000,2000
10392,1256820000,1256822000,2000
10393,1256822000,1256824000,2000
10394,1256824000,1256826000,2000
10395,1256826000,1256828000,2000
10396,1256828000,1256830000,2000
10397,1256830000,1256832000,2000
10398,1256832000,1256834000,2000
10399,1256834000,1256836000,2000
10400,1256836000,1256838000,2000
10401,1256838000,1256840000,2000
10402,1256840000,1256842000,2000
10403,1256842000,1256844000,2000
10404,1256844000,1256846000,2000
10405,1256846000,1256848000,2000
10406,1256848000,1256850000,2000
10407,1256850000,1256852000,2000
10408,1256852000,1256854000,2000
10409,1256854000,1256856000,2000
10410,1256856000,1256858000,2000
10411,1256858000,1256860000,2000
10412,1256860000,1256862000,2000
10413,1256862000,1256864000,2000
10414,1256864000,1256866000,2000
10415,1256866000,1256868000,2000
10416,1256868000,1256870000,2000
10417,1256870000,1256872000,2000
10418,1256872000,1256874000,2000
10419,1256874000,1256876000,2000
10420,1256876000,1256878000,2000
10421,1256878000,1256880000,2000
10422,1256880000,1256882000,2000
10423,1256882000,1256884000,2000
10424,1256884000,1256886000,2000
10425,1256886000,1256888000,2000
10426,1256888000,1256890000,2000
10427,1256890000,1256892000,2000
10428,1256892000,1256894000,2000
10429,1256894000,1256896000,2000
10430,1256896000,1256898000,2000
10431,1256898000,1256900000,2000
11351,1256900000,1256902000,2000
11352,1256902000,1256904000,2000
11353,1256904000,1256906000,2000
11354,1256906000,1256908000,2000
11355,1256908000,1256910000,2000
11356,1256910000,1256912000,2000
11357,1256912000,1256914000,2000
11358,1256914000,1256916000,2000
11359,1256916000,1256918000,2000
11360,1256918000,1256920000,2000
11361,1256920000,1256922000,2000
11362,1256922000,1256924000,2000
11363,1256924000,1256926000,2000
11364,1256926000,1256928000,2000
11365,1256928000,1256930000,2000
11366,1256930000,1256932000,2000
11367,1256932000,1256934000,2000
11368,1256934000,1256936000,2000
11369,1256936000,1256938000,2000
11370,1256938000,1256940000,2000
11371,1256940000,1256942000,2000
11372,1256942000,1256944000,2000
11373,1256944000,1256946000,2000
11374,1256946000,1256948000,2000
11375,1256948000,1256950000,2000
11376,1256950000,1256952000,2000
11377,1256952000,1256954000,2000
11378,1256954000,1256956000,2000
11379,1256956000,1256958000,2000
11380,1256958000,1256960000,2000
11381,1256960000,1256962000,2000
11382,1256962000,1256964000,2000
11383,1256964000,1256966000,2000
11384,1256966000,1256968000,2000
11385,1256968000,1256970000,2000
11386,1256970000,1256972000,2000
11387,1256972000,1256974000,2000
11388,1256974000,1256976000,2000
11389,1256976000,1256978000,2000
11390,1256978000,1256980000,2000
11391,1256980000,1256982000,2000
11392,1256982000,1256984000,2000
11349,1256984000,1256984980,980
11350,1256984980,1256986000,1020
11393,1256986000,1256988000,2000
11394,1256988000,1256990000,2000
11395,1256990000,1256992000,2000
11396,1256992000,1256994000,2000
11397,1256994000,1256996000,2000
11398,1256996000,1256998000,2000
11399,1256998000,1257000000,2000
9084,1257000000,1257002000,2000
9085,1257002000,1257004000,2000
9086,1257004000,1257006000,2000
9087,1257006000,1257008000,2000
9088,1257008000,1257010000,2000
9089,1257010000,1257012000,2000
9090,1257012000,1257014000,2000
9091,1257014000,1257016000,2000
9092,1257016000,1257018000,2000
9093,1257018000,1257020000,2000
9094,1257020000,1257022000,2000
9095,1257022000,1257024000,2000
9096,1257024000,1257026000,2000
9097,1257026000,1257028000,2000
9098,1257028000,1257030000,2000
9099,1257030000,1257032000,2000
9100,1257032000,1257034000,2000
9101,1257034000,1257036000,2000
9102,1257036000,1257038000,2000
9103,1257038000,1257040000,2000
9104,1257040000,1257042000,2000
9105,1257042000,1257044000,2000
9106,1257044000,1257046000,2000
9107,1257046000,1257048000,2000
9108,1257048000,1257050000,2000
9109,1257050000,1257052000,2000
9110,1257052000,1257054000,2000
9111,1257054000,1257056000,2000
9112,1257056000,1257058000,2000
9113,1257058000,1257060000,2000
9114,1257060000,1257062000,2000
9115,1257062000,1257064000,2000
9116,1257064000,1257066000,2000
9117,1257066000,1257068000,2000
9118,1257068000,1257070000,2000
9119,1257070000,1257072000,2000
9120,1257072000,1257074000,2000
9121,1257074000,1257076000,2000
9122,1257076000,1257078000,2000
9123,1257078000,1257080000,2000
9124,1257080000,1257082000,2000
9125,1257082000,1257084000,2000
9126,1257084000,1257086000,2000
9127,1257086000,1257088000,2000
9128,1257088000,1257090000,2000
9129,1257090000,1257092000,2000
9130,1257092000,1257094000,2000
9131,1257094000,1257096000,2000
9132,1257096000,1257098000,2000
9133,1257098000,1257100000,2000
2982,1257100000,1257102000,2000
2983,1257102000,1257104000,2000
2984,1257104000,1257106000,2000
2985,1257106000,1257108000,2000
2986,1257108000,1257110000,2000
2987,1257110000,1257112000,2000
2988,1257112000,1257114000,2000
2989,1257114000,1257116000,2000
2990,1257116000,1257118000,2000
2991,1257118000,1257120000,2000
2992,1257120000,1257122000,2000
2993,1257122000,1257124000,2000
2994,1257124000,1257126000,2000
2995,1257126000,1257128000,2000
2996,1257128000,1257130000,2000
2997,1257130000,1257132000,2000
2998,1257132000,1257134000,2000
2999,1257134000,1257136000,2000
3000,1257136000,1257138000,2000
3001,1257138000,1257140000,2000
3002,1257140000,1257142000,2000
3003,1257142000,1257144000,2000
3004,1257144000,1257146000,2000
3005,1257146000,1257148000,2000
3006,1257148000,1257150000,2000
3007,1257150000,1257152000,2000
3008,1257152000,1257154000,2000
3009,1257154000,1257156000,2000
3010,1257156000,1257158000,2000
3011,1257158000,1257160000,2000
3012,1257160000,1257162000,2000
3013,1257162000,1257164000,2000
3014,1257164000,1257166000,2000
3015,1257166000,1257168000,2000
3016,1257168000,1257170000,2000
3017,1257170000,1257172000,2000
3018,1257172000,1257174000,2000
3019,1257174000,1257176000,2000
3020,1257176000,1257178000,2000
3021,1257178000,1257180000,2000
3022,1257180000,1257182000,2000
3023,1257182000,1257184000,2000
3024,1257184000,1257186000,2000
3025,1257186000,1257188000,2000
3026,1257188000,1257190000,2000
3027,1257190000,1257192000,2000
3028,1257192000,1257194000,2000
3029,1257194000,1257196000,2000
3030,1257196000,1257198000,2000
3031,1257198000,1257200000,2000
2882,1257200000,1257202000,2000
2883,1257202000,1257204000,2000
2884,1257204000,1257206000,2000
2885,1257206000,1257208000,2000
2886,1257208000,1257210000,2000
2887,1257210000,1257212000,2000
2888,1257212000,1257214000,2000
2889,1257214000,1257216000,2000
2890,1257216000,1257218000,2000
2891,1257218000,1257220000,2000
2892,1257220000,1257222000,2000
2893,1257222000,1257224000,2000
2894,1257224000,1257226000,2000
2895,1257226000,1257228000,2000
2896,1257228000,1257230000,2000
2897,1257230000,1257232000,2000
2898,1257232000,1257234000,2000
2899,1257234000,1257236000,2000
2900,1257236000,1257238000,2000
2901,1257238000,1257240000,2000
2902,1257240000,1257242000,2000
2903,1257242000,1257244000,2000
2904,1257244000,1257246000,2000
2905,1257246000,1257248000,2000
2906,1257248000,1257250000,2000
2907,1257250000,1257252000,2000
2908,1257252000,1257254000,2000
2909,1257254000,1257256000,2000
2910,1257256000,1257258000,2000
2911,1257258000,1257260000,2000
2912,1257260000,1257262000,2000
2913,1257262000,1257264000,2000
2914,1257264000,1257266000,2000
2915,1257266000,1257268000,2000
2916,1257268000,1257270000,2000
2917,1257270000,1257272000,2000
2918,1257272000,1257274000,2000
2919,1257274000,1257276000,2000
2920,1257276000,1257278000,2000
2921,1257278000,1257280000,2000
2922,1257280000,1257282000,2000
2923,1257282000,1257284000,2000
2924,1257284000,1257286000,2000
2925,1257286000,1257288000,2000
2926,1257288000,1257290000,2000
2927,1257290000,1257292000,2000
2928,1257292000,1257294000,2000
2929,1257294000,1257296000,2000
2930,1257296000,1257298000,2000
2931,1257298000,1257300000,2000
50,1257300000,1257302000,2000
51,1257302000,1257304000,2000
52,1257304000,1257306000,2000
53,1257306000,1257308000,2000
54,1257308000,1257310000,2000
55,1257310000,1257312000,2000
56,1257312000,1257314000,2000
57,1257314000,1257316000,2000
58,1257316000,1257318000,2000
59,1257318000,1257320000,2000
60,1257320000,1257322000,2000
61,1257322000,1257324000,2000
62,1257324000,1257326000,2000
63,1257326000,1257328000,2000
64,1257328000,1257330000,2000
65,1257330000,1257332000,2000
66,1257332000,1257334000,2000
67,1257334000,1257336000,2000
68,1257336000,1257338000,2000
69,1257338000,1257340000,2000
70,1257340000,1257342000,2000
71,1257342000,1257344000,2000
72,1257344000,1257346000,2000
73,1257346000,1257348000,2000
74,1257348000,1257350000,2000
75,1257350000,1257352000,2000
76,1257352000,1257354000,2000
77,1257354000,1257356000,2000
78,1257356000,1257358000,2000
79,1257358000,1257360000,2000
80,1257360000,1257362000,2000
81,1257362000,1257364000,2000
82,1257364000,1257366000,2000
83,1257366000,1257368000,2000
84,1257368000,1257370000,2000
85,1257370000,1257372000,2000
86,1257372000,1257374000,2000
87,1257374000,1257376000,2000
88,1257376000,1257378000,2000
89,1257378000,1257380000,2000
90,1257380000,1257382000,2000
91,1257382000,1257384000,2000
92,1257384000,1257386000,2000
93,1257386000,1257388000,2000
94,1257388000,1257390000,2000
95,1257390000,1257392000,2000
96,1257392000,1257394000,2000
97,1257394000,1257396000,2000
98,1257396000,1257398000,2000
99,1257398000,1257400000,2000
7684,1257400000,1257402000,2000
7685,1257402000,1257404000,2000
7686,1257404000,1257406000,2000
7687,1257406000,1257408000,2000
7688,1257408000,1257410000,2000
7689,1257410000,1257412000,2000
7690,1257412000,1257414000,2000
7691,1257414000,1257416000,2000
7692,1257416000,1257418000,2000
7693,1257418000,1257420000,2000
7694,1257420000,1257422000,2000
7695,1257422000,1257424000,2000
7696,1257424000,1257426000,2000
7697,1257426000,1257428000,2000
7698,1257428000,1257430000,2000
7699,1257430000,1257432000,2000
7700,1257432000,1257434000,2000
7701,1257434000,1257436000,2000
7702,1257436000,1257438000,2000
7703,1257438000,1257440000,2000
7704,1257440000,1257442000,2000
7705,1257442000,1257444000,2000
7706,1257444000,1257446000,2000
7707,1257446000,1257448000,2000
7708,1257448000,1257450000,2000
7709,1257450000,1257452000,2000
7710,1257452000,1257454000,2000
7711,1257454000,1257456000,2000
7712,1257456000,1257458000,2000
7713,1257458000,1257460000,2000
7714,1257460000,1257462000,2000
7715,1257462000,1257464000,2000
7716,1257464000,1257466000,2000
7717,1257466000,1257468000,2000
7718,1257468000,1257470000,2000
7719,1257470000,1257472000,2000
7720,1257472000,1257474000,2000
7721,1257474000,1257476000,2000
7722,1257476000,1257478000,2000
7723,1257478000,1257480000,2000
7724,1257480000,1257482000,2000
7725,1257482000,1257484000,2000
7726,1257484000,1257486000,2000
7727,1257486000,1257488000,2000
7728,1257488000,1257490000,2000
7729,1257490000,1257492000,2000
7730,1257492000,1257494000,2000
7731,1257494000,1257496000,2000
7732,1257496000,1257498000,2000
7733,1257498000,1257500000,2000
6432,1257500000,1257502000,2000
6433,1257502000,1257504000,2000
6434,1257504000,1257506000,2000
6435,1257506000,1257508000,2000
6436,1257508000,1257510000,2000
6437,1257510000,1257512000,2000
6438,1257512000,1257514000,2000
6439,1257514000,1257516000,2000
6440,1257516000,1257518000,2000
6441,1257518000,1257520000,2000
6442,1257520000,1257522000,2000
6443,1257522000,1257524000,2000
6444,1257524000,1257526000,2000
6445,1257526000,1257528000,2000
6446,1257528000,1257530000,2000
6447,1257530000,1257532000,2000
6448,1257532000,1257534000,2000
6449,1257534000,1257536000,2000
6450,1257536000,1257538000,2000
6451,1257538000,1257540000,2000
6452,1257540000,1257542000,2000
6453,1257542000,1257544000,2000
6454,1257544000,1257546000,2000
6455,1257546000,1257548000,2000
6456,1257548000,1257550000,2000
6457,1257550000,1257552000,2000
6458,1257552000,1257554000,2000
6459,1257554000,1257556000,2000
6460,1257556000,1257558000,2000
6461,1257558000,1257560000,2000
6462,1257560000,1257562000,2000
6463,1257562000,1257564000,2000
6464,1257564000,1257566000,2000
6465,1257566000,1257568000,2000
6466,1257568000,1257570000,2000
6467,1257570000,1257572000,2000
6468,1257572000,1257574000,2000
6469,1257574000,1257576000,2000
6470,1257576000,1257578000,2000
6471,1257578000,1257580000,2000
6472,1257580000,1257582000,2000
6473,1257582000,1257584000,2000
6474,1257584000,1257586000,2000
6475,1257586000,1257588000,2000
6476,1257588000,1257590000,2000
6477,1257590000,1257592000,2000
6478,1257592000,1257594000,2000
6479,1257594000,1257596000,2000
6480,1257596000,1257598000,2000
6481,1257598000,1257600000,2000
13050,1257600000,1257602000,2000
13051,1257602000,1257604000,2000
13052,1257604000,1257606000,2000
13053,1257606000,1257608000,2000
13054,1257608000,1257610000,2000
13055,1257610000,1257612000,2000
13056,1257612000,1257614000,2000
13057,1257614000,1257616000,2000
13058,1257616000,1257618000,2000
13059,1257618000,1257620000,2000
13060,1257620000,1257622000,2000
13061,1257622000,1257624000,2000
13062,1257624000,1257626000,2000
13063,1257626000,1257628000,2000
13064,1257628000,1257630000,2000
13065,1257630000,1257632000,2000
13066,1257632000,1257634000,2000
13067,1257634000,1257636000,2000
13068,1257636000,1257638000,2000
13069,1257638000,1257640000,2000
13070,1257640000,1257642000,2000
13071,1257642000,1257644000,2000
13072,1257644000,1257646000,2000
13073,1257646000,1257648000,2000
13074,1257648000,1257650000,2000
13075,1257650000,1257652000,2000
13076,1257652000,1257654000,2000
13077,1257654000,1257656000,2000
13078,1257656000,1257658000,2000
13079,1257658000,1257660000,2000
13080,1257660000,1257662000,2000
13081,1257662000,1257664000,2000
13082,1257664000,1257666000,2000
13083,1257666000,1257668000,2000
13084,1257668000,1257670000,2000
13085,1257670000,1257672000,2000
13086,1257672000,1257674000,2000
13087,1257674000,1257676000,2000
13088,1257676000,1257678000,2000
13089,1257678000,1257680000,2000
13090,1257680000,1257682000,2000
13091,1257682000,1257684000,2000
13092,1257684000,1257686000,2000
13093,1257686000,1257688000,2000
13094,1257688000,1257690000,2000
13095,1257690000,1257692000,2000
13096,1257692000,1257694000,2000
13097,1257694000,1257696000,2000
13098,1257696000,1257698000,2000
13099,1257698000,1257700000,2000
3082,1257700000,1257702000,2000
3083,1257702000,1257704000,2000
3084,1257704000,1257706000,2000
3085,1257706000,1257708000,2000
3086,1257708000,1257710000,2000
3087,1257710000,1257712000,2000
3088,1257712000,1257714000,2000
3089,1257714000,1257716000,2000
3090,1257716000,1257718000,2000
3091,1257718000,1257720000,2000
3092,1257720000,1257722000,2000
3093,1257722000,1257724000,2000
3094,1257724000,1257726000,2000
3095,1257726000,1257728000,2000
3096,1257728000,1257730000,2000
3097,1257730000,1257732000,2000
3098,1257732000,1257734000,2000
3099,1257734000,1257736000,2000
3100,1257736000,1257738000,2000
3101,1257738000,1257740000,2000
3102,1257740000,1257742000,2000
3103,1257742000,1257744000,2000
3104,1257744000,1257746000,2000
3105,1257746000,1257748000,2000
3106,1257748000,1257750000,2000
3107,1257750000,1257752000,2000
3108,1257752000,1257754000,2000
3109,1257754000,1257756000,2000
3110,1257756000,1257758000,2000
3111,1257758000,1257760000,2000
3112,1257760000,1257762000,2000
3113,1257762000,1257764000,2000
3114,1257764000,1257766000,2000
3115,1257766000,1257768000,2000
3116,1257768000,1257770000,2000
3117,1257770000,1257772000,2000
3118,1257772000,1257774000,2000
3119,1257774000,1257776000,2000
3120,1257776000,1257778000,2000
3121,1257778000,1257780000,2000
3122,1257780000,1257782000,2000
3123,1257782000,1257784000,2000
3124,1257784000,1257786000,2000
3125,1257786000,1257788000,2000
3126,1257788000,1257790000,2000
3127,1257790000,1257792000,2000
3128,1257792000,1257794000,2000
3129,1257794000,1257796000,2000
3130,1257796000,1257798000,2000
3131,1257798000,1257800000,2000
500,1257800000,1257802000,2000
501,1257802000,1257804000,2000
502,1257804000,1257806000,2000
503,1257806000,1257808000,2000
504,1257808000,1257810000,2000
505,1257810000,1257812000,2000
506,1257812000,1257814000,2000
507,1257814000,1257816000,2000
508,1257816000,1257818000,2000
509,1257818000,1257820000,2000
510,1257820000,1257822000,2000
511,1257822000,1257824000,2000
512,1257824000,1257826000,2000
513,1257826000,1257828000,2000
514,1257828000,1257830000,2000
515,1257830000,1257832000,2000
516,1257832000,1257834000,2000
517,1257834000,1257836000,2000
518,1257836000,1257838000,2000
519,1257838000,1257840000,2000
520,1257840000,1257842000,2000
521,1257842000,1257844000,2000
522,1257844000,1257846000,2000
523,1257846000,1257848000,2000
524,1257848000,1257850000,2000
525,1257850000,1257852000,2000
526,1257852000,1257854000,2000
527,1257854000,1257856000,2000
528,1257856000,1257858000,2000
529,1257858000,1257860000,2000
530,1257860000,1257862000,2000
531,1257862000,1257864000,2000
532,1257864000,1257866000,2000
533,1257866000,1257868000,2000
534,1257868000,1257870000,2000
535,1257870000,1257872000,2000
536,1257872000,1257874000,2000
537,1257874000,1257876000,2000
538,1257876000,1257878000,2000
539,1257878000,1257880000,2000
540,1257880000,1257882000,2000
541,1257882000,1257884000,2000
542,1257884000,1257886000,2000
543,1257886000,1257888000,2000
544,1257888000,1257890000,2000
545,1257890000,1257892000,2000
546,1257892000,1257894000,2000
547,1257894000,1257896000,2000
548,1257896000,1257898000,2000
549,1257898000,1257900000,2000
4882,1257900000,1257902000,2000
4883,1257902000,1257904000,2000
4884,1257904000,1257906000,2000
4885,1257906000,1257908000,2000
4886,1257908000,1257910000,2000
4887,1257910000,1257912000,2000
4888,1257912000,1257914000,2000
4889,1257914000,1257916000,2000
4890,1257916000,1257918000,2000
4891,1257918000,1257920000,2000
4892,1257920000,1257922000,2000
4893,1257922000,1257924000,2000
4894,1257924000,1257926000,2000
4895,1257926000,1257928000,2000
4896,1257928000,1257930000,2000
4897,1257930000,1257932000,2000
4898,1257932000,1257934000,2000
4899,1257934000,1257936000,2000
4900,1257936000,1257938000,2000
4901,1257938000,1257940000,2000
4902,1257940000,1257942000,2000
4903,1257942000,1257944000,2000
4904,1257944000,1257946000,2000
4905,1257946000,1257948000,2000
4906,1257948000,1257950000,2000
4907,1257950000,1257952000,2000
4908,1257952000,1257954000,2000
4909,1257954000,1257956000,2000
4910,1257956000,1257958000,2000
4911,1257958000,1257960000,2000
4912,1257960000,1257962000,2000
4913,1257962000,1257964000,2000
4914,1257964000,1257966000,2000
4915,1257966000,1257968000,2000
4916,1257968000,1257970000,2000
4917,1257970000,1257972000,2000
4918,1257972000,1257974000,2000
4919,1257974000,1257976000,2000
4920,1257976000,1257978000,2000
4921,1257978000,1257980000,2000
4922,1257980000,1257982000,2000
4923,1257982000,1257984000,2000
4924,1257984000,1257986000,2000
4925,1257986000,1257988000,2000
4926,1257988000,1257990000,2000
4927,1257990000,1257992000,2000
4928,1257992000,1257994000,2000
4929,1257994000,1257996000,2000
4930,1257996000,1257998000,2000
4931,1257998000,1258000000,2000
8434,1258000000,1258002000,2000
8435,1258002000,1258004000,2000
8436,1258004000,1258006000,2000
8437,1258006000,1258008000,2000
8438,1258008000,1258010000,2000
8439,1258010000,1258012000,2000
8440,1258012000,1258014000,2000
8441,1258014000,1258016000,2000
8442,1258016000,1258018000,2000
8443,1258018000,1258020000,2000
8444,1258020000,1258022000,2000
8445,1258022000,1258024000,2000
8446,1258024000,1258026000,2000
8447,1258026000,1258028000,2000
8448,1258028000,1258030000,2000
8449,1258030000,1258032000,2000
8450,1258032000,1258034000,2000
8451,1258034000,1258036000,2000
8452,1258036000,1258038000,2000
8453,1258038000,1258040000,2000
8454,1258040000,1258042000,2000
8455,1258042000,1258044000,2000
8456,1258044000,1258046000,2000
8457,1258046000,1258048000,2000
8458,1258048000,1258050000,2000
8459,1258050000,1258052000,2000
8460,1258052000,1258054000,2000
8461,1258054000,1258056000,2000
8462,1258056000,1258058000,2000
8463,1258058000,1258060000,2000
8464,1258060000,1258062000,2000
8465,1258062000,1258064000,2000
8466,1258064000,1258066000,2000
8467,1258066000,1258068000,2000
8468,1258068000,1258070000,2000
8469,1258070000,1258072000,2000
8470,1258072000,1258074000,2000
8471,1258074000,1258076000,2000
8472,1258076000,1258078000,2000
8473,1258078000,1258080000,2000
8474,1258080000,1258082000,2000
8475,1258082000,1258084000,2000
8476,1258084000,1258086000,2000
8477,1258086000,1258088000,2000
8478,1258088000,1258090000,2000
8479,1258090000,1258092000,2000
8480,1258092000,1258094000,2000
8481,1258094000,1258096000,2000
8482,1258096000,1258098000,2000
8483,1258098000,1258100000,2000
8334,1258100000,1258102000,2000
8335,1258102000,1258104000,2000
8336,1258104000,1258106000,2000
8337,1258106000,1258108000,2000
8338,1258108000,1258110000,2000
8339,1258110000,1258112000,2000
8340,1258112000,1258114000,2000
8341,1258114000,1258116000,2000
8342,1258116000,1258118000,2000
8343,1258118000,1258120000,2000
8344,1258120000,1258122000,2000
8345,1258122000,1258124000,2000
8346,1258124000,1258126000,2000
8347,1258126000,1258128000,2000
8348,1258128000,1258130000,2000
8349,1258130000,1258132000,2000
8350,1258132000,1258134000,2000
8351,1258134000,1258136000,2000
8352,1258136000,1258138000,2000
8353,1258138000,1258140000,2000
8354,1258140000,1258142000,2000
8355,1258142000,1258144000,2000
8356,1258144000,1258146000,2000
8357,1258146000,1258148000,2000
8358,1258148000,1258150000,2000
8359,1258150000,1258152000,2000
8360,1258152000,1258154000,2000
8361,1258154000,1258156000,2000
8362,1258156000,1258158000,2000
8363,1258158000,1258160000,2000
8364,1258160000,1258162000,2000
8365,1258162000,1258164000,2000
8366,1258164000,1258166000,2000
8367,1258166000,1258168000,2000
8368,1258168000,1258170000,2000
8369,1258170000,1258172000,2000
8370,1258172000,1258174000,2000
8371,1258174000,1258176000,2000
8372,1258176000,1258178000,2000
8373,1258178000,1258180000,2000
8374,1258180000,1258182000,2000
8375,1258182000,1258184000,2000
8376,1258184000,1258186000,2000
8377,1258186000,1258188000,2000
8378,1258188000,1258190000,2000
8379,1258190000,1258192000,2000
8380,1258192000,1258194000,2000
8381,1258194000,1258196000,2000
8382,1258196000,1258198000,2000
8383,1258198000,1258200000,2000
10982,1258200000,1258202000,2000
10983,1258202000,1258204000,2000
10984,1258204000,1258206000,2000
10985,1258206000,1258208000,2000
10986,1258208000,1258210000,2000
10987,1258210000,1258212000,2000
10988,1258212000,1258214000,2000
10989,1258214000,1258216000,2000
10990,1258216000,1258218000,2000
10991,1258218000,1258220000,2000
10992,1258220000,1258222000,2000
10993,1258222000,1258224000,2000
10994,1258224000,1258226000,2000
10995,1258226000,1258228000,2000
10996,1258228000,1258230000,2000
10997,1258230000,1258232000,2000
10998,1258232000,1258234000,2000
10999,1258234000,1258236000,2000
11000,1258236000,1258238000,2000
11001,1258238000,1258240000,2000
11002,1258240000,1258242000,2000
11003,1258242000,1258244000,2000
11004,1258244000,1258246000,2000
11005,1258246000,1258248000,2000
11006,1258248000,1258250000,2000
11007,1258250000,1258252000,2000
11008,1258252000,1258254000,2000
11009,1258254000,1258256000,2000
11010,1258256000,1258258000,2000
11011,1258258000,1258260000,2000
11012,1258260000,1258262000,2000
11013,1258262000,1258264000,2000
11014,1258264000,1258266000,2000
11015,1258266000,1258268000,2000
11016,1258268000,1258270000,2000
11017,1258270000,1258272000,2000
11018,1258272000,1258274000,2000
11019,1258274000,1258276000,2000
11020,1258276000,1258278000,2000
11021,1258278000,1258280000,2000
11022,1258280000,1258282000,2000
11023,1258282000,1258284000,2000
11024,1258284000,1258286000,2000
11025,1258286000,1258288000,2000
11026,1258288000,1258290000,2000
11027,1258290000,1258292000,2000
11028,1258292000,1258294000,2000
11029,1258294000,1258296000,2000
11030,1258296000,1258298000,2000
11031,1258298000,1258300000,2000
1732,1258300000,1258302000,2000
1733,1258302000,1258304000,2000
1734,1258304000,1258306000,2000
1735,1258306000,1258308000,2000
1736,1258308000,1258310000,2000
1737,1258310000,1258312000,2000
1738,1258312000,1258314000,2000
1739,1258314000,1258316000,2000
1740,1258316000,1258318000,2000
1741,1258318000,1258320000,2000
1742,1258320000,1258322000,2000
1743,1258322000,1258324000,2000
1744,1258324000,1258326000,2000
1745,1258326000,1258328000,2000
1746,1258328000,1258330000,2000
1747,1258330000,1258332000,2000
1748,1258332000,1258334000,2000
1749,1258334000,1258336000,2000
1750,1258336000,1258338000,2000
1751,1258338000,1258340000,2000
1752,1258340000,1258342000,2000
1753,1258342000,1258344000,2000
1754,1258344000,1258346000,2000
1755,1258346000,1258348000,2000
1756,1258348000,1258350000,2000
1757,1258350000,1258352000,2000
1758,1258352000,1258354000,2000
1759,1258354000,1258356000,2000
1760,1258356000,1258358000,2000
1761,1258358000,1258360000,2000
1762,1258360000,1258362000,2000
1763,1258362000,1258364000,2000
1764,1258364000,1258366000,2000
1765,1258366000,1258368000,2000
1766,1258368000,1258370000,2000
1767,1258370000,1258372000,2000
1768,1258372000,1258374000,2000
1769,1258374000,1258376000,2000
1770,1258376000,1258378000,2000
1771,1258378000,1258380000,2000
1772,1258380000,1258382000,2000
1773,1258382000,1258384000,2000
1774,1258384000,1258386000,2000
1775,1258386000,1258388000,2000
1776,1258388000,1258390000,2000
1777,1258390000,1258392000,2000
1778,1258392000,1258394000,2000
1779,1258394000,1258396000,2000
1780,1258396000,1258398000,2000
1781,1258398000,1258400000,2000
1382,1258400000,1258402000,2000
1383,1258402000,1258404000,2000
1384,1258404000,1258406000,2000
1385,1258406000,1258408000,2000
1386,1258408000,1258410000,2000
1387,1258410000,1258412000,2000
1388,1258412000,1258414000,2000
1389,1258414000,1258416000,2000
1390,1258416000,1258418000,2000
1391,1258418000,1258420000,2000
1392,1258420000,1258422000,2000
1393,1258422000,1258424000,2000
1394,1258424000,1258426000,2000
1395,1258426000,1258428000,2000
1396,1258428000,1258430000,2000
1397,1258430000,1258432000,2000
1398,1258432000,1258434000,2000
1399,1258434000,1258436000,2000
1400,1258436000,1258438000,2000
1401,1258438000,1258440000,2000
1402,1258440000,1258442000,2000
1403,1258442000,1258444000,2000
1404,1258444000,1258446000,2000
1405,1258446000,1258448000,2000
1406,1258448000,1258450000,2000
1407,1258450000,1258452000,2000
1408,1258452000,1258454000,2000
1409,1258454000,1258456000,2000
1410,1258456000,1258458000,2000
1411,1258458000,1258460000,2000
1412,1258460000,1258462000,2000
1413,1258462000,1258464000,2000
1414,1258464000,1258466000,2000
1415,1258466000,1258468000,2000
1416,1258468000,1258470000,2000
1417,1258470000,1258472000,2000
1418,1258472000,1258474000,2000
1419,1258474000,1258476000,2000
1420,1258476000,1258478000,2000
1421,1258478000,1258480000,2000
1422,1258480000,1258482000,2000
1423,1258482000,1258484000,2000
1424,1258484000,1258486000,2000
1425,1258486000,1258488000,2000
1426,1258488000,1258490000,2000
1427,1258490000,1258492000,2000
1428,1258492000,1258494000,2000
1429,1258494000,1258496000,2000
1430,1258496000,1258498000,2000
1431,1258498000,1258500000,2000
950,1258500000,1258502000,2000
951,1258502000,1258504000,2000
952,1258504000,1258506000,2000
953,1258506000,1258508000,2000
954,1258508000,1258510000,2000
955,1258510000,1258512000,2000
956,1258512000,1258514000,2000
957,1258514000,1258516000,2000
958,1258516000,1258518000,2000
959,1258518000,1258520000,2000
960,1258520000,1258522000,2000
961,1258522000,1258524000,2000
962,1258524000,1258526000,2000
963,1258526000,1258528000,2000
964,1258528000,1258530000,2000
965,1258530000,1258532000,2000
966,1258532000,1258534000,2000
967,1258534000,1258536000,2000
968,1258536000,1258538000,2000
969,1258538000,1258540000,2000
970,1258540000,1258542000,2000
971,1258542000,1258544000,2000
972,1258544000,1258546000,2000
973,1258546000,1258548000,2000
974,1258548000,1258550000,2000
975,1258550000,1258552000,2000
976,1258552000,1258554000,2000
977,1258554000,1258556000,2000
978,1258556000,1258558000,2000
979,1258558000,1258560000,2000
980,1258560000,1258562000,2000
981,1258562000,1258564000,2000
982,1258564000,1258566000,2000
983,1258566000,1258568000,2000
984,1258568000,1258570000,2000
985,1258570000,1258572000,2000
986,1258572000,1258574000,2000
987,1258574000,1258576000,2000
988,1258576000,1258578000,2000
989,1258578000,1258580000,2000
990,1258580000,1258582000,2000
991,1258582000,1258584000,2000
992,1258584000,1258586000,2000
993,1258586000,1258588000,2000
994,1258588000,1258590000,2000
995,1258590000,1258592000,2000
996,1258592000,1258594000,2000
997,1258594000,1258596000,2000
998,1258596000,1258598000,2000
999,1258598000,1258600000,2000
7584,1258600000,1258602000,2000
7585,1258602000,1258604000,2000
7586,1258604000,1258606000,2000
7587,1258606000,1258608000,2000
7588,1258608000,1258610000,2000
7589,1258610000,1258612000,2000
7590,1258612000,1258614000,2000
7591,1258614000,1258616000,2000
7592,1258616000,1258618000,2000
7593,1258618000,1258620000,2000
7594,1258620000,1258622000,2000
7595,1258622000,1258624000,2000
7596,1258624000,1258626000,2000
7597,1258626000,1258628000,2000
7598,1258628000,1258630000,2000
7599,1258630000,1258632000,2000
7600,1258632000,1258634000,2000
7601,1258634000,1258636000,2000
7602,1258636000,1258638000,2000
7603,1258638000,1258640000,2000
7604,1258640000,1258642000,2000
7605,1258642000,1258644000,2000
7606,1258644000,1258646000,2000
7607,1258646000,1258648000,2000
7608,1258648000,1258650000,2000
7609,1258650000,1258652000,2000
7610,1258652000,1258654000,2000
7611,1258654000,1258656000,2000
7612,1258656000,1258658000,2000
7613,1258658000,1258660000,2000
7614,1258660000,1258662000,2000
7615,1258662000,1258664000,2000
7616,1258664000,1258666000,2000
7617,1258666000,1258668000,2000
7618,1258668000,1258670000,2000
7619,1258670000,1258672000,2000
7620,1258672000,1258674000,2000
7621,1258674000,1258676000,2000
7622,1258676000,1258678000,2000
7623,1258678000,1258680000,2000
7624,1258680000,1258682000,2000
7625,1258682000,1258684000,2000
7626,1258684000,1258686000,2000
7627,1258686000,1258688000,2000
7628,1258688000,1258690000,2000
7629,1258690000,1258692000,2000
7630,1258692000,1258694000,2000
7631,1258694000,1258696000,2000
7632,1258696000,1258698000,2000
7633,1258698000,1258700000,2000
8834,1258700000,1258702000,2000
8835,1258702000,1258704000,2000
8836,1258704000,1258706000,2000
8837,1258706000,1258708000,2000
8838,1258708000,1258710000,2000
8839,1258710000,1258712000,2000
8840,1258712000,1258714000,2000
8841,1258714000,1258716000,2000
8842,1258716000,1258718000,2000
8843,1258718000,1258720000,2000
8844,1258720000,1258722000,2000
8845,1258722000,1258724000,2000
8846,1258724000,1258726000,2000
8847,1258726000,1258728000,2000
8848,1258728000,1258730000,2000
8849,1258730000,1258732000,2000
8850,1258732000,1258734000,2000
8851,1258734000,1258736000,2000
8852,1258736000,1258738000,2000
8853,1258738000,1258740000,2000
8854,1258740000,1258742000,2000
8855,1258742000,1258744000,2000
8856,1258744000,1258746000,2000
8857,1258746000,1258748000,2000
8858,1258748000,1258750000,2000
8859,1258750000,1258752000,2000
8860,1258752000,1258754000,2000
8861,1258754000,1258756000,2000
8862,1258756000,1258758000,2000
8863,1258758000,1258760000,2000
8864,1258760000,1258762000,2000
8865,1258762000,1258764000,2000
8866,1258764000,1258766000,2000
8867,1258766000,1258768000,2000
8868,1258768000,1258770000,2000
8869,1258770000,1258772000,2000
8870,1258772000,1258774000,2000
8871,1258774000,1258776000,2000
8872,1258776000,1258778000,2000
8873,1258778000,1258780000,2000
8874,1258780000,1258782000,2000
8875,1258782000,1258784000,2000
8876,1258784000,1258786000,2000
8877,1258786000,1258788000,2000
8878,1258788000,1258790000,2000
8879,1258790000,1258792000,2000
8880,1258792000,1258794000,2000
8881,1258794000,1258796000,2000
8882,1258796000,1258798000,2000
8883,1258798000,1258800000,2000
4032,1258800000,1258802000,2000
4033,1258802000,1258804000,2000
4034,1258804000,1258806000,2000
4035,1258806000,1258808000,2000
4036,1258808000,1258810000,2000
4037,1258810000,1258812000,2000
4038,1258812000,1258814000,2000
4039,1258814000,1258816000,2000
4040,1258816000,1258818000,2000
4041,1258818000,1258820000,2000
4042,1258820000,1258822000,2000
4043,1258822000,1258824000,2000
4044,1258824000,1258826000,2000
4045,1258826000,1258828000,2000
4046,1258828000,1258830000,2000
4047,1258830000,1258832000,2000
4048,1258832000,1258834000,2000
4049,1258834000,1258836000,2000
4050,1258836000,1258838000,2000
4051,1258838000,1258840000,2000
4052,1258840000,1258842000,2000
4053,1258842000,1258844000,2000
4054,1258844000,1258846000,2000
4055,1258846000,1258848000,2000
4056,1258848000,1258850000,2000
4057,1258850000,1258852000,2000
4058,1258852000,1258854000,2000
4059,1258854000,1258856000,2000
4060,1258856000,1258858000,2000
4061,1258858000,1258860000,2000
4062,1258860000,1258862000,2000
4063,1258862000,1258864000,2000
4064,1258864000,1258866000,2000
4065,1258866000,1258868000,2000
4066,1258868000,1258870000,2000
4067,1258870000,1258872000,2000
4068,1258872000,1258874000,2000
4069,1258874000,1258876000,2000
4070,1258876000,1258878000,2000
4071,1258878000,1258880000,2000
4072,1258880000,1258882000,2000
4073,1258882000,1258884000,2000
4074,1258884000,1258886000,2000
4075,1258886000,1258888000,2000
4076,1258888000,1258890000,2000
4077,1258890000,1258892000,2000
4078,1258892000,1258894000,2000
4079,1258894000,1258896000,2000
4080,1258896000,1258898000,2000
4081,1258898000,1258900000,2000
2682,1258900000,1258902000,2000
2683,1258902000,1258904000,2000
2684,1258904000,1258906000,2000
2685,1258906000,1258908000,2000
2686,1258908000,1258910000,2000
2687,1258910000,1258912000,2000
2688,1258912000,1258914000,2000
2689,1258914000,1258916000,2000
2690,1258916000,1258918000,2000
2691,1258918000,1258920000,2000
2692,1258920000,1258922000,2000
2693,1258922000,1258924000,2000
2694,1258924000,1258926000,2000
2695,1258926000,1258928000,2000
2696,1258928000,1258930000,2000
2697,1258930000,1258932000,2000
2698,1258932000,1258934000,2000
2699,1258934000,1258936000,2000
2700,1258936000,1258938000,2000
2701,1258938000,1258940000,2000
2702,1258940000,1258942000,2000
2703,1258942000,1258944000,2000
2704,1258944000,1258946000,2000
2705,1258946000,1258948000,2000
2706,1258948000,1258950000,2000
2707,1258950000,1258952000,2000
2708,1258952000,1258954000,2000
2709,1258954000,1258956000,2000
2710,1258956000,1258958000,2000
2711,1258958000,1258960000,2000
2712,1258960000,1258962000,2000
2713,1258962000,1258964000,2000
2714,1258964000,1258966000,2000
2715,1258966000,1258968000,2000
2716,1258968000,1258970000,2000
2717,1258970000,1258972000,2000
2718,1258972000,1258974000,2000
2719,1258974000,1258976000,2000
2720,1258976000,1258978000,2000
2721,1258978000,1258980000,2000
2722,1258980000,1258982000,2000
2723,1258982000,1258984000,2000
2724,1258984000,1258986000,2000
2725,1258986000,1258988000,2000
2726,1258988000,1258990000,2000
2727,1258990000,1258992000,2000
2728,1258992000,1258994000,2000
2729,1258994000,1258996000,2000
2730,1258996000,1258998000,2000
2731,1258998000,1259000000,2000
5932,1259000000,1259002000,2000
5933,1259002000,1259004000,2000
5934,1259004000,1259006000,2000
5935,1259006000,1259008000,2000
5936,1259008000,1259010000,2000
5937,1259010000,1259012000,2000
5938,1259012000,1259014000,2000
5939,1259014000,1259016000,2000
5940,1259016000,1259018000,2000
5941,1259018000,1259020000,2000
5942,1259020000,1259022000,2000
5943,1259022000,1259024000,2000
5944,1259024000,1259026000,2000
5945,1259026000,1259028000,2000
5946,1259028000,1259030000,2000
5947,1259030000,1259032000,2000
5948,1259032000,1259034000,2000
5949,1259034000,1259036000,2000
5950,1259036000,1259038000,2000
5951,1259038000,1259040000,2000
5952,1259040000,1259042000,2000
5953,1259042000,1259044000,2000
5954,1259044000,1259046000,2000
5955,1259046000,1259048000,2000
5956,1259048000,1259050000,2000
5957,1259050000,1259052000,2000
5958,1259052000,1259054000,2000
5959,1259054000,1259056000,2000
5960,1259056000,1259058000,2000
5961,1259058000,1259060000,2000
5962,1259060000,1259062000,2000
5963,1259062000,1259064000,2000
5964,1259064000,1259066000,2000
5965,1259066000,1259068000,2000
5966,1259068000,1259070000,2000
5967,1259070000,1259072000,2000
5968,1259072000,1259074000,2000
5969,1259074000,1259076000,2000
5970,1259076000,1259078000,2000
5971,1259078000,1259080000,2000
5972,1259080000,1259082000,2000
5973,1259082000,1259084000,2000
5974,1259084000,1259086000,2000
5975,1259086000,1259088000,2000
5976,1259088000,1259090000,2000
5977,1259090000,1259092000,2000
5978,1259092000,1259094000,2000
5979,1259094000,1259096000,2000
5980,1259096000,1259098000,2000
5981,1259098000,1259100000,2000
7184,1259100000,1259102000,2000
7185,1259102000,1259104000,2000
7186,1259104000,1259106000,2000
7187,1259106000,1259108000,2000
7188,1259108000,1259110000,2000
7189,1259110000,1259112000,2000
7190,1259112000,1259114000,2000
7191,1259114000,1259116000,2000
7192,1259116000,1259118000,2000
7193,1259118000,1259120000,2000
7194,1259120000,1259122000,2000
7195,1259122000,1259124000,2000
7196,1259124000,1259126000,2000
7197,1259126000,1259128000,2000
7198,1259128000,1259130000,2000
7199,1259130000,1259132000,2000
7200,1259132000,1259134000,2000
7201,1259134000,1259136000,2000
7202,1259136000,1259138000,2000
7203,1259138000,1259140000,2000
7204,1259140000,1259142000,2000
7205,1259142000,1259144000,2000
7206,1259144000,1259146000,2000
7207,1259146000,1259148000,2000
7208,1259148000,1259150000,2000
7209,1259150000,1259152000,2000
7210,1259152000,1259154000,2000
7211,1259154000,1259156000,2000
7212,1259156000,1259158000,2000
7213,1259158000,1259160000,2000
7214,1259160000,1259162000,2000
7215,1259162000,1259164000,2000
7216,1259164000,1259166000,2000
7217,1259166000,1259168000,2000
7218,1259168000,1259170000,2000
7219,1259170000,1259172000,2000
7220,1259172000,1259174000,2000
7221,1259174000,1259176000,2000
7222,1259176000,1259178000,2000
7223,1259178000,1259180000,2000
7224,1259180000,1259182000,2000
7225,1259182000,1259184000,2000
7226,1259184000,1259186000,2000
7227,1259186000,1259188000,2000
7228,1259188000,1259190000,2000
7229,1259190000,1259192000,2000
7230,1259192000,1259194000,2000
7231,1259194000,1259196000,2000
7232,1259196000,1259198000,2000
7233,1259198000,1259200000,2000
6784,1259200000,1259202000,2000
6785,1259202000,1259204000,2000
6786,1259204000,1259206000,2000
6787,1259206000,1259208000,2000
6788,1259208000,1259210000,2000
6789,1259210000,1259212000,2000
6790,1259212000,1259214000,2000
6791,1259214000,1259216000,2000
6792,1259216000,1259218000,2000
6793,1259218000,1259220000,2000
6794,1259220000,1259222000,2000
6795,1259222000,1259224000,2000
6796,1259224000,1259226000,2000
6797,1259226000,1259228000,2000
6798,1259228000,1259230000,2000
6799,1259230000,1259232000,2000
6800,1259232000,1259234000,2000
6801,1259234000,1259236000,2000
6802,1259236000,1259238000,2000
6803,1259238000,1259240000,2000
6804,1259240000,1259242000,2000
6805,1259242000,1259244000,2000
6806,1259244000,1259246000,2000
6807,1259246000,1259248000,2000
6808,1259248000,1259250000,2000
6809,1259250000,1259252000,2000
6810,1259252000,1259254000,2000
6811,1259254000,1259256000,2000
6812,1259256000,1259258000,2000
6813,1259258000,1259260000,2000
6814,1259260000,1259262000,2000
6815,1259262000,1259264000,2000
6816,1259264000,1259266000,2000
6817,1259266000,1259268000,2000
6818,1259268000,1259270000,2000
6819,1259270000,1259272000,2000
6820,1259272000,1259274000,2000
6821,1259274000,1259276000,2000
6822,1259276000,1259278000,2000
6823,1259278000,1259280000,2000
6824,1259280000,1259282000,2000
6825,1259282000,1259284000,2000
6826,1259284000,1259286000,2000
6827,1259286000,1259288000,2000
6828,1259288000,1259290000,2000
6829,1259290000,1259292000,2000
6830,1259292000,1259294000,2000
6831,1259294000,1259296000,2000
6832,1259296000,1259298000,2000
6833,1259298000,1259300000,2000
5282,1259300000,1259302000,2000
5283,1259302000,1259304000,2000
5284,1259304000,1259306000,2000
5285,1259306000,1259308000,2000
5286,1259308000,1259310000,2000
5287,1259310000,1259312000,2000
5288,1259312000,1259314000,2000
5289,1259314000,1259316000,2000
5290,1259316000,1259318000,2000
5291,1259318000,1259320000,2000
5292,1259320000,1259322000,2000
5293,1259322000,1259324000,2000
5294,1259324000,1259326000,2000
5295,1259326000,1259328000,2000
5296,1259328000,1259330000,2000
5297,1259330000,1259332000,2000
5298,1259332000,1259334000,2000
5299,1259334000,1259336000,2000
5300,1259336000,1259338000,2000
5301,1259338000,1259340000,2000
5302,1259340000,1259342000,2000
5303,1259342000,1259344000,2000
5304,1259344000,1259346000,2000
5305,1259346000,1259348000,2000
5306,1259348000,1259350000,2000
5307,1259350000,1259352000,2000
5308,1259352000,1259354000,2000
5309,1259354000,1259356000,2000
5310,1259356000,1259358000,2000
5311,1259358000,1259360000,2000
5312,1259360000,1259362000,2000
5313,1259362000,1259364000,2000
5314,1259364000,1259366000,2000
5315,1259366000,1259368000,2000
5316,1259368000,1259370000,2000
5317,1259370000,1259372000,2000
5318,1259372000,1259374000,2000
5319,1259374000,1259376000,2000
5320,1259376000,1259378000,2000
5321,1259378000,1259380000,2000
5322,1259380000,1259382000,2000
5323,1259382000,1259384000,2000
5324,1259384000,1259386000,2000
5325,1259386000,1259388000,2000
5326,1259388000,1259390000,2000
5327,1259390000,1259392000,2000
5328,1259392000,1259394000,2000
5329,1259394000,1259396000,2000
5330,1259396000,1259398000,2000
5331,1259398000,1259400000,2000
7234,1259400000,1259402000,2000
7235,1259402000,1259404000,2000
7236,1259404000,1259406000,2000
7237,1259406000,1259408000,2000
7238,1259408000,1259410000,2000
7239,1259410000,1259412000,2000
7240,1259412000,1259414000,2000
7241,1259414000,1259416000,2000
7242,1259416000,1259418000,2000
7243,1259418000,1259420000,2000
7244,1259420000,1259422000,2000
7245,1259422000,1259424000,2000
7246,1259424000,1259426000,2000
7247,1259426000,1259428000,2000
7248,1259428000,1259430000,2000
7249,1259430000,1259432000,2000
7250,1259432000,1259434000,2000
7251,1259434000,1259436000,2000
7252,1259436000,1259438000,2000
7253,1259438000,1259440000,2000
7254,1259440000,1259442000,2000
7255,1259442000,1259444000,2000
7256,1259444000,1259446000,2000
7257,1259446000,1259448000,2000
7258,1259448000,1259450000,2000
7259,1259450000,1259452000,2000
7260,1259452000,1259454000,2000
7261,1259454000,1259456000,2000
7262,1259456000,1259458000,2000
7263,1259458000,1259460000,2000
7264,1259460000,1259462000,2000
7265,1259462000,1259464000,2000
7266,1259464000,1259466000,2000
7267,1259466000,1259468000,2000
7268,1259468000,1259470000,2000
7269,1259470000,1259472000,2000
7270,1259472000,1259474000,2000
7271,1259474000,1259476000,2000
7272,1259476000,1259478000,2000
7273,1259478000,1259480000,2000
7274,1259480000,1259482000,2000
7275,1259482000,1259484000,2000
7276,1259484000,1259486000,2000
7277,1259486000,1259488000,2000
7278,1259488000,1259490000,2000
7279,1259490000,1259492000,2000
7280,1259492000,1259494000,2000
7281,1259494000,1259496000,2000
7282,1259496000,1259498000,2000
7283,1259498000,1259500000,2000
7634,1259500000,1259502000,2000
7635,1259502000,1259504000,2000
7636,1259504000,1259506000,2000
7637,1259506000,1259508000,2000
7638,1259508000,1259510000,2000
7639,1259510000,1259512000,2000
7640,1259512000,1259514000,2000
7641,1259514000,1259516000,2000
7642,1259516000,1259518000,2000
7643,1259518000,1259520000,2000
7644,1259520000,1259522000,2000
7645,1259522000,1259524000,2000
7646,1259524000,1259526000,2000
7647,1259526000,1259528000,2000
7648,1259528000,1259530000,2000
7649,1259530000,1259532000,2000
7650,1259532000,1259534000,2000
7651,1259534000,1259536000,2000
7652,1259536000,1259538000,2000
7653,1259538000,1259540000,2000
7654,1259540000,1259542000,2000
7655,1259542000,1259544000,2000
7656,1259544000,1259546000,2000
7657,1259546000,1259548000,2000
7658,1259548000,1259550000,2000
7659,1259550000,1259552000,2000
7660,1259552000,1259554000,2000
7661,1259554000,1259556000,2000
7662,1259556000,1259558000,2000
7663,1259558000,1259560000,2000
7664,1259560000,1259562000,2000
7665,1259562000,1259564000,2000
7666,1259564000,1259566000,2000
7667,1259566000,1259568000,2000
7668,1259568000,1259570000,2000
7669,1259570000,1259572000,2000
7670,1259572000,1259574000,2000
7671,1259574000,1259576000,2000
7672,1259576000,1259578000,2000
7673,1259578000,1259580000,2000
7674,1259580000,1259582000,2000
7675,1259582000,1259584000,2000
7676,1259584000,1259586000,2000
7677,1259586000,1259588000,2000
7678,1259588000,1259590000,2000
7679,1259590000,1259592000,2000
7680,1259592000,1259594000,2000
7681,1259594000,1259596000,2000
7682,1259596000,1259598000,2000
7683,1259598000,1259600000,2000
5582,1259600000,1259602000,2000
5583,1259602000,1259604000,2000
5584,1259604000,1259606000,2000
5585,1259606000,1259608000,2000
5586,1259608000,1259610000,2000
5587,1259610000,1259612000,2000
5588,1259612000,1259614000,2000
5589,1259614000,1259616000,2000
5590,1259616000,1259618000,2000
5591,1259618000,1259620000,2000
5592,1259620000,1259622000,2000
5593,1259622000,1259624000,2000
5594,1259624000,1259626000,2000
5595,1259626000,1259628000,2000
5596,1259628000,1259630000,2000
5597,1259630000,1259632000,2000
5598,1259632000,1259634000,2000
5599,1259634000,1259636000,2000
5600,1259636000,1259638000,2000
5601,1259638000,1259640000,2000
5602,1259640000,1259642000,2000
5603,1259642000,1259644000,2000
5604,1259644000,1259646000,2000
5605,1259646000,1259648000,2000
5606,1259648000,1259650000,2000
5607,1259650000,1259652000,2000
5608,1259652000,1259654000,2000
5609,1259654000,1259656000,2000
5610,1259656000,1259658000,2000
5611,1259658000,1259660000,2000
5612,1259660000,1259662000,2000
5613,1259662000,1259664000,2000
5614,1259664000,1259666000,2000
5615,1259666000,1259668000,2000
5616,1259668000,1259670000,2000
5617,1259670000,1259672000,2000
5618,1259672000,1259674000,2000
5619,1259674000,1259676000,2000
5620,1259676000,1259678000,2000
5621,1259678000,1259680000,2000
5622,1259680000,1259682000,2000
5623,1259682000,1259684000,2000
5624,1259684000,1259686000,2000
5625,1259686000,1259688000,2000
5626,1259688000,1259690000,2000
5627,1259690000,1259692000,2000
5628,1259692000,1259694000,2000
5629,1259694000,1259696000,2000
5630,1259696000,1259698000,2000
5631,1259698000,1259700000,2000
8134,1259700000,1259702000,2000
8135,1259702000,1259704000,2000
8136,1259704000,1259706000,2000
8137,1259706000,1259708000,2000
8138,1259708000,1259710000,2000
8139,1259710000,1259712000,2000
8140,1259712000,1259714000,2000
8141,1259714000,1259716000,2000
8142,1259716000,1259718000,2000
8143,1259718000,1259720000,2000
8144,1259720000,1259722000,2000
8145,1259722000,1259724000,2000
8146,1259724000,1259726000,2000
8147,1259726000,1259728000,2000
8148,1259728000,1259730000,2000
8149,1259730000,1259732000,2000
8150,1259732000,1259734000,2000
8151,1259734000,1259736000,2000
8152,1259736000,1259738000,2000
8153,1259738000,1259740000,2000
8154,1259740000,1259742000,2000
8155,1259742000,1259744000,2000
8156,1259744000,1259746000,2000
8157,1259746000,1259748000,2000
8158,1259748000,1259750000,2000
8159,1259750000,1259752000,2000
8160,1259752000,1259754000,2000
8161,1259754000,1259756000,2000
8162,1259756000,1259758000,2000
8163,1259758000,1259760000,2000
8164,1259760000,1259762000,2000
8165,1259762000,1259764000,2000
8166,1259764000,1259766000,2000
8167,1259766000,1259768000,2000
8168,1259768000,1259770000,2000
8169,1259770000,1259772000,2000
8170,1259772000,1259774000,2000
8171,1259774000,1259776000,2000
8172,1259776000,1259778000,2000
8173,1259778000,1259780000,2000
8174,1259780000,1259782000,2000
8175,1259782000,1259784000,2000
8176,1259784000,1259786000,2000
8177,1259786000,1259788000,2000
8178,1259788000,1259790000,2000
8179,1259790000,1259792000,2000
8180,1259792000,1259794000,2000
8181,1259794000,1259796000,2000
8182,1259796000,1259798000,2000
8183,1259798000,1259800000,2000
1532,1259800000,1259802000,2000
1533,1259802000,1259804000,2000
1534,1259804000,1259806000,2000
1535,1259806000,1259808000,2000
1536,1259808000,1259810000,2000
1537,1259810000,1259812000,2000
1538,1259812000,1259814000,2000
1539,1259814000,1259816000,2000
1540,1259816000,1259818000,2000
1541,1259818000,1259820000,2000
1542,1259820000,1259822000,2000
1543,1259822000,1259824000,2000
1544,1259824000,1259826000,2000
1545,1259826000,1259828000,2000
1546,1259828000,1259830000,2000
1547,1259830000,1259832000,2000
1548,1259832000,1259834000,2000
1549,1259834000,1259836000,2000
1550,1259836000,1259838000,2000
1551,1259838000,1259840000,2000
1552,1259840000,1259842000,2000
1553,1259842000,1259844000,2000
1554,1259844000,1259846000,2000
1555,1259846000,1259848000,2000
1556,1259848000,1259850000,2000
1557,1259850000,1259852000,2000
1558,1259852000,1259854000,2000
1559,1259854000,1259856000,2000
1560,1259856000,1259858000,2000
1561,1259858000,1259860000,2000
1562,1259860000,1259862000,2000
1563,1259862000,1259864000,2000
1564,1259864000,1259866000,2000
1565,1259866000,1259868000,2000
1566,1259868000,1259870000,2000
1567,1259870000,1259872000,2000
1568,1259872000,1259874000,2000
1569,1259874000,1259876000,2000
1570,1259876000,1259878000,2000
1571,1259878000,1259880000,2000
1572,1259880000,1259882000,2000
1573,1259882000,1259884000,2000
1574,1259884000,1259886000,2000
1575,1259886000,1259888000,2000
1576,1259888000,1259890000,2000
1577,1259890000,1259892000,2000
1578,1259892000,1259894000,2000
1579,1259894000,1259896000,2000
1580,1259896000,1259898000,2000
1581,1259898000,1259900000,2000
12600,1259900000,1259902000,2000
12601,1259902000,1259904000,2000
12602,1259904000,1259906000,2000
12603,1259906000,1259908000,2000
12604,1259908000,1259910000,2000
12605,1259910000,1259912000,2000
12606,1259912000,1259914000,2000
12607,1259914000,1259916000,2000
12608,1259916000,1259918000,2000
12609,1259918000,1259920000,2000
12610,1259920000,1259922000,2000
12611,1259922000,1259924000,2000
12612,1259924000,1259926000,2000
12613,1259926000,1259928000,2000
12614,1259928000,1259930000,2000
12615,1259930000,1259932000,2000
12616,1259932000,1259934000,2000
12617,1259934000,1259936000,2000
12618,1259936000,1259938000,2000
12619,1259938000,1259940000,2000
12620,1259940000,1259942000,2000
12621,1259942000,1259944000,2000
12622,1259944000,1259946000,2000
12623,1259946000,1259948000,2000
12624,1259948000,1259950000,2000
12625,1259950000,1259952000,2000
12626,1259952000,1259954000,2000
12627,1259954000,1259956000,2000
12628,1259956000,1259958000,2000
12629,1259958000,1259960000,2000
12630,1259960000,1259962000,2000
12631,1259962000,1259964000,2000
12632,1259964000,1259966000,2000
12633,1259966000,1259968000,2000
12634,1259968000,1259970000,2000
12635,1259970000,1259972000,2000
12636,1259972000,1259974000,2000
12637,1259974000,1259976000,2000
12638,1259976000,1259978000,2000
12639,1259978000,1259980000,2000
12640,1259980000,1259982000,2000
12641,1259982000,1259984000,2000
12642,1259984000,1259986000,2000
12643,1259986000,1259988000,2000
12644,1259988000,1259990000,2000
12645,1259990000,1259992000,2000
12646,1259992000,1259994000,2000
12647,1259994000,1259996000,2000
12648,1259996000,1259998000,2000
12649,1259998000,1260000000,2000
7334,1260000000,1260002000,2000
7335,1260002000,1260004000,2000
7336,1260004000,1260006000,2000
7337,1260006000,1260008000,2000
7338,1260008000,1260010000,2000
7339,1260010000,1260012000,2000
7340,1260012000,1260014000,2000
7341,1260014000,1260016000,2000
7342,1260016000,1260018000,2000
7343,1260018000,1260020000,2000
7344,1260020000,1260022000,2000
7345,1260022000,1260024000,2000
7346,1260024000,1260026000,2000
7347,1260026000,1260028000,2000
7348,1260028000,1260030000,2000
7349,1260030000,1260032000,2000
7350,1260032000,1260034000,2000
7351,1260034000,1260036000,2000
7352,1260036000,1260038000,2000
7353,1260038000,1260040000,2000
7354,1260040000,1260042000,2000
7355,1260042000,1260044000,2000
7356,1260044000,1260046000,2000
7357,1260046000,1260048000,2000
7358,1260048000,1260050000,2000
7359,1260050000,1260052000,2000
7360,1260052000,1260054000,2000
7361,1260054000,1260056000,2000
7362,1260056000,1260058000,2000
7363,1260058000,1260060000,2000
7364,1260060000,1260062000,2000
7365,1260062000,1260064000,2000
7366,1260064000,1260066000,2000
7367,1260066000,1260068000,2000
7368,1260068000,1260070000,2000
7369,1260070000,1260072000,2000
7370,1260072000,1260074000,2000
7371,1260074000,1260076000,2000
7372,1260076000,1260078000,2000
7373,1260078000,1260080000,2000
7374,1260080000,1260082000,2000
7375,1260082000,1260084000,2000
7376,1260084000,1260086000,2000
7377,1260086000,1260088000,2000
7378,1260088000,1260090000,2000
7379,1260090000,1260092000,2000
7380,1260092000,1260094000,2000
7381,1260094000,1260096000,2000
7382,1260096000,1260098000,2000
7383,1260098000,1260100000,2000
5182,1260100000,1260102000,2000
5183,1260102000,1260104000,2000
5184,1260104000,1260106000,2000
5185,1260106000,1260108000,2000
5186,1260108000,1260110000,2000
5187,1260110000,1260112000,2000
5188,1260112000,1260114000,2000
5189,1260114000,1260116000,2000
5190,1260116000,1260118000,2000
5191,1260118000,1260120000,2000
5192,1260120000,1260122000,2000
5193,1260122000,1260124000,2000
5194,1260124000,1260126000,2000
5195,1260126000,1260128000,2000
5196,1260128000,1260130000,2000
5197,1260130000,1260132000,2000
5198,1260132000,1260134000,2000
5199,1260134000,1260136000,2000
5200,1260136000,1260138000,2000
5201,1260138000,1260140000,2000
5202,1260140000,1260142000,2000
5203,1260142000,1260144000,2000
5204,1260144000,1260146000,2000
5205,1260146000,1260148000,2000
5206,1260148000,1260150000,2000
5207,1260150000,1260152000,2000
5208,1260152000,1260154000,2000
5209,1260154000,1260156000,2000
5210,1260156000,1260158000,2000
5211,1260158000,1260160000,2000
5212,1260160000,1260162000,2000
5213,1260162000,1260164000,2000
5214,1260164000,1260166000,2000
5215,1260166000,1260168000,2000
5216,1260168000,1260170000,2000
5217,1260170000,1260172000,2000
5218,1260172000,1260174000,2000
5219,1260174000,1260176000,2000
5220,1260176000,1260178000,2000
5221,1260178000,1260180000,2000
5222,1260180000,1260182000,2000
5223,1260182000,1260184000,2000
5224,1260184000,1260186000,2000
5225,1260186000,1260188000,2000
5226,1260188000,1260190000,2000
5227,1260190000,1260192000,2000
5228,1260192000,1260194000,2000
5229,1260194000,1260196000,2000
5230,1260196000,1260198000,2000
5231,1260198000,1260200000,2000
11232,1260200000,1260202000,2000
11233,1260202000,1260204000,2000
11234,1260204000,1260206000,2000
11235,1260206000,1260208000,2000
11236,1260208000,1260210000,2000
11237,1260210000,1260212000,2000
11238,1260212000,1260214000,2000
11239,1260214000,1260216000,2000
11240,1260216000,1260218000,2000
11241,1260218000,1260220000,2000
11242,1260220000,1260222000,2000
11243,1260222000,1260224000,2000
11244,1260224000,1260226000,2000
11245,1260226000,1260228000,2000
11246,1260228000,1260230000,2000
11247,1260230000,1260232000,2000
11248,1260232000,1260234000,2000
11249,1260234000,1260236000,2000
11250,1260236000,1260238000,2000
11251,1260238000,1260240000,2000
11252,1260240000,1260242000,2000
11253,1260242000,1260244000,2000
11254,1260244000,1260246000,2000
11255,1260246000,1260248000,2000
11256,1260248000,1260250000,2000
11257,1260250000,1260252000,2000
11258,1260252000,1260254000,2000
11259,1260254000,1260256000,2000
11260,1260256000,1260258000,2000
11261,1260258000,1260260000,2000
11262,1260260000,1260262000,2000
11263,1260262000,1260264000,2000
11264,1260264000,1260266000,2000
11265,1260266000,1260268000,2000
11266,1260268000,1260270000,2000
11267,1260270000,1260272000,2000
11268,1260272000,1260274000,2000
11269,1260274000,1260276000,2000
11270,1260276000,1260278000,2000
11271,1260278000,1260280000,2000
11272,1260280000,1260282000,2000
11273,1260282000,1260284000,2000
11274,1260284000,1260286000,2000
11275,1260286000,1260288000,2000
11276,1260288000,1260290000,2000
11277,1260290000,1260292000,2000
11278,1260292000,1260294000,2000
11279,1260294000,1260296000,2000
11280,1260296000,1260298000,2000
11281,1260298000,1260300000,2000
3182,1260300000,1260302000,2000
3183,1260302000,1260304000,2000
3184,1260304000,1260306000,2000
3185,1260306000,1260308000,2000
3186,1260308000,1260310000,2000
3187,1260310000,1260312000,2000
3188,1260312000,1260314000,2000
3189,1260314000,1260316000,2000
3190,1260316000,1260318000,2000
3191,1260318000,1260320000,2000
3192,1260320000,1260322000,2000
3193,1260322000,1260324000,2000
3194,1260324000,1260326000,2000
3195,1260326000,1260328000,2000
3196,1260328000,1260330000,2000
3197,1260330000,1260332000,2000
3198,1260332000,1260334000,2000
3199,1260334000,1260336000,2000
3200,1260336000,1260338000,2000
3201,1260338000,1260340000,2000
3202,1260340000,1260342000,2000
3203,1260342000,1260344000,2000
3204,1260344000,1260346000,2000
3205,1260346000,1260348000,2000
3206,1260348000,1260350000,2000
3207,1260350000,1260352000,2000
3208,1260352000,1260354000,2000
3209,1260354000,1260356000,2000
3210,1260356000,1260358000,2000
3211,1260358000,1260360000,2000
3212,1260360000,1260362000,2000
3213,1260362000,1260364000,2000
3214,1260364000,1260366000,2000
3215,1260366000,1260368000,2000
3216,1260368000,1260370000,2000
3217,1260370000,1260372000,2000
3218,1260372000,1260374000,2000
3219,1260374000,1260376000,2000
3220,1260376000,1260378000,2000
3221,1260378000,1260380000,2000
3222,1260380000,1260382000,2000
3223,1260382000,1260384000,2000
3224,1260384000,1260386000,2000
3225,1260386000,1260388000,2000
3226,1260388000,1260390000,2000
3227,1260390000,1260392000,2000
3228,1260392000,1260394000,2000
3229,1260394000,1260396000,2000
3230,1260396000,1260398000,2000
3231,1260398000,1260400000,2000
7084,1260400000,1260402000,2000
7085,1260402000,1260404000,2000
7086,1260404000,1260406000,2000
7087,1260406000,1260408000,2000
7088,1260408000,1260410000,2000
7089,1260410000,1260412000,2000
7090,1260412000,1260414000,2000
7091,1260414000,1260416000,2000
7092,1260416000,1260418000,2000
7093,1260418000,1260420000,2000
7094,1260420000,1260422000,2000
7095,1260422000,1260424000,2000
7096,1260424000,1260426000,2000
7097,1260426000,1260428000,2000
7098,1260428000,1260430000,2000
7099,1260430000,1260432000,2000
7100,1260432000,1260434000,2000
7101,1260434000,1260436000,2000
7102,1260436000,1260438000,2000
7103,1260438000,1260440000,2000
7104,1260440000,1260442000,2000
7105,1260442000,1260444000,2000
7106,1260444000,1260446000,2000
7107,1260446000,1260448000,2000
7108,1260448000,1260450000,2000
7109,1260450000,1260452000,2000
7110,1260452000,1260454000,2000
7111,1260454000,1260456000,2000
7112,1260456000,1260458000,2000
7113,1260458000,1260460000,2000
7114,1260460000,1260462000,2000
7115,1260462000,1260464000,2000
7116,1260464000,1260466000,2000
7117,1260466000,1260468000,2000
7118,1260468000,1260470000,2000
7119,1260470000,1260472000,2000
7120,1260472000,1260474000,2000
7121,1260474000,1260476000,2000
7122,1260476000,1260478000,2000
7123,1260478000,1260480000,2000
7124,1260480000,1260482000,2000
7125,1260482000,1260484000,2000
7126,1260484000,1260486000,2000
7127,1260486000,1260488000,2000
7128,1260488000,1260490000,2000
7129,1260490000,1260492000,2000
7130,1260492000,1260494000,2000
7131,1260494000,1260496000,2000
7132,1260496000,1260498000,2000
7133,1260498000,1260500000,2000
10482,1260500000,1260502000,2000
10483,1260502000,1260504000,2000
10484,1260504000,1260506000,2000
10485,1260506000,1260508000,2000
10486,1260508000,1260510000,2000
10487,1260510000,1260512000,2000
10488,1260512000,1260514000,2000
10489,1260514000,1260516000,2000
10490,1260516000,1260518000,2000
10491,1260518000,1260520000,2000
10492,1260520000,1260522000,2000
10493,1260522000,1260524000,2000
10494,1260524000,1260526000,2000
10495,1260526000,1260528000,2000
10496,1260528000,1260530000,2000
10497,1260530000,1260532000,2000
10498,1260532000,1260534000,2000
10499,1260534000,1260536000,2000
10500,1260536000,1260538000,2000
10501,1260538000,1260540000,2000
10502,1260540000,1260542000,2000
10503,1260542000,1260544000,2000
10504,1260544000,1260546000,2000
10505,1260546000,1260548000,2000
10506,1260548000,1260550000,2000
10507,1260550000,1260552000,2000
10508,1260552000,1260554000,2000
10509,1260554000,1260556000,2000
10510,1260556000,1260558000,2000
10511,1260558000,1260560000,2000
10512,1260560000,1260562000,2000
10513,1260562000,1260564000,2000
10514,1260564000,1260566000,2000
10515,1260566000,1260568000,2000
10516,1260568000,1260570000,2000
10517,1260570000,1260572000,2000
10518,1260572000,1260574000,2000
10519,1260574000,1260576000,2000
10520,1260576000,1260578000,2000
10521,1260578000,1260580000,2000
10522,1260580000,1260582000,2000
10523,1260582000,1260584000,2000
10524,1260584000,1260586000,2000
10525,1260586000,1260588000,2000
10526,1260588000,1260590000,2000
10527,1260590000,1260592000,2000
10528,1260592000,1260594000,2000
10529,1260594000,1260596000,2000
10530,1260596000,1260598000,2000
10531,1260598000,1260600000,2000
3432,1260600000,1260602000,2000
3433,1260602000,1260604000,2000
3434,1260604000,1260606000,2000
3435,1260606000,1260608000,2000
3436,1260608000,1260610000,2000
3437,1260610000,1260612000,2000
3438,1260612000,1260614000,2000
3439,1260614000,1260616000,2000
3440,1260616000,1260618000,2000
3441,1260618000,1260620000,2000
3442,1260620000,1260622000,2000
3443,1260622000,1260624000,2000
3444,1260624000,1260626000,2000
3445,1260626000,1260628000,2000
3446,1260628000,1260630000,2000
3447,1260630000,1260632000,2000
3448,1260632000,1260634000,2000
3449,1260634000,1260636000,2000
3450,1260636000,1260638000,2000
3451,1260638000,1260640000,2000
3452,1260640000,1260642000,2000
3453,1260642000,1260644000,2000
3454,1260644000,1260646000,2000
3455,1260646000,1260648000,2000
3456,1260648000,1260650000,2000
3457,1260650000,1260652000,2000
3458,1260652000,1260654000,2000
3459,1260654000,1260656000,2000
3460,1260656000,1260658000,2000
3461,1260658000,1260660000,2000
3462,1260660000,1260662000,2000
3463,1260662000,1260664000,2000
3464,1260664000,1260666000,2000
3465,1260666000,1260668000,2000
3466,1260668000,1260670000,2000
3467,1260670000,1260672000,2000
3468,1260672000,1260674000,2000
3469,1260674000,1260676000,2000
3470,1260676000,1260678000,2000
3471,1260678000,1260680000,2000
3472,1260680000,1260682000,2000
3473,1260682000,1260684000,2000
3474,1260684000,1260686000,2000
3475,1260686000,1260688000,2000
3476,1260688000,1260690000,2000
3477,1260690000,1260692000,2000
3478,1260692000,1260694000,2000
3479,1260694000,1260696000,2000
3480,1260696000,1260698000,2000
3481,1260698000,1260700000,2000
4932,1260700000,1260702000,2000
4933,1260702000,1260704000,2000
4934,1260704000,1260706000,2000
4935,1260706000,1260708000,2000
4936,1260708000,1260710000,2000
4937,1260710000,1260712000,2000
4938,1260712000,1260714000,2000
4939,1260714000,1260716000,2000
4940,1260716000,1260718000,2000
4941,1260718000,1260720000,2000
4942,1260720000,1260722000,2000
4943,1260722000,1260724000,2000
4944,1260724000,1260726000,2000
4945,1260726000,1260728000,2000
4946,1260728000,1260730000,2000
4947,1260730000,1260732000,2000
4948,1260732000,1260734000,2000
4949,1260734000,1260736000,2000
4950,1260736000,1260738000,2000
4951,1260738000,1260740000,2000
4952,1260740000,1260742000,2000
4953,1260742000,1260744000,2000
4954,1260744000,1260746000,2000
4955,1260746000,1260748000,2000
4956,1260748000,1260750000,2000
4957,1260750000,1260752000,2000
4958,1260752000,1260754000,2000
4959,1260754000,1260756000,2000
4960,1260756000,1260758000,2000
4961,1260758000,1260760000,2000
4962,1260760000,1260762000,2000
4963,1260762000,1260764000,2000
4964,1260764000,1260766000,2000
4965,1260766000,1260768000,2000
4966,1260768000,1260770000,2000
4967,1260770000,1260772000,2000
4968,1260772000,1260774000,2000
4969,1260774000,1260776000,2000
4970,1260776000,1260778000,2000
4971,1260778000,1260780000,2000
4972,1260780000,1260782000,2000
4973,1260782000,1260784000,2000
4974,1260784000,1260786000,2000
4975,1260786000,1260788000,2000
4976,1260788000,1260790000,2000
4977,1260790000,1260792000,2000
4978,1260792000,1260794000,2000
4979,1260794000,1260796000,2000
4980,1260796000,1260798000,2000
4981,1260798000,1260800000,2000
15250,1260800000,1260802000,2000
15251,1260802000,1260804000,2000
15252,1260804000,1260806000,2000
15253,1260806000,1260808000,2000
15254,1260808000,1260810000,2000
15255,1260810000,1260812000,2000
15256,1260812000,1260814000,2000
15257,1260814000,1260816000,2000
15258,1260816000,1260818000,2000
15259,1260818000,1260820000,2000
15260,1260820000,1260822000,2000
15261,1260822000,1260824000,2000
15262,1260824000,1260826000,2000
15263,1260826000,1260828000,2000
15264,1260828000,1260830000,2000
15265,1260830000,1260832000,2000
15266,1260832000,1260834000,2000
15267,1260834000,1260836000,2000
15268,1260836000,1260838000,2000
15269,1260838000,1260840000,2000
15270,1260840000,1260842000,2000
15271,1260842000,1260844000,2000
15272,1260844000,1260846000,2000
15273,1260846000,1260848000,2000
15274,1260848000,1260850000,2000
15275,1260850000,1260852000,2000
15276,1260852000,1260854000,2000
15277,1260854000,1260856000,2000
15278,1260856000,1260858000,2000
15279,1260858000,1260860000,2000
15280,1260860000,1260862000,2000
15281,1260862000,1260864000,2000
15282,1260864000,1260866000,2000
15283,1260866000,1260868000,2000
15284,1260868000,1260870000,2000
15285,1260870000,1260872000,2000
15286,1260872000,1260874000,2000
15287,1260874000,1260876000,2000
15288,1260876000,1260878000,2000
15289,1260878000,1260880000,2000
15290,1260880000,1260882000,2000
15291,1260882000,1260884000,2000
15292,1260884000,1260886000,2000
15293,1260886000,1260888000,2000
15294,1260888000,1260890000,2000
15295,1260890000,1260892000,2000
15296,1260892000,1260894000,2000
15297,1260894000,1260896000,2000
15298,1260896000,1260898000,2000
15299,1260898000,1260900000,2000
7534,1260900000,1260902000,2000
7535,1260902000,1260904000,2000
7536,1260904000,1260906000,2000
7537,1260906000,1260908000,2000
7538,1260908000,1260910000,2000
7539,1260910000,1260912000,2000
7540,1260912000,1260914000,2000
7541,1260914000,1260916000,2000
7542,1260916000,1260918000,2000
7543,1260918000,1260920000,2000
7544,1260920000,1260922000,2000
7545,1260922000,1260924000,2000
7546,1260924000,1260926000,2000
7547,1260926000,1260928000,2000
7548,1260928000,1260930000,2000
7549,1260930000,1260932000,2000
7550,1260932000,1260934000,2000
7551,1260934000,1260936000,2000
7552,1260936000,1260938000,2000
7553,1260938000,1260940000,2000
7554,1260940000,1260942000,2000
7555,1260942000,1260944000,2000
7556,1260944000,1260946000,2000
7557,1260946000,1260948000,2000
7558,1260948000,1260950000,2000
7559,1260950000,1260952000,2000
7560,1260952000,1260954000,2000
7561,1260954000,1260956000,2000
7562,1260956000,1260958000,2000
7563,1260958000,1260960000,2000
7564,1260960000,1260962000,2000
7565,1260962000,1260964000,2000
7566,1260964000,1260966000,2000
7567,1260966000,1260968000,2000
7568,1260968000,1260970000,2000
7569,1260970000,1260972000,2000
7570,1260972000,1260974000,2000
7571,1260974000,1260976000,2000
7572,1260976000,1260978000,2000
7573,1260978000,1260980000,2000
7574,1260980000,1260982000,2000
7575,1260982000,1260984000,2000
7576,1260984000,1260986000,2000
7577,1260986000,1260988000,2000
7578,1260988000,1260990000,2000
7579,1260990000,1260992000,2000
7580,1260992000,1260994000,2000
7581,1260994000,1260996000,2000
7582,1260996000,1260998000,2000
7583,1260998000,1261000000,2000
4332,1261000000,1261002000,2000
4333,1261002000,1261004000,2000
4334,1261004000,1261006000,2000
4335,1261006000,1261008000,2000
4336,1261008000,1261010000,2000
4337,1261010000,1261012000,2000
4338,1261012000,1261014000,2000
4339,1261014000,1261016000,2000
4340,1261016000,1261018000,2000
4341,1261018000,1261020000,2000
4342,1261020000,1261022000,2000
4343,1261022000,1261024000,2000
4344,1261024000,1261026000,2000
4345,1261026000,1261028000,2000
4346,1261028000,1261030000,2000
4347,1261030000,1261032000,2000
4348,1261032000,1261034000,2000
4349,1261034000,1261036000,2000
4350,1261036000,1261038000,2000
4351,1261038000,1261040000,2000
4352,1261040000,1261042000,2000
4353,1261042000,1261044000,2000
4354,1261044000,1261046000,2000
4355,1261046000,1261048000,2000
4356,1261048000,1261050000,2000
4357,1261050000,1261052000,2000
4358,1261052000,1261054000,2000
4359,1261054000,1261056000,2000
4360,1261056000,1261058000,2000
4361,1261058000,1261060000,2000
4362,1261060000,1261062000,2000
4363,1261062000,1261064000,2000
4364,1261064000,1261066000,2000
4365,1261066000,1261068000,2000
4366,1261068000,1261070000,2000
4367,1261070000,1261072000,2000
4368,1261072000,1261074000,2000
4369,1261074000,1261076000,2000
4370,1261076000,1261078000,2000
4371,1261078000,1261080000,2000
4372,1261080000,1261082000,2000
4373,1261082000,1261084000,2000
4374,1261084000,1261086000,2000
4375,1261086000,1261088000,2000
4376,1261088000,1261090000,2000
4377,1261090000,1261092000,2000
4378,1261092000,1261094000,2000
4379,1261094000,1261096000,2000
4380,1261096000,1261098000,2000
4381,1261098000,1261100000,2000
1882,1261100000,1261102000,2000
1883,1261102000,1261104000,2000
1884,1261104000,1261106000,2000
1885,1261106000,1261108000,2000
1886,1261108000,1261110000,2000
1887,1261110000,1261112000,2000
1888,1261112000,1261114000,2000
1889,1261114000,1261116000,2000
1890,1261116000,1261118000,2000
1891,1261118000,1261120000,2000
1892,1261120000,1261122000,2000
1893,1261122000,1261124000,2000
1894,1261124000,1261126000,2000
1895,1261126000,1261128000,2000
1896,1261128000,1261130000,2000
1897,1261130000,1261132000,2000
1898,1261132000,1261134000,2000
1899,1261134000,1261136000,2000
1900,1261136000,1261138000,2000
1901,1261138000,1261140000,2000
1902,1261140000,1261142000,2000
1903,1261142000,1261144000,2000
1904,1261144000,1261146000,2000
1905,1261146000,1261148000,2000
1906,1261148000,1261150000,2000
1907,1261150000,1261152000,2000
1908,1261152000,1261154000,2000
1909,1261154000,1261156000,2000
1910,1261156000,1261158000,2000
1911,1261158000,1261160000,2000
1912,1261160000,1261162000,2000
1913,1261162000,1261164000,2000
1914,1261164000,1261166000,2000
1915,1261166000,1261168000,2000
1916,1261168000,1261170000,2000
1917,1261170000,1261172000,2000
1918,1261172000,1261174000,2000
1919,1261174000,1261176000,2000
1920,1261176000,1261178000,2000
1921,1261178000,1261180000,2000
1922,1261180000,1261182000,2000
1923,1261182000,1261184000,2000
1924,1261184000,1261186000,2000
1925,1261186000,1261188000,2000
1926,1261188000,1261190000,2000
1927,1261190000,1261192000,2000
1928,1261192000,1261194000,2000
1929,1261194000,1261196000,2000
1930,1261196000,1261198000,2000
1931,1261198000,1261200000,2000
3282,1261200000,1261202000,2000
3283,1261202000,1261204000,2000
3284,1261204000,1261206000,2000
3285,1261206000,1261208000,2000
3286,1261208000,1261210000,2000
3287,1261210000,1261212000,2000
3288,1261212000,1261214000,2000
3289,1261214000,1261216000,2000
3290,1261216000,1261218000,2000
3291,1261218000,1261220000,2000
3292,1261220000,1261222000,2000
3293,1261222000,1261224000,2000
3294,1261224000,1261226000,2000
3295,1261226000,1261228000,2000
3296,1261228000,1261230000,2000
3297,1261230000,1261232000,2000
3298,1261232000,1261234000,2000
3299,1261234000,1261236000,2000
3300,1261236000,1261238000,2000
3301,1261238000,1261240000,2000
3302,1261240000,1261242000,2000
3303,1261242000,1261244000,2000
3304,1261244000,1261246000,2000
3305,1261246000,1261248000,2000
3306,1261248000,1261250000,2000
3307,1261250000,1261252000,2000
3308,1261252000,1261254000,2000
3309,1261254000,1261256000,2000
3310,1261256000,1261258000,2000
3311,1261258000,1261260000,2000
3312,1261260000,1261262000,2000
3313,1261262000,1261264000,2000
3314,1261264000,1261266000,2000
3315,1261266000,1261268000,2000
3316,1261268000,1261270000,2000
3317,1261270000,1261272000,2000
3318,1261272000,1261274000,2000
3319,1261274000,1261276000,2000
3320,1261276000,1261278000,2000
3321,1261278000,1261280000,2000
3322,1261280000,1261282000,2000
3323,1261282000,1261284000,2000
3324,1261284000,1261286000,2000
3325,1261286000,1261288000,2000
3326,1261288000,1261290000,2000
3327,1261290000,1261292000,2000
3328,1261292000,1261294000,2000
3329,1261294000,1261296000,2000
3330,1261296000,1261298000,2000
3331,1261298000,1261300000,2000
9832,1261300000,1261302000,2000
9833,1261302000,1261304000,2000
9834,1261304000,1261306000,2000
9835,1261306000,1261308000,2000
9836,1261308000,1261310000,2000
9837,1261310000,1261312000,2000
9838,1261312000,1261314000,2000
9839,1261314000,1261316000,2000
9840,1261316000,1261318000,2000
9841,1261318000,1261320000,2000
9842,1261320000,1261322000,2000
9843,1261322000,1261324000,2000
9844,1261324000,1261326000,2000
9845,1261326000,1261328000,2000
9846,1261328000,1261330000,2000
9847,1261330000,1261332000,2000
9848,1261332000,1261334000,2000
9849,1261334000,1261336000,2000
9850,1261336000,1261338000,2000
9851,1261338000,1261340000,2000
9852,1261340000,1261342000,2000
9853,1261342000,1261344000,2000
9854,1261344000,1261346000,2000
9855,1261346000,1261348000,2000
9856,1261348000,1261350000,2000
9857,1261350000,1261352000,2000
9858,1261352000,1261354000,2000
9859,1261354000,1261356000,2000
9860,1261356000,1261358000,2000
9861,1261358000,1261360000,2000
9862,1261360000,1261362000,2000
9863,1261362000,1261364000,2000
9864,1261364000,1261366000,2000
9865,1261366000,1261368000,2000
9866,1261368000,1261370000,2000
9867,1261370000,1261372000,2000
9868,1261372000,1261374000,2000
9869,1261374000,1261376000,2000
9870,1261376000,1261378000,2000
9871,1261378000,1261380000,2000
9872,1261380000,1261382000,2000
9873,1261382000,1261384000,2000
9874,1261384000,1261386000,2000
9875,1261386000,1261388000,2000
9876,1261388000,1261390000,2000
9877,1261390000,1261392000,2000
9878,1261392000,1261394000,2000
9879,1261394000,1261396000,2000
9880,1261396000,1261398000,2000
9881,1261398000,1261400000,2000
6584,1261400000,1261402000,2000
6585,1261402000,1261404000,2000
6586,1261404000,1261406000,2000
6587,1261406000,1261408000,2000
6588,1261408000,1261410000,2000
6589,1261410000,1261412000,2000
6590,1261412000,1261414000,2000
6591,1261414000,1261416000,2000
6592,1261416000,1261418000,2000
6593,1261418000,1261420000,2000
6594,1261420000,1261422000,2000
6595,1261422000,1261424000,2000
6596,1261424000,1261426000,2000
6597,1261426000,1261428000,2000
6598,1261428000,1261430000,2000
6599,1261430000,1261432000,2000
6600,1261432000,1261434000,2000
6601,1261434000,1261436000,2000
6602,1261436000,1261438000,2000
6603,1261438000,1261440000,2000
6604,1261440000,1261442000,2000
6605,1261442000,1261444000,2000
6606,1261444000,1261446000,2000
6607,1261446000,1261448000,2000
6608,1261448000,1261450000,2000
6609,1261450000,1261452000,2000
6610,1261452000,1261454000,2000
6611,1261454000,1261456000,2000
6612,1261456000,1261458000,2000
6613,1261458000,1261460000,2000
6614,1261460000,1261462000,2000
6615,1261462000,1261464000,2000
6616,1261464000,1261466000,2000
6617,1261466000,1261468000,2000
6618,1261468000,1261470000,2000
6619,1261470000,1261472000,2000
6620,1261472000,1261474000,2000
6621,1261474000,1261476000,2000
6622,1261476000,1261478000,2000
6623,1261478000,1261480000,2000
6624,1261480000,1261482000,2000
6625,1261482000,1261484000,2000
6626,1261484000,1261486000,2000
6627,1261486000,1261488000,2000
6628,1261488000,1261490000,2000
6629,1261490000,1261492000,2000
6630,1261492000,1261494000,2000
6631,1261494000,1261496000,2000
6632,1261496000,1261498000,2000
6633,1261498000,1261500000,2000
2632,1261500000,1261502000,2000
2633,1261502000,1261504000,2000
2634,1261504000,1261506000,2000
2635,1261506000,1261508000,2000
2636,1261508000,1261510000,2000
2637,1261510000,1261512000,2000
2638,1261512000,1261514000,2000
2639,1261514000,1261516000,2000
2640,1261516000,1261518000,2000
2641,1261518000,1261520000,2000
2642,1261520000,1261522000,2000
2643,1261522000,1261524000,2000
2644,1261524000,1261526000,2000
2645,1261526000,1261528000,2000
2646,1261528000,1261530000,2000
2647,1261530000,1261532000,2000
2648,1261532000,1261534000,2000
2649,1261534000,1261536000,2000
2650,1261536000,1261538000,2000
2651,1261538000,1261540000,2000
2652,1261540000,1261542000,2000
2653,1261542000,1261544000,2000
2654,1261544000,1261546000,2000
2655,1261546000,1261548000,2000
2656,1261548000,1261550000,2000
2657,1261550000,1261552000,2000
2658,1261552000,1261554000,2000
2659,1261554000,1261556000,2000
2660,1261556000,1261558000,2000
2661,1261558000,1261560000,2000
2662,1261560000,1261562000,2000
2663,1261562000,1261564000,2000
2664,1261564000,1261566000,2000
2665,1261566000,1261568000,2000
2666,1261568000,1261570000,2000
2667,1261570000,1261572000,2000
2668,1261572000,1261574000,2000
2669,1261574000,1261576000,2000
2670,1261576000,1261578000,2000
2671,1261578000,1261580000,2000
2672,1261580000,1261582000,2000
2673,1261582000,1261584000,2000
2674,1261584000,1261586000,2000
2675,1261586000,1261588000,2000
2676,1261588000,1261590000,2000
2677,1261590000,1261592000,2000
2678,1261592000,1261594000,2000
2679,1261594000,1261596000,2000
2680,1261596000,1261598000,2000
2681,1261598000,1261600000,2000
12850,1261600000,1261602000,2000
12851,1261602000,1261604000,2000
12852,1261604000,1261606000,2000
12853,1261606000,1261608000,2000
12854,1261608000,1261610000,2000
12855,1261610000,1261612000,2000
12856,1261612000,1261614000,2000
12857,1261614000,1261616000,2000
12858,1261616000,1261618000,2000
12859,1261618000,1261620000,2000
12860,1261620000,1261622000,2000
12861,1261622000,1261624000,2000
12862,1261624000,1261626000,2000
12863,1261626000,1261628000,2000
12864,1261628000,1261630000,2000
12865,1261630000,1261632000,2000
12866,1261632000,1261634000,2000
12867,1261634000,1261636000,2000
12868,1261636000,1261638000,2000
12869,1261638000,1261640000,2000
12870,1261640000,1261642000,2000
12871,1261642000,1261644000,2000
12872,1261644000,1261646000,2000
12873,1261646000,1261648000,2000
12874,1261648000,1261650000,2000
12875,1261650000,1261652000,2000
12876,1261652000,1261654000,2000
12877,1261654000,1261656000,2000
12878,1261656000,1261658000,2000
12879,1261658000,1261660000,2000
12880,1261660000,1261662000,2000
12881,1261662000,1261664000,2000
12882,1261664000,1261666000,2000
12883,1261666000,1261668000,2000
12884,1261668000,1261670000,2000
12885,1261670000,1261672000,2000
12886,1261672000,1261674000,2000
12887,1261674000,1261676000,2000
12888,1261676000,1261678000,2000
12889,1261678000,1261680000,2000
12890,1261680000,1261682000,2000
12891,1261682000,1261684000,2000
12892,1261684000,1261686000,2000
12893,1261686000,1261688000,2000
12894,1261688000,1261690000,2000
12895,1261690000,1261692000,2000
12896,1261692000,1261694000,2000
12897,1261694000,1261696000,2000
12898,1261696000,1261698000,2000
12899,1261698000,1261700000,2000
15000,1261700000,1261702000,2000
15001,1261702000,1261704000,2000
15002,1261704000,1261706000,2000
15003,1261706000,1261708000,2000
15004,1261708000,1261710000,2000
15005,1261710000,1261712000,2000
15006,1261712000,1261714000,2000
15007,1261714000,1261716000,2000
15008,1261716000,1261718000,2000
15009,1261718000,1261720000,2000
15010,1261720000,1261722000,2000
15011,1261722000,1261724000,2000
15012,1261724000,1261726000,2000
15013,1261726000,1261728000,2000
15014,1261728000,1261730000,2000
15015,1261730000,1261732000,2000
15016,1261732000,1261734000,2000
15017,1261734000,1261736000,2000
15018,1261736000,1261738000,2000
15019,1261738000,1261740000,2000
15020,1261740000,1261742000,2000
15021,1261742000,1261744000,2000
15022,1261744000,1261746000,2000
15023,1261746000,1261748000,2000
15024,1261748000,1261750000,2000
15025,1261750000,1261752000,2000
15026,1261752000,1261754000,2000
15027,1261754000,1261756000,2000
15028,1261756000,1261758000,2000
15029,1261758000,1261760000,2000
15030,1261760000,1261762000,2000
15031,1261762000,1261764000,2000
15032,1261764000,1261766000,2000
15033,1261766000,1261768000,2000
15034,1261768000,1261770000,2000
15035,1261770000,1261772000,2000
15036,1261772000,1261774000,2000
15037,1261774000,1261776000,2000
15038,1261776000,1261778000,2000
15039,1261778000,1261780000,2000
15040,1261780000,1261782000,2000
15041,1261782000,1261784000,2000
15042,1261784000,1261786000,2000
15043,1261786000,1261788000,2000
15044,1261788000,1261790000,2000
15045,1261790000,1261792000,2000
15046,1261792000,1261794000,2000
15047,1261794000,1261796000,2000
15048,1261796000,1261798000,2000
15049,1261798000,1261800000,2000
15500,1261800000,1261802000,2000
15501,1261802000,1261804000,2000
15502,1261804000,1261806000,2000
15503,1261806000,1261808000,2000
15504,1261808000,1261810000,2000
15505,1261810000,1261812000,2000
15506,1261812000,1261814000,2000
15507,1261814000,1261816000,2000
15508,1261816000,1261818000,2000
15509,1261818000,1261820000,2000
15510,1261820000,1261822000,2000
15511,1261822000,1261824000,2000
15512,1261824000,1261826000,2000
15513,1261826000,1261828000,2000
15514,1261828000,1261830000,2000
15515,1261830000,1261832000,2000
15516,1261832000,1261834000,2000
15517,1261834000,1261836000,2000
15518,1261836000,1261838000,2000
15519,1261838000,1261840000,2000
15520,1261840000,1261842000,2000
15521,1261842000,1261844000,2000
15522,1261844000,1261846000,2000
15523,1261846000,1261848000,2000
15524,1261848000,1261850000,2000
15525,1261850000,1261852000,2000
15526,1261852000,1261854000,2000
15527,1261854000,1261856000,2000
15528,1261856000,1261858000,2000
15529,1261858000,1261860000,2000
15530,1261860000,1261862000,2000
15531,1261862000,1261864000,2000
15532,1261864000,1261866000,2000
15533,1261866000,1261868000,2000
15534,1261868000,1261870000,2000
15535,1261870000,1261872000,2000
15536,1261872000,1261874000,2000
15537,1261874000,1261876000,2000
15538,1261876000,1261878000,2000
15539,1261878000,1261880000,2000
15540,1261880000,1261882000,2000
15541,1261882000,1261884000,2000
15542,1261884000,1261886000,2000
15543,1261886000,1261888000,2000
15544,1261888000,1261890000,2000
15545,1261890000,1261892000,2000
15546,1261892000,1261894000,2000
15547,1261894000,1261896000,2000
15548,1261896000,1261898000,2000
15549,1261898000,1261900000,2000
5682,1261900000,1261902000,2000
5683,1261902000,1261904000,2000
5684,1261904000,1261906000,2000
5685,1261906000,1261908000,2000
5686,1261908000,1261910000,2000
5687,1261910000,1261912000,2000
5688,1261912000,1261914000,2000
5689,1261914000,1261916000,2000
5690,1261916000,1261918000,2000
5691,1261918000,1261920000,2000
5692,1261920000,1261922000,2000
5693,1261922000,1261924000,2000
5694,1261924000,1261926000,2000
5695,1261926000,1261928000,2000
5696,1261928000,1261930000,2000
5697,1261930000,1261932000,2000
5698,1261932000,1261934000,2000
5699,1261934000,1261936000,2000
5700,1261936000,1261938000,2000
5701,1261938000,1261940000,2000
5702,1261940000,1261942000,2000
5703,1261942000,1261944000,2000
5704,1261944000,1261946000,2000
5705,1261946000,1261948000,2000
5706,1261948000,1261950000,2000
5707,1261950000,1261952000,2000
5708,1261952000,1261954000,2000
5709,1261954000,1261956000,2000
5710,1261956000,1261958000,2000
5711,1261958000,1261960000,2000
5712,1261960000,1261962000,2000
5713,1261962000,1261964000,2000
5714,1261964000,1261966000,2000
5715,1261966000,1261968000,2000
5716,1261968000,1261970000,2000
5717,1261970000,1261972000,2000
5718,1261972000,1261974000,2000
5719,1261974000,1261976000,2000
5720,1261976000,1261978000,2000
5721,1261978000,1261980000,2000
5722,1261980000,1261982000,2000
5723,1261982000,1261984000,2000
5724,1261984000,1261986000,2000
5725,1261986000,1261988000,2000
5726,1261988000,1261990000,2000
5727,1261990000,1261992000,2000
5728,1261992000,1261994000,2000
5729,1261994000,1261996000,2000
5730,1261996000,1261998000,2000
5731,1261998000,1262000000,2000
15050,1262000000,1262002000,2000
15051,1262002000,1262004000,2000
15052,1262004000,1262006000,2000
15053,1262006000,1262008000,2000
15054,1262008000,1262010000,2000
15055,1262010000,1262012000,2000
15056,1262012000,1262014000,2000
15057,1262014000,1262016000,2000
15058,1262016000,1262018000,2000
15059,1262018000,1262020000,2000
15060,1262020000,1262022000,2000
15061,1262022000,1262024000,2000
15062,1262024000,1262026000,2000
15063,1262026000,1262028000,2000
15064,1262028000,1262030000,2000
15065,1262030000,1262032000,2000
15066,1262032000,1262034000,2000
15067,1262034000,1262036000,2000
15068,1262036000,1262038000,2000
15069,1262038000,1262040000,2000
15070,1262040000,1262042000,2000
15071,1262042000,1262044000,2000
15072,1262044000,1262046000,2000
15073,1262046000,1262048000,2000
15074,1262048000,1262050000,2000
15075,1262050000,1262052000,2000
15076,1262052000,1262054000,2000
15077,1262054000,1262056000,2000
15078,1262056000,1262058000,2000
15079,1262058000,1262060000,2000
15080,1262060000,1262062000,2000
15081,1262062000,1262064000,2000
15082,1262064000,1262066000,2000
15083,1262066000,1262068000,2000
15084,1262068000,1262070000,2000
15085,1262070000,1262072000,2000
15086,1262072000,1262074000,2000
15087,1262074000,1262076000,2000
15088,1262076000,1262078000,2000
15089,1262078000,1262080000,2000
15090,1262080000,1262082000,2000
15091,1262082000,1262084000,2000
15092,1262084000,1262086000,2000
15093,1262086000,1262088000,2000
15094,1262088000,1262090000,2000
15095,1262090000,1262092000,2000
15096,1262092000,1262094000,2000
15097,1262094000,1262096000,2000
15098,1262096000,1262098000,2000
15099,1262098000,1262100000,2000
6834,1262100000,1262102000,2000
6835,1262102000,1262104000,2000
6836,1262104000,1262106000,2000
6837,1262106000,1262108000,2000
6838,1262108000,1262110000,2000
6839,1262110000,1262112000,2000
6840,1262112000,1262114000,2000
6841,1262114000,1262116000,2000
6842,1262116000,1262118000,2000
6843,1262118000,1262120000,2000
6844,1262120000,1262122000,2000
6845,1262122000,1262124000,2000
6846,1262124000,1262126000,2000
6847,1262126000,1262128000,2000
6848,1262128000,1262130000,2000
6849,1262130000,1262132000,2000
6850,1262132000,1262134000,2000
6851,1262134000,1262136000,2000
6852,1262136000,1262138000,2000
6853,1262138000,1262140000,2000
6854,1262140000,1262142000,2000
6855,1262142000,1262144000,2000
6856,1262144000,1262146000,2000
6857,1262146000,1262148000,2000
6858,1262148000,1262150000,2000
6859,1262150000,1262152000,2000
6860,1262152000,1262154000,2000
6861,1262154000,1262156000,2000
6862,1262156000,1262158000,2000
6863,1262158000,1262160000,2000
6864,1262160000,1262162000,2000
6865,1262162000,1262164000,2000
6866,1262164000,1262166000,2000
6867,1262166000,1262168000,2000
6868,1262168000,1262170000,2000
6869,1262170000,1262172000,2000
6870,1262172000,1262174000,2000
6871,1262174000,1262176000,2000
6872,1262176000,1262178000,2000
6873,1262178000,1262180000,2000
6874,1262180000,1262182000,2000
6875,1262182000,1262184000,2000
6876,1262184000,1262186000,2000
6877,1262186000,1262188000,2000
6878,1262188000,1262190000,2000
6879,1262190000,1262192000,2000
6880,1262192000,1262194000,2000
6881,1262194000,1262196000,2000
6882,1262196000,1262198000,2000
6883,1262198000,1262200000,2000
4282,1262200000,1262202000,2000
4283,1262202000,1262204000,2000
4284,1262204000,1262206000,2000
4285,1262206000,1262208000,2000
4286,1262208000,1262210000,2000
4287,1262210000,1262212000,2000
4288,1262212000,1262214000,2000
4289,1262214000,1262216000,2000
4290,1262216000,1262218000,2000
4291,1262218000,1262220000,2000
4292,1262220000,1262222000,2000
4293,1262222000,1262224000,2000
4294,1262224000,1262226000,2000
4295,1262226000,1262228000,2000
4296,1262228000,1262230000,2000
4297,1262230000,1262232000,2000
4298,1262232000,1262234000,2000
4299,1262234000,1262236000,2000
4300,1262236000,1262238000,2000
4301,1262238000,1262240000,2000
4302,1262240000,1262242000,2000
4303,1262242000,1262244000,2000
4304,1262244000,1262246000,2000
4305,1262246000,1262248000,2000
4306,1262248000,1262250000,2000
4307,1262250000,1262252000,2000
4308,1262252000,1262254000,2000
4309,1262254000,1262256000,2000
4310,1262256000,1262258000,2000
4311,1262258000,1262260000,2000
4312,1262260000,1262262000,2000
4313,1262262000,1262264000,2000
4314,1262264000,1262266000,2000
4315,1262266000,1262268000,2000
4316,1262268000,1262270000,2000
4317,1262270000,1262272000,2000
4318,1262272000,1262274000,2000
4319,1262274000,1262276000,2000
4320,1262276000,1262278000,2000
4321,1262278000,1262280000,2000
4322,1262280000,1262282000,2000
4323,1262282000,1262284000,2000
4324,1262284000,1262286000,2000
4325,1262286000,1262288000,2000
4326,1262288000,1262290000,2000
4327,1262290000,1262292000,2000
4328,1262292000,1262294000,2000
4329,1262294000,1262296000,2000
4330,1262296000,1262298000,2000
4331,1262298000,1262300000,2000
14850,1262300000,1262302000,2000
14851,1262302000,1262304000,2000
14852,1262304000,1262306000,2000
14853,1262306000,1262308000,2000
14854,1262308000,1262310000,2000
14855,1262310000,1262312000,2000
14856,1262312000,1262314000,2000
14857,1262314000,1262316000,2000
14858,1262316000,1262318000,2000
14859,1262318000,1262320000,2000
14860,1262320000,1262322000,2000
14861,1262322000,1262324000,2000
14862,1262324000,1262326000,2000
14863,1262326000,1262328000,2000
14864,1262328000,1262330000,2000
14865,1262330000,1262332000,2000
14866,1262332000,1262334000,2000
14867,1262334000,1262336000,2000
14868,1262336000,1262338000,2000
14869,1262338000,1262340000,2000
14870,1262340000,1262342000,2000
14871,1262342000,1262344000,2000
14872,1262344000,1262346000,2000
14873,1262346000,1262348000,2000
14874,1262348000,1262350000,2000
14875,1262350000,1262352000,2000
14876,1262352000,1262354000,2000
14877,1262354000,1262356000,2000
14878,1262356000,1262358000,2000
14879,1262358000,1262360000,2000
14880,1262360000,1262362000,2000
14881,1262362000,1262364000,2000
14882,1262364000,1262366000,2000
14883,1262366000,1262368000,2000
14884,1262368000,1262370000,2000
14885,1262370000,1262372000,2000
14886,1262372000,1262374000,2000
14887,1262374000,1262376000,2000
14888,1262376000,1262378000,2000
14889,1262378000,1262380000,2000
14890,1262380000,1262382000,2000
14891,1262382000,1262384000,2000
14892,1262384000,1262386000,2000
14893,1262386000,1262388000,2000
14894,1262388000,1262390000,2000
14895,1262390000,1262392000,2000
14896,1262392000,1262394000,2000
14897,1262394000,1262396000,2000
14898,1262396000,1262398000,2000
14899,1262398000,1262400000,2000
2282,1262400000,1262402000,2000
2283,1262402000,1262404000,2000
2284,1262404000,1262406000,2000
2285,1262406000,1262408000,2000
2286,1262408000,1262410000,2000
2287,1262410000,1262412000,2000
2288,1262412000,1262414000,2000
2289,1262414000,1262416000,2000
2290,1262416000,1262418000,2000
2291,1262418000,1262420000,2000
2292,1262420000,1262422000,2000
2293,1262422000,1262424000,2000
2294,1262424000,1262426000,2000
2295,1262426000,1262428000,2000
2296,1262428000,1262430000,2000
2297,1262430000,1262432000,2000
2298,1262432000,1262434000,2000
2299,1262434000,1262436000,2000
2300,1262436000,1262438000,2000
2301,1262438000,1262440000,2000
2302,1262440000,1262442000,2000
2303,1262442000,1262444000,2000
2304,1262444000,1262446000,2000
2305,1262446000,1262448000,2000
2306,1262448000,1262450000,2000
2307,1262450000,1262452000,2000
2308,1262452000,1262454000,2000
2309,1262454000,1262456000,2000
2310,1262456000,1262458000,2000
2311,1262458000,1262460000,2000
2312,1262460000,1262462000,2000
2313,1262462000,1262464000,2000
2314,1262464000,1262466000,2000
2315,1262466000,1262468000,2000
2316,1262468000,1262470000,2000
2317,1262470000,1262472000,2000
2318,1262472000,1262474000,2000
2319,1262474000,1262476000,2000
2320,1262476000,1262478000,2000
2321,1262478000,1262480000,2000
2322,1262480000,1262482000,2000
2323,1262482000,1262484000,2000
2324,1262484000,1262486000,2000
2325,1262486000,1262488000,2000
2326,1262488000,1262490000,2000
2327,1262490000,1262492000,2000
2328,1262492000,1262494000,2000
2329,1262494000,1262496000,2000
2330,1262496000,1262498000,2000
2331,1262498000,1262500000,2000
7834,1262500000,1262502000,2000
7835,1262502000,1262504000,2000
7836,1262504000,1262506000,2000
7837,1262506000,1262508000,2000
7838,1262508000,1262510000,2000
7839,1262510000,1262512000,2000
7840,1262512000,1262514000,2000
7841,1262514000,1262516000,2000
7842,1262516000,1262518000,2000
7843,1262518000,1262520000,2000
7844,1262520000,1262522000,2000
7845,1262522000,1262524000,2000
7846,1262524000,1262526000,2000
7847,1262526000,1262528000,2000
7848,1262528000,1262530000,2000
7849,1262530000,1262532000,2000
7850,1262532000,1262534000,2000
7851,1262534000,1262536000,2000
7852,1262536000,1262538000,2000
7853,1262538000,1262540000,2000
7854,1262540000,1262542000,2000
7855,1262542000,1262544000,2000
7856,1262544000,1262546000,2000
7857,1262546000,1262548000,2000
7858,1262548000,1262550000,2000
7859,1262550000,1262552000,2000
7860,1262552000,1262554000,2000
7861,1262554000,1262556000,2000
7862,1262556000,1262558000,2000
7863,1262558000,1262560000,2000
7864,1262560000,1262562000,2000
7865,1262562000,1262564000,2000
7866,1262564000,1262566000,2000
7867,1262566000,1262568000,2000
7868,1262568000,1262570000,2000
7869,1262570000,1262572000,2000
7870,1262572000,1262574000,2000
7871,1262574000,1262576000,2000
7872,1262576000,1262578000,2000
7873,1262578000,1262580000,2000
7874,1262580000,1262582000,2000
7875,1262582000,1262584000,2000
7876,1262584000,1262586000,2000
7877,1262586000,1262588000,2000
7878,1262588000,1262590000,2000
7879,1262590000,1262592000,2000
7880,1262592000,1262594000,2000
7881,1262594000,1262596000,2000
7882,1262596000,1262598000,2000
7883,1262598000,1262600000,2000
8684,1262600000,1262602000,2000
8685,1262602000,1262604000,2000
8686,1262604000,1262606000,2000
8687,1262606000,1262608000,2000
8688,1262608000,1262610000,2000
8689,1262610000,1262612000,2000
8690,1262612000,1262614000,2000
8691,1262614000,1262616000,2000
8692,1262616000,1262618000,2000
8693,1262618000,1262620000,2000
8694,1262620000,1262622000,2000
8695,1262622000,1262624000,2000
8696,1262624000,1262626000,2000
8697,1262626000,1262628000,2000
8698,1262628000,1262630000,2000
8699,1262630000,1262632000,2000
8700,1262632000,1262634000,2000
8701,1262634000,1262636000,2000
8702,1262636000,1262638000,2000
8703,1262638000,1262640000,2000
8704,1262640000,1262642000,2000
8705,1262642000,1262644000,2000
8706,1262644000,1262646000,2000
8707,1262646000,1262648000,2000
8708,1262648000,1262650000,2000
8709,1262650000,1262652000,2000
8710,1262652000,1262654000,2000
8711,1262654000,1262656000,2000
8712,1262656000,1262658000,2000
8713,1262658000,1262660000,2000
8714,1262660000,1262662000,2000
8715,1262662000,1262664000,2000
8716,1262664000,1262666000,2000
8717,1262666000,1262668000,2000
8718,1262668000,1262670000,2000
8719,1262670000,1262672000,2000
8720,1262672000,1262674000,2000
8721,1262674000,1262676000,2000
8722,1262676000,1262678000,2000
8723,1262678000,1262680000,2000
8724,1262680000,1262682000,2000
8725,1262682000,1262684000,2000
8726,1262684000,1262686000,2000
8727,1262686000,1262688000,2000
8728,1262688000,1262690000,2000
8729,1262690000,1262692000,2000
8730,1262692000,1262694000,2000
8731,1262694000,1262696000,2000
8732,1262696000,1262698000,2000
8733,1262698000,1262700000,2000
11032,1262700000,1262702000,2000
11033,1262702000,1262704000,2000
11034,1262704000,1262706000,2000
11035,1262706000,1262708000,2000
11036,1262708000,1262710000,2000
11037,1262710000,1262712000,2000
11038,1262712000,1262714000,2000
11039,1262714000,1262716000,2000
11040,1262716000,1262718000,2000
11041,1262718000,1262720000,2000
11042,1262720000,1262722000,2000
11043,1262722000,1262724000,2000
11044,1262724000,1262726000,2000
11045,1262726000,1262728000,2000
11046,1262728000,1262730000,2000
11047,1262730000,1262732000,2000
11048,1262732000,1262734000,2000
11049,1262734000,1262736000,2000
11050,1262736000,1262738000,2000
11051,1262738000,1262740000,2000
11052,1262740000,1262742000,2000
11053,1262742000,1262744000,2000
11054,1262744000,1262746000,2000
11055,1262746000,1262748000,2000
11056,1262748000,1262750000,2000
11057,1262750000,1262752000,2000
11058,1262752000,1262754000,2000
11059,1262754000,1262756000,2000
11060,1262756000,1262758000,2000
11061,1262758000,1262760000,2000
11062,1262760000,1262762000,2000
11063,1262762000,1262764000,2000
11064,1262764000,1262766000,2000
11065,1262766000,1262768000,2000
11066,1262768000,1262770000,2000
11067,1262770000,1262772000,2000
11068,1262772000,1262774000,2000
11069,1262774000,1262776000,2000
11070,1262776000,1262778000,2000
11071,1262778000,1262780000,2000
11072,1262780000,1262782000,2000
11073,1262782000,1262784000,2000
11074,1262784000,1262786000,2000
11075,1262786000,1262788000,2000
11076,1262788000,1262790000,2000
11077,1262790000,1262792000,2000
11078,1262792000,1262794000,2000
11079,1262794000,1262796000,2000
11080,1262796000,1262798000,2000
11081,1262798000,1262800000,2000
12350,1262800000,1262802000,2000
12351,1262802000,1262804000,2000
12352,1262804000,1262806000,2000
12353,1262806000,1262808000,2000
12354,1262808000,1262810000,2000
12355,1262810000,1262812000,2000
12356,1262812000,1262814000,2000
12357,1262814000,1262816000,2000
12358,1262816000,1262818000,2000
12359,1262818000,1262820000,2000
12360,1262820000,1262822000,2000
12361,1262822000,1262824000,2000
12362,1262824000,1262826000,2000
12363,1262826000,1262828000,2000
12364,1262828000,1262830000,2000
12365,1262830000,1262832000,2000
12366,1262832000,1262834000,2000
12367,1262834000,1262836000,2000
12368,1262836000,1262838000,2000
12369,1262838000,1262840000,2000
12370,1262840000,1262842000,2000
12371,1262842000,1262844000,2000
12372,1262844000,1262846000,2000
12373,1262846000,1262848000,2000
12374,1262848000,1262850000,2000
12375,1262850000,1262852000,2000
12376,1262852000,1262854000,2000
12377,1262854000,1262856000,2000
12378,1262856000,1262858000,2000
12379,1262858000,1262860000,2000
12380,1262860000,1262862000,2000
12381,1262862000,1262864000,2000
12382,1262864000,1262866000,2000
12383,1262866000,1262868000,2000
12384,1262868000,1262870000,2000
12385,1262870000,1262872000,2000
12386,1262872000,1262874000,2000
12387,1262874000,1262876000,2000
12388,1262876000,1262878000,2000
12389,1262878000,1262880000,2000
12390,1262880000,1262882000,2000
12391,1262882000,1262884000,2000
12392,1262884000,1262886000,2000
12393,1262886000,1262888000,2000
12394,1262888000,1262890000,2000
12395,1262890000,1262892000,2000
12396,1262892000,1262894000,2000
12397,1262894000,1262896000,2000
12398,1262896000,1262898000,2000
12399,1262898000,1262900000,2000
6132,1262900000,1262902000,2000
6133,1262902000,1262904000,2000
6134,1262904000,1262906000,2000
6135,1262906000,1262908000,2000
6136,1262908000,1262910000,2000
6137,1262910000,1262912000,2000
6138,1262912000,1262914000,2000
6139,1262914000,1262916000,2000
6140,1262916000,1262918000,2000
6141,1262918000,1262920000,2000
6142,1262920000,1262922000,2000
6143,1262922000,1262924000,2000
6144,1262924000,1262926000,2000
6145,1262926000,1262928000,2000
6146,1262928000,1262930000,2000
6147,1262930000,1262932000,2000
6148,1262932000,1262934000,2000
6149,1262934000,1262936000,2000
6150,1262936000,1262938000,2000
6151,1262938000,1262940000,2000
6152,1262940000,1262942000,2000
6153,1262942000,1262944000,2000
6154,1262944000,1262946000,2000
6155,1262946000,1262948000,2000
6156,1262948000,1262950000,2000
6157,1262950000,1262952000,2000
6158,1262952000,1262954000,2000
6159,1262954000,1262956000,2000
6160,1262956000,1262958000,2000
6161,1262958000,1262960000,2000
6162,1262960000,1262962000,2000
6163,1262962000,1262964000,2000
6164,1262964000,1262966000,2000
6165,1262966000,1262968000,2000
6166,1262968000,1262970000,2000
6167,1262970000,1262972000,2000
6168,1262972000,1262974000,2000
6169,1262974000,1262976000,2000
6170,1262976000,1262978000,2000
6171,1262978000,1262980000,2000
6172,1262980000,1262982000,2000
6173,1262982000,1262984000,2000
6174,1262984000,1262986000,2000
6175,1262986000,1262988000,2000
6176,1262988000,1262990000,2000
6177,1262990000,1262992000,2000
6178,1262992000,1262994000,2000
6179,1262994000,1262996000,2000
6180,1262996000,1262998000,2000
6181,1262998000,1263000000,2000
9134,1263000000,1263002000,2000
9135,1263002000,1263004000,2000
9136,1263004000,1263006000,2000
9137,1263006000,1263008000,2000
9138,1263008000,1263010000,2000
9139,1263010000,1263012000,2000
9140,1263012000,1263014000,2000
9141,1263014000,1263016000,2000
9142,1263016000,1263018000,2000
9143,1263018000,1263020000,2000
9144,1263020000,1263022000,2000
9145,1263022000,1263024000,2000
9146,1263024000,1263026000,2000
9147,1263026000,1263028000,2000
9148,1263028000,1263030000,2000
9149,1263030000,1263032000,2000
9150,1263032000,1263034000,2000
9151,1263034000,1263036000,2000
9152,1263036000,1263038000,2000
9153,1263038000,1263040000,2000
9154,1263040000,1263042000,2000
9155,1263042000,1263044000,2000
9156,1263044000,1263046000,2000
9157,1263046000,1263048000,2000
9158,1263048000,1263050000,2000
9159,1263050000,1263052000,2000
9160,1263052000,1263054000,2000
9161,1263054000,1263056000,2000
9162,1263056000,1263058000,2000
9163,1263058000,1263060000,2000
9164,1263060000,1263062000,2000
9165,1263062000,1263064000,2000
9166,1263064000,1263066000,2000
9167,1263066000,1263068000,2000
9168,1263068000,1263070000,2000
9169,1263070000,1263072000,2000
9170,1263072000,1263074000,2000
9171,1263074000,1263076000,2000
9172,1263076000,1263078000,2000
9173,1263078000,1263080000,2000
9174,1263080000,1263082000,2000
9175,1263082000,1263084000,2000
9176,1263084000,1263086000,2000
9177,1263086000,1263088000,2000
9178,1263088000,1263090000,2000
9179,1263090000,1263092000,2000
9180,1263092000,1263094000,2000
9181,1263094000,1263096000,2000
9182,1263096000,1263098000,2000
9183,1263098000,1263100000,2000
14250,1263100000,1263102000,2000
14251,1263102000,1263104000,2000
14252,1263104000,1263106000,2000
14253,1263106000,1263108000,2000
14254,1263108000,1263110000,2000
14255,1263110000,1263112000,2000
14256,1263112000,1263114000,2000
14257,1263114000,1263116000,2000
14258,1263116000,1263118000,2000
14259,1263118000,1263120000,2000
14260,1263120000,1263122000,2000
14261,1263122000,1263124000,2000
14262,1263124000,1263126000,2000
14263,1263126000,1263128000,2000
14264,1263128000,1263130000,2000
14265,1263130000,1263132000,2000
14266,1263132000,1263134000,2000
14267,1263134000,1263136000,2000
14268,1263136000,1263138000,2000
14269,1263138000,1263140000,2000
14270,1263140000,1263142000,2000
14271,1263142000,1263144000,2000
14272,1263144000,1263146000,2000
14273,1263146000,1263148000,2000
14274,1263148000,1263150000,2000
14275,1263150000,1263152000,2000
14276,1263152000,1263154000,2000
14277,1263154000,1263156000,2000
14278,1263156000,1263158000,2000
14279,1263158000,1263160000,2000
14280,1263160000,1263162000,2000
14281,1263162000,1263164000,2000
14282,1263164000,1263166000,2000
14283,1263166000,1263168000,2000
14284,1263168000,1263170000,2000
14285,1263170000,1263172000,2000
14286,1263172000,1263174000,2000
14287,1263174000,1263176000,2000
14288,1263176000,1263178000,2000
14289,1263178000,1263180000,2000
14290,1263180000,1263182000,2000
14291,1263182000,1263184000,2000
14292,1263184000,1263186000,2000
14293,1263186000,1263188000,2000
14294,1263188000,1263190000,2000
14295,1263190000,1263192000,2000
14296,1263192000,1263194000,2000
14297,1263194000,1263196000,2000
14298,1263196000,1263198000,2000
14299,1263198000,1263200000,2000
5432,1263200000,1263202000,2000
5433,1263202000,1263204000,2000
5434,1263204000,1263206000,2000
5435,1263206000,1263208000,2000
5436,1263208000,1263210000,2000
5437,1263210000,1263212000,2000
5438,1263212000,1263214000,2000
5439,1263214000,1263216000,2000
5440,1263216000,1263218000,2000
5441,1263218000,1263220000,2000
5442,1263220000,1263222000,2000
5443,1263222000,1263224000,2000
5444,1263224000,1263226000,2000
5445,1263226000,1263228000,2000
5446,1263228000,1263230000,2000
5447,1263230000,1263232000,2000
5448,1263232000,1263234000,2000
5449,1263234000,1263236000,2000
5450,1263236000,1263238000,2000
5451,1263238000,1263240000,2000
5452,1263240000,1263242000,2000
5453,1263242000,1263244000,2000
5454,1263244000,1263246000,2000
5455,1263246000,1263248000,2000
5456,1263248000,1263250000,2000
5457,1263250000,1263252000,2000
5458,1263252000,1263254000,2000
5459,1263254000,1263256000,2000
5460,1263256000,1263258000,2000
5461,1263258000,1263260000,2000
5462,1263260000,1263262000,2000
5463,1263262000,1263264000,2000
5464,1263264000,1263266000,2000
5465,1263266000,1263268000,2000
5466,1263268000,1263270000,2000
5467,1263270000,1263272000,2000
5468,1263272000,1263274000,2000
5469,1263274000,1263276000,2000
5470,1263276000,1263278000,2000
5471,1263278000,1263280000,2000
5472,1263280000,1263282000,2000
5473,1263282000,1263284000,2000
5474,1263284000,1263286000,2000
5475,1263286000,1263288000,2000
5476,1263288000,1263290000,2000
5477,1263290000,1263292000,2000
5478,1263292000,1263294000,2000
5479,1263294000,1263296000,2000
5480,1263296000,1263298000,2000
5481,1263298000,1263300000,2000
6734,1263300000,1263302000,2000
6735,1263302000,1263304000,2000
6736,1263304000,1263306000,2000
6737,1263306000,1263308000,2000
6738,1263308000,1263310000,2000
6739,1263310000,1263312000,2000
6740,1263312000,1263314000,2000
6741,1263314000,1263316000,2000
6742,1263316000,1263318000,2000
6743,1263318000,1263320000,2000
6744,1263320000,1263322000,2000
6745,1263322000,1263324000,2000
6746,1263324000,1263326000,2000
6747,1263326000,1263328000,2000
6748,1263328000,1263330000,2000
6749,1263330000,1263332000,2000
6750,1263332000,1263334000,2000
6751,1263334000,1263336000,2000
6752,1263336000,1263338000,2000
6753,1263338000,1263340000,2000
6754,1263340000,1263342000,2000
6755,1263342000,1263344000,2000
6756,1263344000,1263346000,2000
6757,1263346000,1263348000,2000
6758,1263348000,1263350000,2000
6759,1263350000,1263352000,2000
6760,1263352000,1263354000,2000
6761,1263354000,1263356000,2000
6762,1263356000,1263358000,2000
6763,1263358000,1263360000,2000
6764,1263360000,1263362000,2000
6765,1263362000,1263364000,2000
6766,1263364000,1263366000,2000
6767,1263366000,1263368000,2000
6768,1263368000,1263370000,2000
6769,1263370000,1263372000,2000
6770,1263372000,1263374000,2000
6771,1263374000,1263376000,2000
6772,1263376000,1263378000,2000
6773,1263378000,1263380000,2000
6774,1263380000,1263382000,2000
6775,1263382000,1263384000,2000
6776,1263384000,1263386000,2000
6777,1263386000,1263388000,2000
6778,1263388000,1263390000,2000
6779,1263390000,1263392000,2000
6780,1263392000,1263394000,2000
6781,1263394000,1263396000,2000
6782,1263396000,1263398000,2000
6783,1263398000,1263400000,2000
1332,1263400000,1263402000,2000
1333,1263402000,1263404000,2000
1334,1263404000,1263406000,2000
1335,1263406000,1263408000,2000
1336,1263408000,1263410000,2000
1337,1263410000,1263412000,2000
1338,1263412000,1263414000,2000
1339,1263414000,1263416000,2000
1340,1263416000,1263418000,2000
1341,1263418000,1263420000,2000
1342,1263420000,1263422000,2000
1343,1263422000,1263424000,2000
1344,1263424000,1263426000,2000
1345,1263426000,1263428000,2000
1346,1263428000,1263430000,2000
1347,1263430000,1263432000,2000
1348,1263432000,1263434000,2000
1349,1263434000,1263436000,2000
1350,1263436000,1263438000,2000
1351,1263438000,1263440000,2000
1352,1263440000,1263442000,2000
1353,1263442000,1263444000,2000
1354,1263444000,1263446000,2000
1355,1263446000,1263448000,2000
1356,1263448000,1263450000,2000
1357,1263450000,1263452000,2000
1358,1263452000,1263454000,2000
1359,1263454000,1263456000,2000
1360,1263456000,1263458000,2000
1361,1263458000,1263460000,2000
1362,1263460000,1263462000,2000
1363,1263462000,1263464000,2000
1364,1263464000,1263466000,2000
1365,1263466000,1263468000,2000
1366,1263468000,1263470000,2000
1367,1263470000,1263472000,2000
1368,1263472000,1263474000,2000
1369,1263474000,1263476000,2000
1370,1263476000,1263478000,2000
1371,1263478000,1263480000,2000
1372,1263480000,1263482000,2000
1373,1263482000,1263484000,2000
1374,1263484000,1263486000,2000
1375,1263486000,1263488000,2000
1376,1263488000,1263490000,2000
1377,1263490000,1263492000,2000
1378,1263492000,1263494000,2000
1379,1263494000,1263496000,2000
1380,1263496000,1263498000,2000
1381,1263498000,1263500000,2000
14950,1263500000,1263502000,2000
14951,1263502000,1263504000,2000
14952,1263504000,1263506000,2000
14953,1263506000,1263508000,2000
14954,1263508000,1263510000,2000
14955,1263510000,1263512000,2000
14956,1263512000,1263514000,2000
14957,1263514000,1263516000,2000
14958,1263516000,1263518000,2000
14959,1263518000,1263520000,2000
14960,1263520000,1263522000,2000
14961,1263522000,1263524000,2000
14962,1263524000,1263526000,2000
14963,1263526000,1263528000,2000
14964,1263528000,1263530000,2000
14965,1263530000,1263532000,2000
14966,1263532000,1263534000,2000
14967,1263534000,1263536000,2000
14968,1263536000,1263538000,2000
14969,1263538000,1263540000,2000
14970,1263540000,1263542000,2000
14971,1263542000,1263544000,2000
14972,1263544000,1263546000,2000
14973,1263546000,1263548000,2000
14974,1263548000,1263550000,2000
14975,1263550000,1263552000,2000
14976,1263552000,1263554000,2000
14977,1263554000,1263556000,2000
14978,1263556000,1263558000,2000
14979,1263558000,1263560000,2000
14980,1263560000,1263562000,2000
14981,1263562000,1263564000,2000
14982,1263564000,1263566000,2000
14983,1263566000,1263568000,2000
14984,1263568000,1263570000,2000
14985,1263570000,1263572000,2000
14986,1263572000,1263574000,2000
14987,1263574000,1263576000,2000
14988,1263576000,1263578000,2000
14989,1263578000,1263580000,2000
14990,1263580000,1263582000,2000
14991,1263582000,1263584000,2000
14992,1263584000,1263586000,2000
14993,1263586000,1263588000,2000
14994,1263588000,1263590000,2000
14995,1263590000,1263592000,2000
14996,1263592000,1263594000,2000
14997,1263594000,1263596000,2000
14998,1263596000,1263598000,2000
14999,1263598000,1263600000,2000
4982,1263600000,1263602000,2000
4983,1263602000,1263604000,2000
4984,1263604000,1263606000,2000
4985,1263606000,1263608000,2000
4986,1263608000,1263610000,2000
4987,1263610000,1263612000,2000
4988,1263612000,1263614000,2000
4989,1263614000,1263616000,2000
4990,1263616000,1263618000,2000
4991,1263618000,1263620000,2000
4992,1263620000,1263622000,2000
4993,1263622000,1263624000,2000
4994,1263624000,1263626000,2000
4995,1263626000,1263628000,2000
4996,1263628000,1263630000,2000
4997,1263630000,1263632000,2000
4998,1263632000,1263634000,2000
4999,1263634000,1263636000,2000
5000,1263636000,1263638000,2000
5001,1263638000,1263640000,2000
5002,1263640000,1263642000,2000
5003,1263642000,1263644000,2000
5004,1263644000,1263646000,2000
5005,1263646000,1263648000,2000
5006,1263648000,1263650000,2000
5007,1263650000,1263652000,2000
5008,1263652000,1263654000,2000
5009,1263654000,1263656000,2000
5010,1263656000,1263658000,2000
5011,1263658000,1263660000,2000
5012,1263660000,1263662000,2000
5013,1263662000,1263664000,2000
5014,1263664000,1263666000,2000
5015,1263666000,1263668000,2000
5016,1263668000,1263670000,2000
5017,1263670000,1263672000,2000
5018,1263672000,1263674000,2000
5019,1263674000,1263676000,2000
5020,1263676000,1263678000,2000
5021,1263678000,1263680000,2000
5022,1263680000,1263682000,2000
5023,1263682000,1263684000,2000
5024,1263684000,1263686000,2000
5025,1263686000,1263688000,2000
5026,1263688000,1263690000,2000
5027,1263690000,1263692000,2000
5028,1263692000,1263694000,2000
5029,1263694000,1263696000,2000
5030,1263696000,1263698000,2000
5031,1263698000,1263700000,2000
12650,1263700000,1263702000,2000
12651,1263702000,1263704000,2000
12652,1263704000,1263706000,2000
12653,1263706000,1263708000,2000
12654,1263708000,1263710000,2000
12655,1263710000,1263712000,2000
12656,1263712000,1263714000,2000
12657,1263714000,1263716000,2000
12658,1263716000,1263718000,2000
12659,1263718000,1263720000,2000
12660,1263720000,1263722000,2000
12661,1263722000,1263724000,2000
12662,1263724000,1263726000,2000
12663,1263726000,1263728000,2000
12664,1263728000,1263730000,2000
12665,1263730000,1263732000,2000
12666,1263732000,1263734000,2000
12667,1263734000,1263736000,2000
12668,1263736000,1263738000,2000
12669,1263738000,1263740000,2000
12670,1263740000,1263742000,2000
12671,1263742000,1263744000,2000
12672,1263744000,1263746000,2000
12673,1263746000,1263748000,2000
12674,1263748000,1263750000,2000
12675,1263750000,1263752000,2000
12676,1263752000,1263754000,2000
12677,1263754000,1263756000,2000
12678,1263756000,1263758000,2000
12679,1263758000,1263760000,2000
12680,1263760000,1263762000,2000
12681,1263762000,1263764000,2000
12682,1263764000,1263766000,2000
12683,1263766000,1263768000,2000
12684,1263768000,1263770000,2000
12685,1263770000,1263772000,2000
12686,1263772000,1263774000,2000
12687,1263774000,1263776000,2000
12688,1263776000,1263778000,2000
12689,1263778000,1263780000,2000
12690,1263780000,1263782000,2000
12691,1263782000,1263784000,2000
12692,1263784000,1263786000,2000
12693,1263786000,1263788000,2000
12694,1263788000,1263790000,2000
12695,1263790000,1263792000,2000
12696,1263792000,1263794000,2000
12697,1263794000,1263796000,2000
12698,1263796000,1263798000,2000
12699,1263798000,1263800000,2000
6082,1263800000,1263802000,2000
6083,1263802000,1263804000,2000
6084,1263804000,1263806000,2000
6085,1263806000,1263808000,2000
6086,1263808000,1263810000,2000
6087,1263810000,1263812000,2000
6088,1263812000,1263814000,2000
6089,1263814000,1263816000,2000
6090,1263816000,1263818000,2000
6091,1263818000,1263820000,2000
6092,1263820000,1263822000,2000
6093,1263822000,1263824000,2000
6094,1263824000,1263826000,2000
6095,1263826000,1263828000,2000
6096,1263828000,1263830000,2000
6097,1263830000,1263832000,2000
6098,1263832000,1263834000,2000
6099,1263834000,1263836000,2000
6100,1263836000,1263838000,2000
6101,1263838000,1263840000,2000
6102,1263840000,1263842000,2000
6103,1263842000,1263844000,2000
6104,1263844000,1263846000,2000
6105,1263846000,1263848000,2000
6106,1263848000,1263850000,2000
6107,1263850000,1263852000,2000
6108,1263852000,1263854000,2000
6109,1263854000,1263856000,2000
6110,1263856000,1263858000,2000
6111,1263858000,1263860000,2000
6112,1263860000,1263862000,2000
6113,1263862000,1263864000,2000
6114,1263864000,1263866000,2000
6115,1263866000,1263868000,2000
6116,1263868000,1263870000,2000
6117,1263870000,1263872000,2000
6118,1263872000,1263874000,2000
6119,1263874000,1263876000,2000
6120,1263876000,1263878000,2000
6121,1263878000,1263880000,2000
6122,1263880000,1263882000,2000
6123,1263882000,1263884000,2000
6124,1263884000,1263886000,2000
6125,1263886000,1263888000,2000
6126,1263888000,1263890000,2000
6127,1263890000,1263892000,2000
6128,1263892000,1263894000,2000
6129,1263894000,1263896000,2000
6130,1263896000,1263898000,2000
6131,1263898000,1263900000,2000
12450,1263900000,1263902000,2000
12451,1263902000,1263904000,2000
12452,1263904000,1263906000,2000
12453,1263906000,1263908000,2000
12454,1263908000,1263910000,2000
12455,1263910000,1263912000,2000
12456,1263912000,1263914000,2000
12457,1263914000,1263916000,2000
12458,1263916000,1263918000,2000
12459,1263918000,1263920000,2000
12460,1263920000,1263922000,2000
12461,1263922000,1263924000,2000
12462,1263924000,1263926000,2000
12463,1263926000,1263928000,2000
12464,1263928000,1263930000,2000
12465,1263930000,1263932000,2000
12466,1263932000,1263934000,2000
12467,1263934000,1263936000,2000
12468,1263936000,1263938000,2000
12469,1263938000,1263940000,2000
12470,1263940000,1263942000,2000
12471,1263942000,1263944000,2000
12472,1263944000,1263946000,2000
12473,1263946000,1263948000,2000
12474,1263948000,1263950000,2000
12475,1263950000,1263952000,2000
12476,1263952000,1263954000,2000
12477,1263954000,1263956000,2000
12478,1263956000,1263958000,2000
12479,1263958000,1263960000,2000
12480,1263960000,1263962000,2000
12481,1263962000,1263964000,2000
12482,1263964000,1263966000,2000
12483,1263966000,1263968000,2000
12484,1263968000,1263970000,2000
12485,1263970000,1263972000,2000
12486,1263972000,1263974000,2000
12487,1263974000,1263976000,2000
12488,1263976000,1263978000,2000
12489,1263978000,1263980000,2000
12490,1263980000,1263982000,2000
12491,1263982000,1263984000,2000
12492,1263984000,1263986000,2000
12493,1263986000,1263988000,2000
12494,1263988000,1263990000,2000
12495,1263990000,1263992000,2000
12496,1263992000,1263994000,2000
12497,1263994000,1263996000,2000
12498,1263996000,1263998000,2000
12499,1263998000,1264000000,2000
700,1264000000,1264002000,2000
701,1264002000,1264004000,2000
702,1264004000,1264006000,2000
703,1264006000,1264008000,2000
704,1264008000,1264010000,2000
705,1264010000,1264012000,2000
706,1264012000,1264014000,2000
707,1264014000,1264016000,2000
708,1264016000,1264018000,2000
709,1264018000,1264020000,2000
710,1264020000,1264022000,2000
711,1264022000,1264024000,2000
712,1264024000,1264026000,2000
713,1264026000,1264028000,2000
714,1264028000,1264030000,2000
715,1264030000,1264032000,2000
716,1264032000,1264034000,2000
717,1264034000,1264036000,2000
718,1264036000,1264038000,2000
719,1264038000,1264040000,2000
720,1264040000,1264042000,2000
721,1264042000,1264044000,2000
722,1264044000,1264046000,2000
723,1264046000,1264048000,2000
724,1264048000,1264050000,2000
725,1264050000,1264052000,2000
726,1264052000,1264054000,2000
727,1264054000,1264056000,2000
728,1264056000,1264058000,2000
729,1264058000,1264060000,2000
730,1264060000,1264062000,2000
731,1264062000,1264064000,2000
732,1264064000,1264066000,2000
733,1264066000,1264068000,2000
734,1264068000,1264070000,2000
735,1264070000,1264072000,2000
736,1264072000,1264074000,2000
737,1264074000,1264076000,2000
738,1264076000,1264078000,2000
739,1264078000,1264080000,2000
740,1264080000,1264082000,2000
741,1264082000,1264084000,2000
742,1264084000,1264086000,2000
743,1264086000,1264088000,2000
744,1264088000,1264090000,2000
745,1264090000,1264092000,2000
746,1264092000,1264094000,2000
747,1264094000,1264096000,2000
748,1264096000,1264098000,2000
749,1264098000,1264100000,2000
7434,1264100000,1264102000,2000
7435,1264102000,1264104000,2000
7436,1264104000,1264106000,2000
7437,1264106000,1264108000,2000
7438,1264108000,1264110000,2000
7439,1264110000,1264112000,2000
7440,1264112000,1264114000,2000
7441,1264114000,1264116000,2000
7442,1264116000,1264118000,2000
7443,1264118000,1264120000,2000
7444,1264120000,1264122000,2000
7445,1264122000,1264124000,2000
7446,1264124000,1264126000,2000
7447,1264126000,1264128000,2000
7448,1264128000,1264130000,2000
7449,1264130000,1264132000,2000
7450,1264132000,1264134000,2000
7451,1264134000,1264136000,2000
7452,1264136000,1264138000,2000
7453,1264138000,1264140000,2000
7454,1264140000,1264142000,2000
7455,1264142000,1264144000,2000
7456,1264144000,1264146000,2000
7457,1264146000,1264148000,2000
7458,1264148000,1264150000,2000
7459,1264150000,1264152000,2000
7460,1264152000,1264154000,2000
7461,1264154000,1264156000,2000
7462,1264156000,1264158000,2000
7463,1264158000,1264160000,2000
7464,1264160000,1264162000,2000
7465,1264162000,1264164000,2000
7466,1264164000,1264166000,2000
7467,1264166000,1264168000,2000
7468,1264168000,1264170000,2000
7469,1264170000,1264172000,2000
7470,1264172000,1264174000,2000
7471,1264174000,1264176000,2000
7472,1264176000,1264178000,2000
7473,1264178000,1264180000,2000
7474,1264180000,1264182000,2000
7475,1264182000,1264184000,2000
7476,1264184000,1264186000,2000
7477,1264186000,1264188000,2000
7478,1264188000,1264190000,2000
7479,1264190000,1264192000,2000
7480,1264192000,1264194000,2000
7481,1264194000,1264196000,2000
7482,1264196000,1264198000,2000
7483,1264198000,1264200000,2000
2782,1264200000,1264202000,2000
2783,1264202000,1264204000,2000
2784,1264204000,1264206000,2000
2785,1264206000,1264208000,2000
2786,1264208000,1264210000,2000
2787,1264210000,1264212000,2000
2788,1264212000,1264214000,2000
2789,1264214000,1264216000,2000
2790,1264216000,1264218000,2000
2791,1264218000,1264220000,2000
2792,1264220000,1264222000,2000
2793,1264222000,1264224000,2000
2794,1264224000,1264226000,2000
2795,1264226000,1264228000,2000
2796,1264228000,1264230000,2000
2797,1264230000,1264232000,2000
2798,1264232000,1264234000,2000
2799,1264234000,1264236000,2000
2800,1264236000,1264238000,2000
2801,1264238000,1264240000,2000
2802,1264240000,1264242000,2000
2803,1264242000,1264244000,2000
2804,1264244000,1264246000,2000
2805,1264246000,1264248000,2000
2806,1264248000,1264250000,2000
2807,1264250000,1264252000,2000
2808,1264252000,1264254000,2000
2809,1264254000,1264256000,2000
2810,1264256000,1264258000,2000
2811,1264258000,1264260000,2000
2812,1264260000,1264262000,2000
2813,1264262000,1264264000,2000
2814,1264264000,1264266000,2000
2815,1264266000,1264268000,2000
2816,1264268000,1264270000,2000
2817,1264270000,1264272000,2000
2818,1264272000,1264274000,2000
2819,1264274000,1264276000,2000
2820,1264276000,1264278000,2000
2821,1264278000,1264280000,2000
2822,1264280000,1264282000,2000
2823,1264282000,1264284000,2000
2824,1264284000,1264286000,2000
2825,1264286000,1264288000,2000
2826,1264288000,1264290000,2000
2827,1264290000,1264292000,2000
2828,1264292000,1264294000,2000
2829,1264294000,1264296000,2000
2830,1264296000,1264298000,2000
2831,1264298000,1264300000,2000
6182,1264300000,1264302000,2000
6183,1264302000,1264304000,2000
6184,1264304000,1264306000,2000
6185,1264306000,1264308000,2000
6186,1264308000,1264310000,2000
6187,1264310000,1264312000,2000
6188,1264312000,1264314000,2000
6189,1264314000,1264316000,2000
6190,1264316000,1264318000,2000
6191,1264318000,1264320000,2000
6192,1264320000,1264322000,2000
6193,1264322000,1264324000,2000
6194,1264324000,1264326000,2000
6195,1264326000,1264328000,2000
6196,1264328000,1264330000,2000
6197,1264330000,1264332000,2000
6198,1264332000,1264334000,2000
6199,1264334000,1264336000,2000
6200,1264336000,1264338000,2000
6201,1264338000,1264340000,2000
6202,1264340000,1264342000,2000
6203,1264342000,1264344000,2000
6204,1264344000,1264346000,2000
6205,1264346000,1264348000,2000
6206,1264348000,1264350000,2000
6207,1264350000,1264352000,2000
6208,1264352000,1264354000,2000
6209,1264354000,1264356000,2000
6210,1264356000,1264358000,2000
6211,1264358000,1264360000,2000
6212,1264360000,1264362000,2000
6213,1264362000,1264364000,2000
6214,1264364000,1264366000,2000
6215,1264366000,1264368000,2000
6216,1264368000,1264370000,2000
6217,1264370000,1264372000,2000
6218,1264372000,1264374000,2000
6219,1264374000,1264376000,2000
6220,1264376000,1264378000,2000
6221,1264378000,1264380000,2000
6222,1264380000,1264382000,2000
6223,1264382000,1264384000,2000
6224,1264384000,1264386000,2000
6225,1264386000,1264388000,2000
6226,1264388000,1264390000,2000
6227,1264390000,1264392000,2000
6228,1264392000,1264394000,2000
6229,1264394000,1264396000,2000
6230,1264396000,1264398000,2000
6231,1264398000,1264400000,2000
11282,1264400000,1264402000,2000
11283,1264402000,1264404000,2000
11284,1264404000,1264406000,2000
11285,1264406000,1264408000,2000
11286,1264408000,1264410000,2000
11287,1264410000,1264412000,2000
11288,1264412000,1264414000,2000
11289,1264414000,1264416000,2000
11290,1264416000,1264418000,2000
11291,1264418000,1264420000,2000
11292,1264420000,1264422000,2000
11293,1264422000,1264424000,2000
11294,1264424000,1264426000,2000
11295,1264426000,1264428000,2000
11296,1264428000,1264430000,2000
11297,1264430000,1264432000,2000
11298,1264432000,1264434000,2000
11299,1264434000,1264436000,2000
11300,1264436000,1264438000,2000
11301,1264438000,1264440000,2000
11302,1264440000,1264442000,2000
11303,1264442000,1264444000,2000
11304,1264444000,1264446000,2000
11305,1264446000,1264448000,2000
11306,1264448000,1264450000,2000
11307,1264450000,1264452000,2000
11308,1264452000,1264454000,2000
11309,1264454000,1264456000,2000
11310,1264456000,1264458000,2000
11311,1264458000,1264460000,2000
11312,1264460000,1264462000,2000
11313,1264462000,1264464000,2000
11314,1264464000,1264466000,2000
11315,1264466000,1264468000,2000
11316,1264468000,1264470000,2000
11317,1264470000,1264472000,2000
11318,1264472000,1264474000,2000
11319,1264474000,1264476000,2000
11320,1264476000,1264478000,2000
11321,1264478000,1264480000,2000
11322,1264480000,1264482000,2000
11323,1264482000,1264484000,2000
11324,1264484000,1264486000,2000
11325,1264486000,1264488000,2000
11326,1264488000,1264490000,2000
11327,1264490000,1264492000,2000
11328,1264492000,1264494000,2000
11329,1264494000,1264496000,2000
11330,1264496000,1264498000,2000
11331,1264498000,1264500000,2000
1232,1264500000,1264502000,2000
1233,1264502000,1264504000,2000
1234,1264504000,1264506000,2000
1235,1264506000,1264508000,2000
1236,1264508000,1264510000,2000
1237,1264510000,1264512000,2000
1238,1264512000,1264514000,2000
1239,1264514000,1264516000,2000
1240,1264516000,1264518000,2000
1241,1264518000,1264520000,2000
1242,1264520000,1264522000,2000
1243,1264522000,1264524000,2000
1244,1264524000,1264526000,2000
1245,1264526000,1264528000,2000
1246,1264528000,1264530000,2000
1247,1264530000,1264532000,2000
1248,1264532000,1264534000,2000
1249,1264534000,1264536000,2000
1250,1264536000,1264538000,2000
1251,1264538000,1264540000,2000
1252,1264540000,1264542000,2000
1253,1264542000,1264544000,2000
1254,1264544000,1264546000,2000
1255,1264546000,1264548000,2000
1256,1264548000,1264550000,2000
1257,1264550000,1264552000,2000
1258,1264552000,1264554000,2000
1259,1264554000,1264556000,2000
1260,1264556000,1264558000,2000
1261,1264558000,1264560000,2000
1262,1264560000,1264562000,2000
1263,1264562000,1264564000,2000
1264,1264564000,1264566000,2000
1265,1264566000,1264568000,2000
1266,1264568000,1264570000,2000
1267,1264570000,1264572000,2000
1268,1264572000,1264574000,2000
1269,1264574000,1264576000,2000
1270,1264576000,1264578000,2000
1271,1264578000,1264580000,2000
1272,1264580000,1264582000,2000
1273,1264582000,1264584000,2000
1274,1264584000,1264586000,2000
1275,1264586000,1264588000,2000
1276,1264588000,1264590000,2000
1277,1264590000,1264592000,2000
1278,1264592000,1264594000,2000
1279,1264594000,1264596000,2000
1280,1264596000,1264598000,2000
1281,1264598000,1264600000,2000
14000,1264600000,1264602000,2000
14001,1264602000,1264604000,2000
14002,1264604000,1264606000,2000
14003,1264606000,1264608000,2000
14004,1264608000,1264610000,2000
14005,1264610000,1264612000,2000
14006,1264612000,1264614000,2000
14007,1264614000,1264616000,2000
14008,1264616000,1264618000,2000
14009,1264618000,1264620000,2000
14010,1264620000,1264622000,2000
14011,1264622000,1264624000,2000
14012,1264624000,1264626000,2000
14013,1264626000,1264628000,2000
14014,1264628000,1264630000,2000
14015,1264630000,1264632000,2000
14016,1264632000,1264634000,2000
14017,1264634000,1264636000,2000
14018,1264636000,1264638000,2000
14019,1264638000,1264640000,2000
14020,1264640000,1264642000,2000
14021,1264642000,1264644000,2000
14022,1264644000,1264646000,2000
14023,1264646000,1264648000,2000
14024,1264648000,1264650000,2000
14025,1264650000,1264652000,2000
14026,1264652000,1264654000,2000
14027,1264654000,1264656000,2000
14028,1264656000,1264658000,2000
14029,1264658000,1264660000,2000
14030,1264660000,1264662000,2000
14031,1264662000,1264664000,2000
14032,1264664000,1264666000,2000
14033,1264666000,1264668000,2000
14034,1264668000,1264670000,2000
14035,1264670000,1264672000,2000
14036,1264672000,1264674000,2000
14037,1264674000,1264676000,2000
14038,1264676000,1264678000,2000
14039,1264678000,1264680000,2000
14040,1264680000,1264682000,2000
14041,1264682000,1264684000,2000
14042,1264684000,1264686000,2000
14043,1264686000,1264688000,2000
14044,1264688000,1264690000,2000
14045,1264690000,1264692000,2000
14046,1264692000,1264694000,2000
14047,1264694000,1264696000,2000
14048,1264696000,1264698000,2000
14049,1264698000,1264700000,2000
750,1264700000,1264702000,2000
751,1264702000,1264704000,2000
752,1264704000,1264706000,2000
753,1264706000,1264708000,2000
754,1264708000,1264710000,2000
755,1264710000,1264712000,2000
756,1264712000,1264714000,2000
757,1264714000,1264716000,2000
758,1264716000,1264718000,2000
759,1264718000,1264720000,2000
760,1264720000,1264722000,2000
761,1264722000,1264724000,2000
762,1264724000,1264726000,2000
763,1264726000,1264728000,2000
764,1264728000,1264730000,2000
765,1264730000,1264732000,2000
766,1264732000,1264734000,2000
767,1264734000,1264736000,2000
768,1264736000,1264738000,2000
769,1264738000,1264740000,2000
770,1264740000,1264742000,2000
771,1264742000,1264744000,2000
772,1264744000,1264746000,2000
773,1264746000,1264748000,2000
774,1264748000,1264750000,2000
775,1264750000,1264752000,2000
776,1264752000,1264754000,2000
777,1264754000,1264756000,2000
778,1264756000,1264758000,2000
779,1264758000,1264760000,2000
780,1264760000,1264762000,2000
781,1264762000,1264764000,2000
782,1264764000,1264766000,2000
783,1264766000,1264768000,2000
784,1264768000,1264770000,2000
785,1264770000,1264772000,2000
786,1264772000,1264774000,2000
787,1264774000,1264776000,2000
788,1264776000,1264778000,2000
789,1264778000,1264780000,2000
790,1264780000,1264782000,2000
791,1264782000,1264784000,2000
792,1264784000,1264786000,2000
793,1264786000,1264788000,2000
794,1264788000,1264790000,2000
795,1264790000,1264792000,2000
796,1264792000,1264794000,2000
797,1264794000,1264796000,2000
798,1264796000,1264798000,2000
799,1264798000,1264800000,2000
800,1264800000,1264802000,2000
801,1264802000,1264804000,2000
802,1264804000,1264806000,2000
803,1264806000,1264808000,2000
804,1264808000,1264810000,2000
805,1264810000,1264812000,2000
806,1264812000,1264814000,2000
807,1264814000,1264816000,2000
808,1264816000,1264818000,2000
809,1264818000,1264820000,2000
810,1264820000,1264822000,2000
811,1264822000,1264824000,2000
812,1264824000,1264826000,2000
813,1264826000,1264828000,2000
814,1264828000,1264830000,2000
815,1264830000,1264832000,2000
816,1264832000,1264834000,2000
817,1264834000,1264836000,2000
818,1264836000,1264838000,2000
819,1264838000,1264840000,2000
820,1264840000,1264842000,2000
821,1264842000,1264844000,2000
822,1264844000,1264846000,2000
823,1264846000,1264848000,2000
824,1264848000,1264850000,2000
825,1264850000,1264852000,2000
826,1264852000,1264854000,2000
827,1264854000,1264856000,2000
828,1264856000,1264858000,2000
829,1264858000,1264860000,2000
830,1264860000,1264862000,2000
831,1264862000,1264864000,2000
832,1264864000,1264866000,2000
833,1264866000,1264868000,2000
834,1264868000,1264870000,2000
835,1264870000,1264872000,2000
836,1264872000,1264874000,2000
837,1264874000,1264876000,2000
838,1264876000,1264878000,2000
839,1264878000,1264880000,2000
840,1264880000,1264882000,2000
841,1264882000,1264884000,2000
842,1264884000,1264886000,2000
843,1264886000,1264888000,2000
844,1264888000,1264890000,2000
845,1264890000,1264892000,2000
846,1264892000,1264894000,2000
847,1264894000,1264896000,2000
848,1264896000,1264898000,2000
849,1264898000,1264900000,2000
8784,1264900000,1264902000,2000
8785,1264902000,1264904000,2000
8786,1264904000,1264906000,2000
8787,1264906000,1264908000,2000
8788,1264908000,1264910000,2000
8789,1264910000,1264912000,2000
8790,1264912000,1264914000,2000
8791,1264914000,1264916000,2000
8792,1264916000,1264918000,2000
8793,1264918000,1264920000,2000
8794,1264920000,1264922000,2000
8795,1264922000,1264924000,2000
8796,1264924000,1264926000,2000
8797,1264926000,1264928000,2000
8798,1264928000,1264930000,2000
8799,1264930000,1264932000,2000
8800,1264932000,1264934000,2000
8801,1264934000,1264936000,2000
8802,1264936000,1264938000,2000
8803,1264938000,1264940000,2000
8804,1264940000,1264942000,2000
8805,1264942000,1264944000,2000
8806,1264944000,1264946000,2000
8807,1264946000,1264948000,2000
8808,1264948000,1264950000,2000
8809,1264950000,1264952000,2000
8810,1264952000,1264954000,2000
8811,1264954000,1264956000,2000
8812,1264956000,1264958000,2000
8813,1264958000,1264960000,2000
8814,1264960000,1264962000,2000
8815,1264962000,1264964000,2000
8816,1264964000,1264966000,2000
8817,1264966000,1264968000,2000
8818,1264968000,1264970000,2000
8819,1264970000,1264972000,2000
8820,1264972000,1264974000,2000
8821,1264974000,1264976000,2000
8822,1264976000,1264978000,2000
8823,1264978000,1264980000,2000
8824,1264980000,1264982000,2000
8825,1264982000,1264984000,2000
8826,1264984000,1264986000,2000
8827,1264986000,1264988000,2000
8828,1264988000,1264990000,2000
8829,1264990000,1264992000,2000
8830,1264992000,1264994000,2000
8831,1264994000,1264996000,2000
8832,1264996000,1264998000,2000
8833,1264998000,1265000000,2000
13900,1265000000,1265002000,2000
13901,1265002000,1265004000,2000
13902,1265004000,1265006000,2000
13903,1265006000,1265008000,2000
13904,1265008000,1265010000,2000
13905,1265010000,1265012000,2000
13906,1265012000,1265014000,2000
13907,1265014000,1265016000,2000
13908,1265016000,1265018000,2000
13909,1265018000,1265020000,2000
13910,1265020000,1265022000,2000
13911,1265022000,1265024000,2000
13912,1265024000,1265026000,2000
13913,1265026000,1265028000,2000
13914,1265028000,1265030000,2000
13915,1265030000,1265032000,2000
13916,1265032000,1265034000,2000
13917,1265034000,1265036000,2000
13918,1265036000,1265038000,2000
13919,1265038000,1265040000,2000
13920,1265040000,1265042000,2000
13921,1265042000,1265044000,2000
13922,1265044000,1265046000,2000
13923,1265046000,1265048000,2000
13924,1265048000,1265050000,2000
13925,1265050000,1265052000,2000
13926,1265052000,1265054000,2000
13927,1265054000,1265056000,2000
13928,1265056000,1265058000,2000
13929,1265058000,1265060000,2000
13930,1265060000,1265062000,2000
13931,1265062000,1265064000,2000
13932,1265064000,1265066000,2000
13933,1265066000,1265068000,2000
13934,1265068000,1265070000,2000
13935,1265070000,1265072000,2000
13936,1265072000,1265074000,2000
13937,1265074000,1265076000,2000
13938,1265076000,1265078000,2000
13939,1265078000,1265080000,2000
13940,1265080000,1265082000,2000
13941,1265082000,1265084000,2000
13942,1265084000,1265086000,2000
13943,1265086000,1265088000,2000
13944,1265088000,1265090000,2000
13945,1265090000,1265092000,2000
13946,1265092000,1265094000,2000
13947,1265094000,1265096000,2000
13948,1265096000,1265098000,2000
13949,1265098000,1265100000,2000
8484,1265100000,1265102000,2000
8485,1265102000,1265104000,2000
8486,1265104000,1265106000,2000
8487,1265106000,1265108000,2000
8488,1265108000,1265110000,2000
8489,1265110000,1265112000,2000
8490,1265112000,1265114000,2000
8491,1265114000,1265116000,2000
8492,1265116000,1265118000,2000
8493,1265118000,1265120000,2000
8494,1265120000,1265122000,2000
8495,1265122000,1265124000,2000
8496,1265124000,1265126000,2000
8497,1265126000,1265128000,2000
8498,1265128000,1265130000,2000
8499,1265130000,1265132000,2000
8500,1265132000,1265134000,2000
8501,1265134000,1265136000,2000
8502,1265136000,1265138000,2000
8503,1265138000,1265140000,2000
8504,1265140000,1265142000,2000
8505,1265142000,1265144000,2000
8506,1265144000,1265146000,2000
8507,1265146000,1265148000,2000
8508,1265148000,1265150000,2000
8509,1265150000,1265152000,2000
8510,1265152000,1265154000,2000
8511,1265154000,1265156000,2000
8512,1265156000,1265158000,2000
8513,1265158000,1265160000,2000
8514,1265160000,1265162000,2000
8515,1265162000,1265164000,2000
8516,1265164000,1265166000,2000
8517,1265166000,1265168000,2000
8518,1265168000,1265170000,2000
8519,1265170000,1265172000,2000
8520,1265172000,1265174000,2000
8521,1265174000,1265176000,2000
8522,1265176000,1265178000,2000
8523,1265178000,1265180000,2000
8524,1265180000,1265182000,2000
8525,1265182000,1265184000,2000
8526,1265184000,1265186000,2000
8527,1265186000,1265188000,2000
8528,1265188000,1265190000,2000
8529,1265190000,1265192000,2000
8530,1265192000,1265194000,2000
8531,1265194000,1265196000,2000
8532,1265196000,1265198000,2000
8533,1265198000,1265200000,2000
15150,1265200000,1265202000,2000
15151,1265202000,1265204000,2000
15152,1265204000,1265206000,2000
15153,1265206000,1265208000,2000
15154,1265208000,1265210000,2000
15155,1265210000,1265212000,2000
15156,1265212000,1265214000,2000
15157,1265214000,1265216000,2000
15158,1265216000,1265218000,2000
15159,1265218000,1265220000,2000
15160,1265220000,1265222000,2000
15161,1265222000,1265224000,2000
15162,1265224000,1265226000,2000
15163,1265226000,1265228000,2000
15164,1265228000,1265230000,2000
15165,1265230000,1265232000,2000
15166,1265232000,1265234000,2000
15167,1265234000,1265236000,2000
15168,1265236000,1265238000,2000
15169,1265238000,1265240000,2000
15170,1265240000,1265242000,2000
15171,1265242000,1265244000,2000
15172,1265244000,1265246000,2000
15173,1265246000,1265248000,2000
15174,1265248000,1265250000,2000
15175,1265250000,1265252000,2000
15176,1265252000,1265254000,2000
15177,1265254000,1265256000,2000
15178,1265256000,1265258000,2000
15179,1265258000,1265260000,2000
15180,1265260000,1265262000,2000
15181,1265262000,1265264000,2000
15182,1265264000,1265266000,2000
15183,1265266000,1265268000,2000
15184,1265268000,1265270000,2000
15185,1265270000,1265272000,2000
15186,1265272000,1265274000,2000
15187,1265274000,1265276000,2000
15188,1265276000,1265278000,2000
15189,1265278000,1265280000,2000
15190,1265280000,1265282000,2000
15191,1265282000,1265284000,2000
15192,1265284000,1265286000,2000
15193,1265286000,1265288000,2000
15194,1265288000,1265290000,2000
15195,1265290000,1265292000,2000
15196,1265292000,1265294000,2000
15197,1265294000,1265296000,2000
15198,1265296000,1265298000,2000
15199,1265298000,1265300000,2000
7734,1265300000,1265302000,2000
7735,1265302000,1265304000,2000
7736,1265304000,1265306000,2000
7737,1265306000,1265308000,2000
7738,1265308000,1265310000,2000
7739,1265310000,1265312000,2000
7740,1265312000,1265314000,2000
7741,1265314000,1265316000,2000
7742,1265316000,1265318000,2000
7743,1265318000,1265320000,2000
7744,1265320000,1265322000,2000
7745,1265322000,1265324000,2000
7746,1265324000,1265326000,2000
7747,1265326000,1265328000,2000
7748,1265328000,1265330000,2000
7749,1265330000,1265332000,2000
7750,1265332000,1265334000,2000
7751,1265334000,1265336000,2000
7752,1265336000,1265338000,2000
7753,1265338000,1265340000,2000
7754,1265340000,1265342000,2000
7755,1265342000,1265344000,2000
7756,1265344000,1265346000,2000
7757,1265346000,1265348000,2000
7758,1265348000,1265350000,2000
7759,1265350000,1265352000,2000
7760,1265352000,1265354000,2000
7761,1265354000,1265356000,2000
7762,1265356000,1265358000,2000
7763,1265358000,1265360000,2000
7764,1265360000,1265362000,2000
7765,1265362000,1265364000,2000
7766,1265364000,1265366000,2000
7767,1265366000,1265368000,2000
7768,1265368000,1265370000,2000
7769,1265370000,1265372000,2000
7770,1265372000,1265374000,2000
7771,1265374000,1265376000,2000
7772,1265376000,1265378000,2000
7773,1265378000,1265380000,2000
7774,1265380000,1265382000,2000
7775,1265382000,1265384000,2000
7776,1265384000,1265386000,2000
7777,1265386000,1265388000,2000
7778,1265388000,1265390000,2000
7779,1265390000,1265392000,2000
7780,1265392000,1265394000,2000
7781,1265394000,1265396000,2000
7782,1265396000,1265398000,2000
7783,1265398000,1265400000,2000
5382,1265400000,1265402000,2000
5383,1265402000,1265404000,2000
5384,1265404000,1265406000,2000
5385,1265406000,1265408000,2000
5386,1265408000,1265410000,2000
5387,1265410000,1265412000,2000
5388,1265412000,1265414000,2000
5389,1265414000,1265416000,2000
5390,1265416000,1265418000,2000
5391,1265418000,1265420000,2000
5392,1265420000,1265422000,2000
5393,1265422000,1265424000,2000
5394,1265424000,1265426000,2000
5395,1265426000,1265428000,2000
5396,1265428000,1265430000,2000
5397,1265430000,1265432000,2000
5398,1265432000,1265434000,2000
5399,1265434000,1265436000,2000
5400,1265436000,1265438000,2000
5401,1265438000,1265440000,2000
5402,1265440000,1265442000,2000
5403,1265442000,1265444000,2000
5404,1265444000,1265446000,2000
5405,1265446000,1265448000,2000
5406,1265448000,1265450000,2000
5407,1265450000,1265452000,2000
5408,1265452000,1265454000,2000
5409,1265454000,1265456000,2000
5410,1265456000,1265458000,2000
5411,1265458000,1265460000,2000
5412,1265460000,1265462000,2000
5413,1265462000,1265464000,2000
5414,1265464000,1265466000,2000
5415,1265466000,1265468000,2000
5416,1265468000,1265470000,2000
5417,1265470000,1265472000,2000
5418,1265472000,1265474000,2000
5419,1265474000,1265476000,2000
5420,1265476000,1265478000,2000
5421,1265478000,1265480000,2000
5422,1265480000,1265482000,2000
5423,1265482000,1265484000,2000
5424,1265484000,1265486000,2000
5425,1265486000,1265488000,2000
5426,1265488000,1265490000,2000
5427,1265490000,1265492000,2000
5428,1265492000,1265494000,2000
5429,1265494000,1265496000,2000
5430,1265496000,1265498000,2000
5431,1265498000,1265500000,2000
15550,1265500000,1265502000,2000
15551,1265502000,1265504000,2000
15552,1265504000,1265506000,2000
15553,1265506000,1265508000,2000
15554,1265508000,1265510000,2000
15555,1265510000,1265512000,2000
15556,1265512000,1265514000,2000
15557,1265514000,1265516000,2000
15558,1265516000,1265518000,2000
15559,1265518000,1265520000,2000
15560,1265520000,1265522000,2000
15561,1265522000,1265524000,2000
15562,1265524000,1265526000,2000
15563,1265526000,1265528000,2000
15564,1265528000,1265530000,2000
15565,1265530000,1265532000,2000
15566,1265532000,1265534000,2000
15567,1265534000,1265536000,2000
15568,1265536000,1265538000,2000
15569,1265538000,1265540000,2000
15570,1265540000,1265542000,2000
15571,1265542000,1265544000,2000
15572,1265544000,1265546000,2000
15573,1265546000,1265548000,2000
15574,1265548000,1265550000,2000
15575,1265550000,1265552000,2000
15576,1265552000,1265554000,2000
15577,1265554000,1265556000,2000
15578,1265556000,1265558000,2000
15579,1265558000,1265560000,2000
15580,1265560000,1265562000,2000
15581,1265562000,1265564000,2000
15582,1265564000,1265566000,2000
15583,1265566000,1265568000,2000
15584,1265568000,1265570000,2000
15585,1265570000,1265572000,2000
15586,1265572000,1265574000,2000
15587,1265574000,1265576000,2000
15588,1265576000,1265578000,2000
15589,1265578000,1265580000,2000
15590,1265580000,1265582000,2000
15591,1265582000,1265584000,2000
15592,1265584000,1265586000,2000
15593,1265586000,1265588000,2000
15594,1265588000,1265590000,2000
15595,1265590000,1265592000,2000
15596,1265592000,1265594000,2000
15597,1265594000,1265596000,2000
15598,1265596000,1265598000,2000
15599,1265598000,1265600000,2000
13800,1265600000,1265602000,2000
13801,1265602000,1265604000,2000
13802,1265604000,1265606000,2000
13803,1265606000,1265608000,2000
13804,1265608000,1265610000,2000
13805,1265610000,1265612000,2000
13806,1265612000,1265614000,2000
13807,1265614000,1265616000,2000
13808,1265616000,1265618000,2000
13809,1265618000,1265620000,2000
13810,1265620000,1265622000,2000
13811,1265622000,1265624000,2000
13812,1265624000,1265626000,2000
13813,1265626000,1265628000,2000
13814,1265628000,1265630000,2000
13815,1265630000,1265632000,2000
13816,1265632000,1265634000,2000
13817,1265634000,1265636000,2000
13818,1265636000,1265638000,2000
13819,1265638000,1265640000,2000
13820,1265640000,1265642000,2000
13821,1265642000,1265644000,2000
13822,1265644000,1265646000,2000
13823,1265646000,1265648000,2000
13824,1265648000,1265650000,2000
13825,1265650000,1265652000,2000
13826,1265652000,1265654000,2000
13827,1265654000,1265656000,2000
13828,1265656000,1265658000,2000
13829,1265658000,1265660000,2000
13830,1265660000,1265662000,2000
13831,1265662000,1265664000,2000
13832,1265664000,1265666000,2000
13833,1265666000,1265668000,2000
13834,1265668000,1265670000,2000
13835,1265670000,1265672000,2000
13836,1265672000,1265674000,2000
13837,1265674000,1265676000,2000
13838,1265676000,1265678000,2000
13839,1265678000,1265680000,2000
13840,1265680000,1265682000,2000
13841,1265682000,1265684000,2000
13842,1265684000,1265686000,2000
13843,1265686000,1265688000,2000
13844,1265688000,1265690000,2000
13845,1265690000,1265692000,2000
13846,1265692000,1265694000,2000
13847,1265694000,1265696000,2000
13848,1265696000,1265698000,2000
13849,1265698000,1265700000,2000
15300,1265700000,1265702000,2000
15301,1265702000,1265704000,2000
15302,1265704000,1265706000,2000
15303,1265706000,1265708000,2000
15304,1265708000,1265710000,2000
15305,1265710000,1265712000,2000
15306,1265712000,1265714000,2000
15307,1265714000,1265716000,2000
15308,1265716000,1265718000,2000
15309,1265718000,1265720000,2000
15310,1265720000,1265722000,2000
15311,1265722000,1265724000,2000
15312,1265724000,1265726000,2000
15313,1265726000,1265728000,2000
15314,1265728000,1265730000,2000
15315,1265730000,1265732000,2000
15316,1265732000,1265734000,2000
15317,1265734000,1265736000,2000
15318,1265736000,1265738000,2000
15319,1265738000,1265740000,2000
15320,1265740000,1265742000,2000
15321,1265742000,1265744000,2000
15322,1265744000,1265746000,2000
15323,1265746000,1265748000,2000
15324,1265748000,1265750000,2000
15325,1265750000,1265752000,2000
15326,1265752000,1265754000,2000
15327,1265754000,1265756000,2000
15328,1265756000,1265758000,2000
15329,1265758000,1265760000,2000
15330,1265760000,1265762000,2000
15331,1265762000,1265764000,2000
15332,1265764000,1265766000,2000
15333,1265766000,1265768000,2000
15334,1265768000,1265770000,2000
15335,1265770000,1265772000,2000
15336,1265772000,1265774000,2000
15337,1265774000,1265776000,2000
15338,1265776000,1265778000,2000
15339,1265778000,1265780000,2000
15340,1265780000,1265782000,2000
15341,1265782000,1265784000,2000
15342,1265784000,1265786000,2000
15343,1265786000,1265788000,2000
15344,1265788000,1265790000,2000
15345,1265790000,1265792000,2000
15346,1265792000,1265794000,2000
15347,1265794000,1265796000,2000
15348,1265796000,1265798000,2000
15349,1265798000,1265800000,2000
15400,1265800000,1265802000,2000
15401,1265802000,1265804000,2000
15402,1265804000,1265806000,2000
15403,1265806000,1265808000,2000
15404,1265808000,1265810000,2000
15405,1265810000,1265812000,2000
15406,1265812000,1265814000,2000
15407,1265814000,1265816000,2000
15408,1265816000,1265818000,2000
15409,1265818000,1265820000,2000
15410,1265820000,1265822000,2000
15411,1265822000,1265824000,2000
15412,1265824000,1265826000,2000
15413,1265826000,1265828000,2000
15414,1265828000,1265830000,2000
15415,1265830000,1265832000,2000
15416,1265832000,1265834000,2000
15417,1265834000,1265836000,2000
15418,1265836000,1265838000,2000
15419,1265838000,1265840000,2000
15420,1265840000,1265842000,2000
15421,1265842000,1265844000,2000
15422,1265844000,1265846000,2000
15423,1265846000,1265848000,2000
15424,1265848000,1265850000,2000
15425,1265850000,1265852000,2000
15426,1265852000,1265854000,2000
15427,1265854000,1265856000,2000
15428,1265856000,1265858000,2000
15429,1265858000,1265860000,2000
15430,1265860000,1265862000,2000
15431,1265862000,1265864000,2000
15432,1265864000,1265866000,2000
15433,1265866000,1265868000,2000
15434,1265868000,1265870000,2000
15435,1265870000,1265872000,2000
15436,1265872000,1265874000,2000
15437,1265874000,1265876000,2000
15438,1265876000,1265878000,2000
15439,1265878000,1265880000,2000
15440,1265880000,1265882000,2000
15441,1265882000,1265884000,2000
15442,1265884000,1265886000,2000
15443,1265886000,1265888000,2000
15444,1265888000,1265890000,2000
15445,1265890000,1265892000,2000
15446,1265892000,1265894000,2000
15447,1265894000,1265896000,2000
15448,1265896000,1265898000,2000
15449,1265898000,1265900000,2000
2582,1265900000,1265902000,2000
2583,1265902000,1265904000,2000
2584,1265904000,1265906000,2000
2585,1265906000,1265908000,2000
2586,1265908000,1265910000,2000
2587,1265910000,1265912000,2000
2588,1265912000,1265914000,2000
2589,1265914000,1265916000,2000
2590,1265916000,1265918000,2000
2591,1265918000,1265920000,2000
2592,1265920000,1265922000,2000
2593,1265922000,1265924000,2000
2594,1265924000,1265926000,2000
2595,1265926000,1265928000,2000
2596,1265928000,1265930000,2000
2597,1265930000,1265932000,2000
2598,1265932000,1265934000,2000
2599,1265934000,1265936000,2000
2600,1265936000,1265938000,2000
2601,1265938000,1265940000,2000
2602,1265940000,1265942000,2000
2603,1265942000,1265944000,2000
2604,1265944000,1265946000,2000
2605,1265946000,1265948000,2000
2606,1265948000,1265950000,2000
2607,1265950000,1265952000,2000
2608,1265952000,1265954000,2000
2609,1265954000,1265956000,2000
2610,1265956000,1265958000,2000
2611,1265958000,1265960000,2000
2612,1265960000,1265962000,2000
2613,1265962000,1265964000,2000
2614,1265964000,1265966000,2000
2615,1265966000,1265968000,2000
2616,1265968000,1265970000,2000
2617,1265970000,1265972000,2000
2618,1265972000,1265974000,2000
2619,1265974000,1265976000,2000
2620,1265976000,1265978000,2000
2621,1265978000,1265980000,2000
2622,1265980000,1265982000,2000
2623,1265982000,1265984000,2000
2624,1265984000,1265986000,2000
2625,1265986000,1265988000,2000
2626,1265988000,1265990000,2000
2627,1265990000,1265992000,2000
2628,1265992000,1265994000,2000
2629,1265994000,1265996000,2000
2630,1265996000,1265998000,2000
2631,1265998000,1266000000,2000
2132,1266000000,1266002000,2000
2133,1266002000,1266004000,2000
2134,1266004000,1266006000,2000
2135,1266006000,1266008000,2000
2136,1266008000,1266010000,2000
2137,1266010000,1266012000,2000
2138,1266012000,1266014000,2000
2139,1266014000,1266016000,2000
2140,1266016000,1266018000,2000
2141,1266018000,1266020000,2000
2142,1266020000,1266022000,2000
2143,1266022000,1266024000,2000
2144,1266024000,1266026000,2000
2145,1266026000,1266028000,2000
2146,1266028000,1266030000,2000
2147,1266030000,1266032000,2000
2148,1266032000,1266034000,2000
2149,1266034000,1266036000,2000
2150,1266036000,1266038000,2000
2151,1266038000,1266040000,2000
2152,1266040000,1266042000,2000
2153,1266042000,1266044000,2000
2154,1266044000,1266046000,2000
2155,1266046000,1266048000,2000
2156,1266048000,1266050000,2000
2157,1266050000,1266052000,2000
2158,1266052000,1266054000,2000
2159,1266054000,1266056000,2000
2160,1266056000,1266058000,2000
2161,1266058000,1266060000,2000
2162,1266060000,1266062000,2000
2163,1266062000,1266064000,2000
2164,1266064000,1266066000,2000
2165,1266066000,1266068000,2000
2166,1266068000,1266070000,2000
2167,1266070000,1266072000,2000
2168,1266072000,1266074000,2000
2169,1266074000,1266076000,2000
2170,1266076000,1266078000,2000
2171,1266078000,1266080000,2000
2172,1266080000,1266082000,2000
2173,1266082000,1266084000,2000
2174,1266084000,1266086000,2000
2175,1266086000,1266088000,2000
2176,1266088000,1266090000,2000
2177,1266090000,1266092000,2000
2178,1266092000,1266094000,2000
2179,1266094000,1266096000,2000
2180,1266096000,1266098000,2000
2181,1266098000,1266100000,2000
2382,1266100000,1266102000,2000
2383,1266102000,1266104000,2000
2384,1266104000,1266106000,2000
2385,1266106000,1266108000,2000
2386,1266108000,1266110000,2000
2387,1266110000,1266112000,2000
2388,1266112000,1266114000,2000
2389,1266114000,1266116000,2000
2390,1266116000,1266118000,2000
2391,1266118000,1266120000,2000
2392,1266120000,1266122000,2000
2393,1266122000,1266124000,2000
2394,1266124000,1266126000,2000
2395,1266126000,1266128000,2000
2396,1266128000,1266130000,2000
2397,1266130000,1266132000,2000
2398,1266132000,1266134000,2000
2399,1266134000,1266136000,2000
2400,1266136000,1266138000,2000
2401,1266138000,1266140000,2000
2402,1266140000,1266142000,2000
2403,1266142000,1266144000,2000
2404,1266144000,1266146000,2000
2405,1266146000,1266148000,2000
2406,1266148000,1266150000,2000
2407,1266150000,1266152000,2000
2408,1266152000,1266154000,2000
2409,1266154000,1266156000,2000
2410,1266156000,1266158000,2000
2411,1266158000,1266160000,2000
2412,1266160000,1266162000,2000
2413,1266162000,1266164000,2000
2414,1266164000,1266166000,2000
2415,1266166000,1266168000,2000
2416,1266168000,1266170000,2000
2417,1266170000,1266172000,2000
2418,1266172000,1266174000,2000
2419,1266174000,1266176000,2000
2420,1266176000,1266178000,2000
2421,1266178000,1266180000,2000
2422,1266180000,1266182000,2000
2423,1266182000,1266184000,2000
2424,1266184000,1266186000,2000
2425,1266186000,1266188000,2000
2426,1266188000,1266190000,2000
2427,1266190000,1266192000,2000
2428,1266192000,1266194000,2000
2429,1266194000,1266196000,2000
2430,1266196000,1266198000,2000
2431,1266198000,1266200000,2000
2832,1266200000,1266202000,2000
2833,1266202000,1266204000,2000
2834,1266204000,1266206000,2000
2835,1266206000,1266208000,2000
2836,1266208000,1266210000,2000
2837,1266210000,1266212000,2000
2838,1266212000,1266214000,2000
2839,1266214000,1266216000,2000
2840,1266216000,1266218000,2000
2841,1266218000,1266220000,2000
2842,1266220000,1266222000,2000
2843,1266222000,1266224000,2000
2844,1266224000,1266226000,2000
2845,1266226000,1266228000,2000
2846,1266228000,1266230000,2000
2847,1266230000,1266232000,2000
2848,1266232000,1266234000,2000
2849,1266234000,1266236000,2000
2850,1266236000,1266238000,2000
2851,1266238000,1266240000,2000
2852,1266240000,1266242000,2000
2853,1266242000,1266244000,2000
2854,1266244000,1266246000,2000
2855,1266246000,1266248000,2000
2856,1266248000,1266250000,2000
2857,1266250000,1266252000,2000
2858,1266252000,1266254000,2000
2859,1266254000,1266256000,2000
2860,1266256000,1266258000,2000
2861,1266258000,1266260000,2000
2862,1266260000,1266262000,2000
2863,1266262000,1266264000,2000
2864,1266264000,1266266000,2000
2865,1266266000,1266268000,2000
2866,1266268000,1266270000,2000
2867,1266270000,1266272000,2000
2868,1266272000,1266274000,2000
2869,1266274000,1266276000,2000
2870,1266276000,1266278000,2000
2871,1266278000,1266280000,2000
2872,1266280000,1266282000,2000
2873,1266282000,1266284000,2000
2874,1266284000,1266286000,2000
2875,1266286000,1266288000,2000
2876,1266288000,1266290000,2000
2877,1266290000,1266292000,2000
2878,1266292000,1266294000,2000
2879,1266294000,1266296000,2000
2880,1266296000,1266298000,2000
2881,1266298000,1266300000,2000
15350,1266300000,1266302000,2000
15351,1266302000,1266304000,2000
15352,1266304000,1266306000,2000
15353,1266306000,1266308000,2000
15354,1266308000,1266310000,2000
15355,1266310000,1266312000,2000
15356,1266312000,1266314000,2000
15357,1266314000,1266316000,2000
15358,1266316000,1266318000,2000
15359,1266318000,1266320000,2000
15360,1266320000,1266322000,2000
15361,1266322000,1266324000,2000
15362,1266324000,1266326000,2000
15363,1266326000,1266328000,2000
15364,1266328000,1266330000,2000
15365,1266330000,1266332000,2000
15366,1266332000,1266334000,2000
15367,1266334000,1266336000,2000
15368,1266336000,1266338000,2000
15369,1266338000,1266340000,2000
15370,1266340000,1266342000,2000
15371,1266342000,1266344000,2000
15372,1266344000,1266346000,2000
15373,1266346000,1266348000,2000
15374,1266348000,1266350000,2000
15375,1266350000,1266352000,2000
15376,1266352000,1266354000,2000
15377,1266354000,1266356000,2000
15378,1266356000,1266358000,2000
15379,1266358000,1266360000,2000
15380,1266360000,1266362000,2000
15381,1266362000,1266364000,2000
15382,1266364000,1266366000,2000
15383,1266366000,1266368000,2000
15384,1266368000,1266370000,2000
15385,1266370000,1266372000,2000
15386,1266372000,1266374000,2000
15387,1266374000,1266376000,2000
15388,1266376000,1266378000,2000
15389,1266378000,1266380000,2000
15390,1266380000,1266382000,2000
15391,1266382000,1266384000,2000
15392,1266384000,1266386000,2000
15393,1266386000,1266388000,2000
15394,1266388000,1266390000,2000
15395,1266390000,1266392000,2000
15396,1266392000,1266394000,2000
15397,1266394000,1266396000,2000
15398,1266396000,1266398000,2000
15399,1266398000,1266400000,2000
13500,1266400000,1266402000,2000
13501,1266402000,1266404000,2000
13502,1266404000,1266406000,2000
13503,1266406000,1266408000,2000
13504,1266408000,1266410000,2000
13505,1266410000,1266412000,2000
13506,1266412000,1266414000,2000
13507,1266414000,1266416000,2000
13508,1266416000,1266418000,2000
13509,1266418000,1266420000,2000
13510,1266420000,1266422000,2000
13511,1266422000,1266424000,2000
13512,1266424000,1266426000,2000
13513,1266426000,1266428000,2000
13514,1266428000,1266430000,2000
13515,1266430000,1266432000,2000
13516,1266432000,1266434000,2000
13517,1266434000,1266436000,2000
13518,1266436000,1266438000,2000
13519,1266438000,1266440000,2000
13520,1266440000,1266442000,2000
13521,1266442000,1266444000,2000
13522,1266444000,1266446000,2000
13523,1266446000,1266448000,2000
13524,1266448000,1266450000,2000
13525,1266450000,1266452000,2000
13526,1266452000,1266454000,2000
13527,1266454000,1266456000,2000
13528,1266456000,1266458000,2000
13529,1266458000,1266460000,2000
13530,1266460000,1266462000,2000
13531,1266462000,1266464000,2000
13532,1266464000,1266466000,2000
13533,1266466000,1266468000,2000
13534,1266468000,1266470000,2000
13535,1266470000,1266472000,2000
13536,1266472000,1266474000,2000
13537,1266474000,1266476000,2000
13538,1266476000,1266478000,2000
13539,1266478000,1266480000,2000
13540,1266480000,1266482000,2000
13541,1266482000,1266484000,2000
13542,1266484000,1266486000,2000
13543,1266486000,1266488000,2000
13544,1266488000,1266490000,2000
13545,1266490000,1266492000,2000
13546,1266492000,1266494000,2000
13547,1266494000,1266496000,2000
13548,1266496000,1266498000,2000
13549,1266498000,1266500000,2000
5882,1266500000,1266502000,2000
5883,1266502000,1266504000,2000
5884,1266504000,1266506000,2000
5885,1266506000,1266508000,2000
5886,1266508000,1266510000,2000
5887,1266510000,1266512000,2000
5888,1266512000,1266514000,2000
5889,1266514000,1266516000,2000
5890,1266516000,1266518000,2000
5891,1266518000,1266520000,2000
5892,1266520000,1266522000,2000
5893,1266522000,1266524000,2000
5894,1266524000,1266526000,2000
5895,1266526000,1266528000,2000
5896,1266528000,1266530000,2000
5897,1266530000,1266532000,2000
5898,1266532000,1266534000,2000
5899,1266534000,1266536000,2000
5900,1266536000,1266538000,2000
5901,1266538000,1266540000,2000
5902,1266540000,1266542000,2000
5903,1266542000,1266544000,2000
5904,1266544000,1266546000,2000
5905,1266546000,1266548000,2000
5906,1266548000,1266550000,2000
5907,1266550000,1266552000,2000
5908,1266552000,1266554000,2000
5909,1266554000,1266556000,2000
5910,1266556000,1266558000,2000
5911,1266558000,1266560000,2000
5912,1266560000,1266562000,2000
5913,1266562000,1266564000,2000
5914,1266564000,1266566000,2000
5915,1266566000,1266568000,2000
5916,1266568000,1266570000,2000
5917,1266570000,1266572000,2000
5918,1266572000,1266574000,2000
5919,1266574000,1266576000,2000
5920,1266576000,1266578000,2000
5921,1266578000,1266580000,2000
5922,1266580000,1266582000,2000
5923,1266582000,1266584000,2000
5924,1266584000,1266586000,2000
5925,1266586000,1266588000,2000
5926,1266588000,1266590000,2000
5927,1266590000,1266592000,2000
5928,1266592000,1266594000,2000
5929,1266594000,1266596000,2000
5930,1266596000,1266598000,2000
5931,1266598000,1266600000,2000
1182,1266600000,1266602000,2000
1183,1266602000,1266604000,2000
1184,1266604000,1266606000,2000
1185,1266606000,1266608000,2000
1186,1266608000,1266610000,2000
1187,1266610000,1266612000,2000
1188,1266612000,1266614000,2000
1189,1266614000,1266616000,2000
1190,1266616000,1266618000,2000
1191,1266618000,1266620000,2000
1192,1266620000,1266622000,2000
1193,1266622000,1266624000,2000
1194,1266624000,1266626000,2000
1195,1266626000,1266628000,2000
1196,1266628000,1266630000,2000
1197,1266630000,1266632000,2000
1198,1266632000,1266634000,2000
1199,1266634000,1266636000,2000
1200,1266636000,1266638000,2000
1201,1266638000,1266640000,2000
1202,1266640000,1266642000,2000
1203,1266642000,1266644000,2000
1204,1266644000,1266646000,2000
1205,1266646000,1266648000,2000
1206,1266648000,1266650000,2000
1207,1266650000,1266652000,2000
1208,1266652000,1266654000,2000
1209,1266654000,1266656000,2000
1210,1266656000,1266658000,2000
1211,1266658000,1266660000,2000
1212,1266660000,1266662000,2000
1213,1266662000,1266664000,2000
1214,1266664000,1266666000,2000
1215,1266666000,1266668000,2000
1216,1266668000,1266670000,2000
1217,1266670000,1266672000,2000
1218,1266672000,1266674000,2000
1219,1266674000,1266676000,2000
1220,1266676000,1266678000,2000
1221,1266678000,1266680000,2000
1222,1266680000,1266682000,2000
1223,1266682000,1266684000,2000
1224,1266684000,1266686000,2000
1225,1266686000,1266688000,2000
1226,1266688000,1266690000,2000
1227,1266690000,1266692000,2000
1228,1266692000,1266694000,2000
1229,1266694000,1266696000,2000
1230,1266696000,1266698000,2000
1231,1266698000,1266700000,2000
3632,1266700000,1266702000,2000
3633,1266702000,1266704000,2000
3634,1266704000,1266706000,2000
3635,1266706000,1266708000,2000
3636,1266708000,1266710000,2000
3637,1266710000,1266712000,2000
3638,1266712000,1266714000,2000
3639,1266714000,1266716000,2000
3640,1266716000,1266718000,2000
3641,1266718000,1266720000,2000
3642,1266720000,1266722000,2000
3643,1266722000,1266724000,2000
3644,1266724000,1266726000,2000
3645,1266726000,1266728000,2000
3646,1266728000,1266730000,2000
3647,1266730000,1266732000,2000
3648,1266732000,1266734000,2000
3649,1266734000,1266736000,2000
3650,1266736000,1266738000,2000
3651,1266738000,1266740000,2000
3652,1266740000,1266742000,2000
3653,1266742000,1266744000,2000
3654,1266744000,1266746000,2000
3655,1266746000,1266748000,2000
3656,1266748000,1266750000,2000
3657,1266750000,1266752000,2000
3658,1266752000,1266754000,2000
3659,1266754000,1266756000,2000
3660,1266756000,1266758000,2000
3661,1266758000,1266760000,2000
3662,1266760000,1266762000,2000
3663,1266762000,1266764000,2000
3664,1266764000,1266766000,2000
3665,1266766000,1266768000,2000
3666,1266768000,1266770000,2000
3667,1266770000,1266772000,2000
3668,1266772000,1266774000,2000
3669,1266774000,1266776000,2000
3670,1266776000,1266778000,2000
3671,1266778000,1266780000,2000
3672,1266780000,1266782000,2000
3673,1266782000,1266784000,2000
3674,1266784000,1266786000,2000
3675,1266786000,1266788000,2000
3676,1266788000,1266790000,2000
3677,1266790000,1266792000,2000
3678,1266792000,1266794000,2000
3679,1266794000,1266796000,2000
3680,1266796000,1266798000,2000
3681,1266798000,1266800000,2000
11132,1266800000,1266802000,2000
11133,1266802000,1266804000,2000
11134,1266804000,1266806000,2000
11135,1266806000,1266808000,2000
11136,1266808000,1266810000,2000
11137,1266810000,1266812000,2000
11138,1266812000,1266814000,2000
11139,1266814000,1266816000,2000
11140,1266816000,1266818000,2000
11141,1266818000,1266820000,2000
11142,1266820000,1266822000,2000
11143,1266822000,1266824000,2000
11144,1266824000,1266826000,2000
11145,1266826000,1266828000,2000
11146,1266828000,1266830000,2000
11147,1266830000,1266832000,2000
11148,1266832000,1266834000,2000
11149,1266834000,1266836000,2000
11150,1266836000,1266838000,2000
11151,1266838000,1266840000,2000
11152,1266840000,1266842000,2000
11153,1266842000,1266844000,2000
11154,1266844000,1266846000,2000
11155,1266846000,1266848000,2000
11156,1266848000,1266850000,2000
11157,1266850000,1266852000,2000
11158,1266852000,1266854000,2000
11159,1266854000,1266856000,2000
11160,1266856000,1266858000,2000
11161,1266858000,1266860000,2000
11162,1266860000,1266862000,2000
11163,1266862000,1266864000,2000
11164,1266864000,1266866000,2000
11165,1266866000,1266868000,2000
11166,1266868000,1266870000,2000
11167,1266870000,1266872000,2000
11168,1266872000,1266874000,2000
11169,1266874000,1266876000,2000
11170,1266876000,1266878000,2000
11171,1266878000,1266880000,2000
11172,1266880000,1266882000,2000
11173,1266882000,1266884000,2000
11174,1266884000,1266886000,2000
11175,1266886000,1266888000,2000
11176,1266888000,1266890000,2000
11177,1266890000,1266892000,2000
11178,1266892000,1266894000,2000
11179,1266894000,1266896000,2000
11180,1266896000,1266898000,2000
11181,1266898000,1266900000,2000
7884,1266900000,1266902000,2000
7885,1266902000,1266904000,2000
7886,1266904000,1266906000,2000
7887,1266906000,1266908000,2000
7888,1266908000,1266910000,2000
7889,1266910000,1266912000,2000
7890,1266912000,1266914000,2000
7891,1266914000,1266916000,2000
7892,1266916000,1266918000,2000
7893,1266918000,1266920000,2000
7894,1266920000,1266922000,2000
7895,1266922000,1266924000,2000
7896,1266924000,1266926000,2000
7897,1266926000,1266928000,2000
7898,1266928000,1266930000,2000
7899,1266930000,1266932000,2000
7900,1266932000,1266934000,2000
7901,1266934000,1266936000,2000
7902,1266936000,1266938000,2000
7903,1266938000,1266940000,2000
7904,1266940000,1266942000,2000
7905,1266942000,1266944000,2000
7906,1266944000,1266946000,2000
7907,1266946000,1266948000,2000
7908,1266948000,1266950000,2000
7909,1266950000,1266952000,2000
7910,1266952000,1266954000,2000
7911,1266954000,1266956000,2000
7912,1266956000,1266958000,2000
7913,1266958000,1266960000,2000
7914,1266960000,1266962000,2000
7915,1266962000,1266964000,2000
7916,1266964000,1266966000,2000
7917,1266966000,1266968000,2000
7918,1266968000,1266970000,2000
7919,1266970000,1266972000,2000
7920,1266972000,1266974000,2000
7921,1266974000,1266976000,2000
7922,1266976000,1266978000,2000
7923,1266978000,1266980000,2000
7924,1266980000,1266982000,2000
7925,1266982000,1266984000,2000
7926,1266984000,1266986000,2000
7927,1266986000,1266988000,2000
7928,1266988000,1266990000,2000
7929,1266990000,1266992000,2000
7930,1266992000,1266994000,2000
7931,1266994000,1266996000,2000
7932,1266996000,1266998000,2000
7933,1266998000,1267000000,2000
11750,1267000000,1267002000,2000
11751,1267002000,1267004000,2000
11752,1267004000,1267006000,2000
11753,1267006000,1267008000,2000
11754,1267008000,1267010000,2000
11755,1267010000,1267012000,2000
11756,1267012000,1267014000,2000
11757,1267014000,1267016000,2000
11758,1267016000,1267018000,2000
11759,1267018000,1267020000,2000
11760,1267020000,1267022000,2000
11761,1267022000,1267024000,2000
11762,1267024000,1267026000,2000
11763,1267026000,1267028000,2000
11764,1267028000,1267030000,2000
11765,1267030000,1267032000,2000
11766,1267032000,1267034000,2000
11767,1267034000,1267036000,2000
11768,1267036000,1267038000,2000
11769,1267038000,1267040000,2000
11770,1267040000,1267042000,2000
11771,1267042000,1267044000,2000
11772,1267044000,1267046000,2000
11773,1267046000,1267048000,2000
11774,1267048000,1267050000,2000
11775,1267050000,1267052000,2000
11776,1267052000,1267054000,2000
11777,1267054000,1267056000,2000
11778,1267056000,1267058000,2000
11779,1267058000,1267060000,2000
11780,1267060000,1267062000,2000
11781,1267062000,1267064000,2000
11782,1267064000,1267066000,2000
11783,1267066000,1267068000,2000
11784,1267068000,1267070000,2000
11785,1267070000,1267072000,2000
11786,1267072000,1267074000,2000
11787,1267074000,1267076000,2000
11788,1267076000,1267078000,2000
11789,1267078000,1267080000,2000
11790,1267080000,1267082000,2000
11791,1267082000,1267084000,2000
11792,1267084000,1267086000,2000
11793,1267086000,1267088000,2000
11794,1267088000,1267090000,2000
11795,1267090000,1267092000,2000
11796,1267092000,1267094000,2000
11797,1267094000,1267096000,2000
11798,1267096000,1267098000,2000
11799,1267098000,1267100000,2000
5482,1267100000,1267102000,2000
5483,1267102000,1267104000,2000
5484,1267104000,1267106000,2000
5485,1267106000,1267108000,2000
5486,1267108000,1267110000,2000
5487,1267110000,1267112000,2000
5488,1267112000,1267114000,2000
5489,1267114000,1267116000,2000
5490,1267116000,1267118000,2000
5491,1267118000,1267120000,2000
5492,1267120000,1267122000,2000
5493,1267122000,1267124000,2000
5494,1267124000,1267126000,2000
5495,1267126000,1267128000,2000
5496,1267128000,1267130000,2000
5497,1267130000,1267132000,2000
5498,1267132000,1267134000,2000
5499,1267134000,1267136000,2000
5500,1267136000,1267138000,2000
5501,1267138000,1267140000,2000
5502,1267140000,1267142000,2000
5503,1267142000,1267144000,2000
5504,1267144000,1267146000,2000
5505,1267146000,1267148000,2000
5506,1267148000,1267150000,2000
5507,1267150000,1267152000,2000
5508,1267152000,1267154000,2000
5509,1267154000,1267156000,2000
5510,1267156000,1267158000,2000
5511,1267158000,1267160000,2000
5512,1267160000,1267162000,2000
5513,1267162000,1267164000,2000
5514,1267164000,1267166000,2000
5515,1267166000,1267168000,2000
5516,1267168000,1267170000,2000
5517,1267170000,1267172000,2000
5518,1267172000,1267174000,2000
5519,1267174000,1267176000,2000
5520,1267176000,1267178000,2000
5521,1267178000,1267180000,2000
5522,1267180000,1267182000,2000
5523,1267182000,1267184000,2000
5524,1267184000,1267186000,2000
5525,1267186000,1267188000,2000
5526,1267188000,1267190000,2000
5527,1267190000,1267192000,2000
5528,1267192000,1267194000,2000
5529,1267194000,1267196000,2000
5530,1267196000,1267198000,2000
5531,1267198000,1267200000,2000
14900,1267200000,1267202000,2000
14901,1267202000,1267204000,2000
14902,1267204000,1267206000,2000
14903,1267206000,1267208000,2000
14904,1267208000,1267210000,2000
14905,1267210000,1267212000,2000
14906,1267212000,1267214000,2000
14907,1267214000,1267216000,2000
14908,1267216000,1267218000,2000
14909,1267218000,1267220000,2000
14910,1267220000,1267222000,2000
14911,1267222000,1267224000,2000
14912,1267224000,1267226000,2000
14913,1267226000,1267228000,2000
14914,1267228000,1267230000,2000
14915,1267230000,1267232000,2000
14916,1267232000,1267234000,2000
14917,1267234000,1267236000,2000
14918,1267236000,1267238000,2000
14919,1267238000,1267240000,2000
14920,1267240000,1267242000,2000
14921,1267242000,1267244000,2000
14922,1267244000,1267246000,2000
14923,1267246000,1267248000,2000
14924,1267248000,1267250000,2000
14925,1267250000,1267252000,2000
14926,1267252000,1267254000,2000
14927,1267254000,1267256000,2000
14928,1267256000,1267258000,2000
14929,1267258000,1267260000,2000
14930,1267260000,1267262000,2000
14931,1267262000,1267264000,2000
14932,1267264000,1267266000,2000
14933,1267266000,1267268000,2000
14934,1267268000,1267270000,2000
14935,1267270000,1267272000,2000
14936,1267272000,1267274000,2000
14937,1267274000,1267276000,2000
14938,1267276000,1267278000,2000
14939,1267278000,1267280000,2000
14940,1267280000,1267282000,2000
14941,1267282000,1267284000,2000
14942,1267284000,1267286000,2000
14943,1267286000,1267288000,2000
14944,1267288000,1267290000,2000
14945,1267290000,1267292000,2000
14946,1267292000,1267294000,2000
14947,1267294000,1267296000,2000
14948,1267296000,1267298000,2000
14949,1267298000,1267300000,2000
4632,1267300000,1267302000,2000
4633,1267302000,1267304000,2000
4634,1267304000,1267306000,2000
4635,1267306000,1267308000,2000
4636,1267308000,1267310000,2000
4637,1267310000,1267312000,2000
4638,1267312000,1267314000,2000
4639,1267314000,1267316000,2000
4640,1267316000,1267318000,2000
4641,1267318000,1267320000,2000
4642,1267320000,1267322000,2000
4643,1267322000,1267324000,2000
4644,1267324000,1267326000,2000
4645,1267326000,1267328000,2000
4646,1267328000,1267330000,2000
4647,1267330000,1267332000,2000
4648,1267332000,1267334000,2000
4649,1267334000,1267336000,2000
4650,1267336000,1267338000,2000
4651,1267338000,1267340000,2000
4652,1267340000,1267342000,2000
4653,1267342000,1267344000,2000
4654,1267344000,1267346000,2000
4655,1267346000,1267348000,2000
4656,1267348000,1267350000,2000
4657,1267350000,1267352000,2000
4658,1267352000,1267354000,2000
4659,1267354000,1267356000,2000
4660,1267356000,1267358000,2000
4661,1267358000,1267360000,2000
4662,1267360000,1267362000,2000
4663,1267362000,1267364000,2000
4664,1267364000,1267366000,2000
4665,1267366000,1267368000,2000
4666,1267368000,1267370000,2000
4667,1267370000,1267372000,2000
4668,1267372000,1267374000,2000
4669,1267374000,1267376000,2000
4670,1267376000,1267378000,2000
4671,1267378000,1267380000,2000
4672,1267380000,1267382000,2000
4673,1267382000,1267384000,2000
4674,1267384000,1267386000,2000
4675,1267386000,1267388000,2000
4676,1267388000,1267390000,2000
4677,1267390000,1267392000,2000
4678,1267392000,1267394000,2000
4679,1267394000,1267396000,2000
4680,1267396000,1267398000,2000
4681,1267398000,1267400000,2000
10732,1267400000,1267402000,2000
10733,1267402000,1267404000,2000
10734,1267404000,1267406000,2000
10735,1267406000,1267408000,2000
10736,1267408000,1267410000,2000
10737,1267410000,1267412000,2000
10738,1267412000,1267414000,2000
10739,1267414000,1267416000,2000
10740,1267416000,1267418000,2000
10741,1267418000,1267420000,2000
10742,1267420000,1267422000,2000
10743,1267422000,1267424000,2000
10744,1267424000,1267426000,2000
10745,1267426000,1267428000,2000
10746,1267428000,1267430000,2000
10747,1267430000,1267432000,2000
10748,1267432000,1267434000,2000
10749,1267434000,1267436000,2000
10750,1267436000,1267438000,2000
10751,1267438000,1267440000,2000
10752,1267440000,1267442000,2000
10753,1267442000,1267444000,2000
10754,1267444000,1267446000,2000
10755,1267446000,1267448000,2000
10756,1267448000,1267450000,2000
10757,1267450000,1267452000,2000
10758,1267452000,1267454000,2000
10759,1267454000,1267456000,2000
10760,1267456000,1267458000,2000
10761,1267458000,1267460000,2000
10762,1267460000,1267462000,2000
10763,1267462000,1267464000,2000
10764,1267464000,1267466000,2000
10765,1267466000,1267468000,2000
10766,1267468000,1267470000,2000
10767,1267470000,1267472000,2000
10768,1267472000,1267474000,2000
10769,1267474000,1267476000,2000
10770,1267476000,1267478000,2000
10771,1267478000,1267480000,2000
10772,1267480000,1267482000,2000
10773,1267482000,1267484000,2000
10774,1267484000,1267486000,2000
10775,1267486000,1267488000,2000
10776,1267488000,1267490000,2000
10777,1267490000,1267492000,2000
10778,1267492000,1267494000,2000
10779,1267494000,1267496000,2000
10780,1267496000,1267498000,2000
10781,1267498000,1267500000,2000
5632,1267500000,1267502000,2000
5633,1267502000,1267504000,2000
5634,1267504000,1267506000,2000
5635,1267506000,1267508000,2000
5636,1267508000,1267510000,2000
5637,1267510000,1267512000,2000
5638,1267512000,1267514000,2000
5639,1267514000,1267516000,2000
5640,1267516000,1267518000,2000
5641,1267518000,1267520000,2000
5642,1267520000,1267522000,2000
5643,1267522000,1267524000,2000
5644,1267524000,1267526000,2000
5645,1267526000,1267528000,2000
5646,1267528000,1267530000,2000
5647,1267530000,1267532000,2000
5648,1267532000,1267534000,2000
5649,1267534000,1267536000,2000
5650,1267536000,1267538000,2000
5651,1267538000,1267540000,2000
5652,1267540000,1267542000,2000
5653,1267542000,1267544000,2000
5654,1267544000,1267546000,2000
5655,1267546000,1267548000,2000
5656,1267548000,1267550000,2000
5657,1267550000,1267552000,2000
5658,1267552000,1267554000,2000
5659,1267554000,1267556000,2000
5660,1267556000,1267558000,2000
5661,1267558000,1267560000,2000
5662,1267560000,1267562000,2000
5663,1267562000,1267564000,2000
5664,1267564000,1267566000,2000
5665,1267566000,1267568000,2000
5666,1267568000,1267570000,2000
5667,1267570000,1267572000,2000
5668,1267572000,1267574000,2000
5669,1267574000,1267576000,2000
5670,1267576000,1267578000,2000
5671,1267578000,1267580000,2000
5672,1267580000,1267582000,2000
5673,1267582000,1267584000,2000
5674,1267584000,1267586000,2000
5675,1267586000,1267588000,2000
5676,1267588000,1267590000,2000
5677,1267590000,1267592000,2000
5678,1267592000,1267594000,2000
5679,1267594000,1267596000,2000
5680,1267596000,1267598000,2000
5681,1267598000,1267600000,2000
8084,1267600000,1267602000,2000
8085,1267602000,1267604000,2000
8086,1267604000,1267606000,2000
8087,1267606000,1267608000,2000
8088,1267608000,1267610000,2000
8089,1267610000,1267612000,2000
8090,1267612000,1267614000,2000
8091,1267614000,1267616000,2000
8092,1267616000,1267618000,2000
8093,1267618000,1267620000,2000
8094,1267620000,1267622000,2000
8095,1267622000,1267624000,2000
8096,1267624000,1267626000,2000
8097,1267626000,1267628000,2000
8098,1267628000,1267630000,2000
8099,1267630000,1267632000,2000
8100,1267632000,1267634000,2000
8101,1267634000,1267636000,2000
8102,1267636000,1267638000,2000
8103,1267638000,1267640000,2000
8104,1267640000,1267642000,2000
8105,1267642000,1267644000,2000
8106,1267644000,1267646000,2000
8107,1267646000,1267648000,2000
8108,1267648000,1267650000,2000
8109,1267650000,1267652000,2000
8110,1267652000,1267654000,2000
8111,1267654000,1267656000,2000
8112,1267656000,1267658000,2000
8113,1267658000,1267660000,2000
8114,1267660000,1267662000,2000
8115,1267662000,1267664000,2000
8116,1267664000,1267666000,2000
8117,1267666000,1267668000,2000
8118,1267668000,1267670000,2000
8119,1267670000,1267672000,2000
8120,1267672000,1267674000,2000
8121,1267674000,1267676000,2000
8122,1267676000,1267678000,2000
8123,1267678000,1267680000,2000
8124,1267680000,1267682000,2000
8125,1267682000,1267684000,2000
8126,1267684000,1267686000,2000
8127,1267686000,1267688000,2000
8128,1267688000,1267690000,2000
8129,1267690000,1267692000,2000
8130,1267692000,1267694000,2000
8131,1267694000,1267696000,2000
8132,1267696000,1267698000,2000
8133,1267698000,1267700000,2000
900,1267700000,1267702000,2000
901,1267702000,1267704000,2000
902,1267704000,1267706000,2000
903,1267706000,1267708000,2000
904,1267708000,1267710000,2000
905,1267710000,1267712000,2000
906,1267712000,1267714000,2000
907,1267714000,1267716000,2000
908,1267716000,1267718000,2000
909,1267718000,1267720000,2000
910,1267720000,1267722000,2000
911,1267722000,1267724000,2000
912,1267724000,1267726000,2000
913,1267726000,1267728000,2000
914,1267728000,1267730000,2000
915,1267730000,1267732000,2000
916,1267732000,1267734000,2000
917,1267734000,1267736000,2000
918,1267736000,1267738000,2000
919,1267738000,1267740000,2000
920,1267740000,1267742000,2000
921,1267742000,1267744000,2000
922,1267744000,1267746000,2000
923,1267746000,1267748000,2000
924,1267748000,1267750000,2000
925,1267750000,1267752000,2000
926,1267752000,1267754000,2000
927,1267754000,1267756000,2000
928,1267756000,1267758000,2000
929,1267758000,1267760000,2000
930,1267760000,1267762000,2000
931,1267762000,1267764000,2000
932,1267764000,1267766000,2000
933,1267766000,1267768000,2000
934,1267768000,1267770000,2000
935,1267770000,1267772000,2000
936,1267772000,1267774000,2000
937,1267774000,1267776000,2000
938,1267776000,1267778000,2000
939,1267778000,1267780000,2000
940,1267780000,1267782000,2000
941,1267782000,1267784000,2000
942,1267784000,1267786000,2000
943,1267786000,1267788000,2000
944,1267788000,1267790000,2000
945,1267790000,1267792000,2000
946,1267792000,1267794000,2000
947,1267794000,1267796000,2000
948,1267796000,1267798000,2000
949,1267798000,1267800000,2000
10282,1267800000,1267802000,2000
10283,1267802000,1267804000,2000
10284,1267804000,1267806000,2000
10285,1267806000,1267808000,2000
10286,1267808000,1267810000,2000
10287,1267810000,1267812000,2000
10288,1267812000,1267814000,2000
10289,1267814000,1267816000,2000
10290,1267816000,1267818000,2000
10291,1267818000,1267820000,2000
10292,1267820000,1267822000,2000
10293,1267822000,1267824000,2000
10294,1267824000,1267826000,2000
10295,1267826000,1267828000,2000
10296,1267828000,1267830000,2000
10297,1267830000,1267832000,2000
10298,1267832000,1267834000,2000
10299,1267834000,1267836000,2000
10300,1267836000,1267838000,2000
10301,1267838000,1267840000,2000
10302,1267840000,1267842000,2000
10303,1267842000,1267844000,2000
10304,1267844000,1267846000,2000
10305,1267846000,1267848000,2000
10306,1267848000,1267850000,2000
10307,1267850000,1267852000,2000
10308,1267852000,1267854000,2000
10309,1267854000,1267856000,2000
10310,1267856000,1267858000,2000
10311,1267858000,1267860000,2000
10312,1267860000,1267862000,2000
10313,1267862000,1267864000,2000
10314,1267864000,1267866000,2000
10315,1267866000,1267868000,2000
10316,1267868000,1267870000,2000
10317,1267870000,1267872000,2000
10318,1267872000,1267874000,2000
10319,1267874000,1267876000,2000
10320,1267876000,1267878000,2000
10321,1267878000,1267880000,2000
10322,1267880000,1267882000,2000
10323,1267882000,1267884000,2000
10324,1267884000,1267886000,2000
10325,1267886000,1267888000,2000
10326,1267888000,1267890000,2000
10327,1267890000,1267892000,2000
10328,1267892000,1267894000,2000
10329,1267894000,1267896000,2000
10330,1267896000,1267898000,2000
10331,1267898000,1267900000,2000
8534,1267900000,1267902000,2000
8535,1267902000,1267904000,2000
8536,1267904000,1267906000,2000
8537,1267906000,1267908000,2000
8538,1267908000,1267910000,2000
8539,1267910000,1267912000,2000
8540,1267912000,1267914000,2000
8541,1267914000,1267916000,2000
8542,1267916000,1267918000,2000
8543,1267918000,1267920000,2000
8544,1267920000,1267922000,2000
8545,1267922000,1267924000,2000
8546,1267924000,1267926000,2000
8547,1267926000,1267928000,2000
8548,1267928000,1267930000,2000
8549,1267930000,1267932000,2000
8550,1267932000,1267934000,2000
8551,1267934000,1267936000,2000
8552,1267936000,1267938000,2000
8553,1267938000,1267940000,2000
8554,1267940000,1267942000,2000
8555,1267942000,1267944000,2000
8556,1267944000,1267946000,2000
8557,1267946000,1267948000,2000
8558,1267948000,1267950000,2000
8559,1267950000,1267952000,2000
8560,1267952000,1267954000,2000
8561,1267954000,1267956000,2000
8562,1267956000,1267958000,2000
8563,1267958000,1267960000,2000
8564,1267960000,1267962000,2000
8565,1267962000,1267964000,2000
8566,1267964000,1267966000,2000
8567,1267966000,1267968000,2000
8568,1267968000,1267970000,2000
8569,1267970000,1267972000,2000
8570,1267972000,1267974000,2000
8571,1267974000,1267976000,2000
8572,1267976000,1267978000,2000
8573,1267978000,1267980000,2000
8574,1267980000,1267982000,2000
8575,1267982000,1267984000,2000
8576,1267984000,1267986000,2000
8577,1267986000,1267988000,2000
8578,1267988000,1267990000,2000
8579,1267990000,1267992000,2000
8580,1267992000,1267994000,2000
8581,1267994000,1267996000,2000
8582,1267996000,1267998000,2000
8583,1267998000,1268000000,2000
8734,1268000000,1268002000,2000
8735,1268002000,1268004000,2000
8736,1268004000,1268006000,2000
8737,1268006000,1268008000,2000
8738,1268008000,1268010000,2000
8739,1268010000,1268012000,2000
8740,1268012000,1268014000,2000
8741,1268014000,1268016000,2000
8742,1268016000,1268018000,2000
8743,1268018000,1268020000,2000
8744,1268020000,1268022000,2000
8745,1268022000,1268024000,2000
8746,1268024000,1268026000,2000
8747,1268026000,1268028000,2000
8748,1268028000,1268030000,2000
8749,1268030000,1268032000,2000
8750,1268032000,1268034000,2000
8751,1268034000,1268036000,2000
8752,1268036000,1268038000,2000
8753,1268038000,1268040000,2000
8754,1268040000,1268042000,2000
8755,1268042000,1268044000,2000
8756,1268044000,1268046000,2000
8757,1268046000,1268048000,2000
8758,1268048000,1268050000,2000
8759,1268050000,1268052000,2000
8760,1268052000,1268054000,2000
8761,1268054000,1268056000,2000
8762,1268056000,1268058000,2000
8763,1268058000,1268060000,2000
8764,1268060000,1268062000,2000
8765,1268062000,1268064000,2000
8766,1268064000,1268066000,2000
8767,1268066000,1268068000,2000
8768,1268068000,1268070000,2000
8769,1268070000,1268072000,2000
8770,1268072000,1268074000,2000
8771,1268074000,1268076000,2000
8772,1268076000,1268078000,2000
8773,1268078000,1268080000,2000
8774,1268080000,1268082000,2000
8775,1268082000,1268084000,2000
8776,1268084000,1268086000,2000
8777,1268086000,1268088000,2000
8778,1268088000,1268090000,2000
8779,1268090000,1268092000,2000
8780,1268092000,1268094000,2000
8781,1268094000,1268096000,2000
8782,1268096000,1268098000,2000
8783,1268098000,1268100000,2000
3582,1268100000,1268102000,2000
3583,1268102000,1268104000,2000
3584,1268104000,1268106000,2000
3585,1268106000,1268108000,2000
3586,1268108000,1268110000,2000
3587,1268110000,1268112000,2000
3588,1268112000,1268114000,2000
3589,1268114000,1268116000,2000
3590,1268116000,1268118000,2000
3591,1268118000,1268120000,2000
3592,1268120000,1268122000,2000
3593,1268122000,1268124000,2000
3594,1268124000,1268126000,2000
3595,1268126000,1268128000,2000
3596,1268128000,1268130000,2000
3597,1268130000,1268132000,2000
3598,1268132000,1268134000,2000
3599,1268134000,1268136000,2000
3600,1268136000,1268138000,2000
3601,1268138000,1268140000,2000
3602,1268140000,1268142000,2000
3603,1268142000,1268144000,2000
3604,1268144000,1268146000,2000
3605,1268146000,1268148000,2000
3606,1268148000,1268150000,2000
3607,1268150000,1268152000,2000
3608,1268152000,1268154000,2000
3609,1268154000,1268156000,2000
3610,1268156000,1268158000,2000
3611,1268158000,1268160000,2000
3612,1268160000,1268162000,2000
3613,1268162000,1268164000,2000
3614,1268164000,1268166000,2000
3615,1268166000,1268168000,2000
3616,1268168000,1268170000,2000
3617,1268170000,1268172000,2000
3618,1268172000,1268174000,2000
3619,1268174000,1268176000,2000
3620,1268176000,1268178000,2000
3621,1268178000,1268180000,2000
3622,1268180000,1268182000,2000
3623,1268182000,1268184000,2000
3624,1268184000,1268186000,2000
3625,1268186000,1268188000,2000
3626,1268188000,1268190000,2000
3627,1268190000,1268192000,2000
3628,1268192000,1268194000,2000
3629,1268194000,1268196000,2000
3630,1268196000,1268198000,2000
3631,1268198000,1268200000,2000
9284,1268200000,1268202000,2000
9285,1268202000,1268204000,2000
9286,1268204000,1268206000,2000
9287,1268206000,1268208000,2000
9288,1268208000,1268210000,2000
9289,1268210000,1268212000,2000
9290,1268212000,1268214000,2000
9291,1268214000,1268216000,2000
9292,1268216000,1268218000,2000
9293,1268218000,1268220000,2000
9294,1268220000,1268222000,2000
9295,1268222000,1268224000,2000
9296,1268224000,1268226000,2000
9297,1268226000,1268228000,2000
9298,1268228000,1268230000,2000
9299,1268230000,1268232000,2000
9300,1268232000,1268234000,2000
9301,1268234000,1268236000,2000
9302,1268236000,1268238000,2000
9303,1268238000,1268240000,2000
9304,1268240000,1268242000,2000
9305,1268242000,1268244000,2000
9306,1268244000,1268246000,2000
9307,1268246000,1268248000,2000
9308,1268248000,1268250000,2000
9309,1268250000,1268252000,2000
9310,1268252000,1268254000,2000
9311,1268254000,1268256000,2000
9312,1268256000,1268258000,2000
9313,1268258000,1268260000,2000
9314,1268260000,1268262000,2000
9315,1268262000,1268264000,2000
9316,1268264000,1268266000,2000
9317,1268266000,1268268000,2000
9318,1268268000,1268270000,2000
9319,1268270000,1268272000,2000
9320,1268272000,1268274000,2000
9321,1268274000,1268276000,2000
9322,1268276000,1268278000,2000
9323,1268278000,1268280000,2000
9324,1268280000,1268282000,2000
9325,1268282000,1268284000,2000
9326,1268284000,1268286000,2000
9327,1268286000,1268288000,2000
9328,1268288000,1268290000,2000
9329,1268290000,1268292000,2000
9330,1268292000,1268294000,2000
9331,1268294000,1268296000,2000
9332,1268296000,1268298000,2000
9333,1268298000,1268300000,2000
850,1268300000,1268302000,2000
851,1268302000,1268304000,2000
852,1268304000,1268306000,2000
853,1268306000,1268308000,2000
854,1268308000,1268310000,2000
855,1268310000,1268312000,2000
856,1268312000,1268314000,2000
857,1268314000,1268316000,2000
858,1268316000,1268318000,2000
859,1268318000,1268320000,2000
860,1268320000,1268322000,2000
861,1268322000,1268324000,2000
862,1268324000,1268326000,2000
863,1268326000,1268328000,2000
864,1268328000,1268330000,2000
865,1268330000,1268332000,2000
866,1268332000,1268334000,2000
867,1268334000,1268336000,2000
868,1268336000,1268338000,2000
869,1268338000,1268340000,2000
870,1268340000,1268342000,2000
871,1268342000,1268344000,2000
872,1268344000,1268346000,2000
873,1268346000,1268348000,2000
874,1268348000,1268350000,2000
875,1268350000,1268352000,2000
876,1268352000,1268354000,2000
877,1268354000,1268356000,2000
878,1268356000,1268358000,2000
879,1268358000,1268360000,2000
880,1268360000,1268362000,2000
881,1268362000,1268364000,2000
882,1268364000,1268366000,2000
883,1268366000,1268368000,2000
884,1268368000,1268370000,2000
885,1268370000,1268372000,2000
886,1268372000,1268374000,2000
887,1268374000,1268376000,2000
888,1268376000,1268378000,2000
889,1268378000,1268380000,2000
890,1268380000,1268382000,2000
891,1268382000,1268384000,2000
892,1268384000,1268386000,2000
893,1268386000,1268388000,2000
894,1268388000,1268390000,2000
895,1268390000,1268392000,2000
896,1268392000,1268394000,2000
897,1268394000,1268396000,2000
898,1268396000,1268398000,2000
899,1268398000,1268400000,2000
1932,1268400000,1268402000,2000
1933,1268402000,1268404000,2000
1934,1268404000,1268406000,2000
1935,1268406000,1268408000,2000
1936,1268408000,1268410000,2000
1937,1268410000,1268412000,2000
1938,1268412000,1268414000,2000
1939,1268414000,1268416000,2000
1940,1268416000,1268418000,2000
1941,1268418000,1268420000,2000
1942,1268420000,1268422000,2000
1943,1268422000,1268424000,2000
1944,1268424000,1268426000,2000
1945,1268426000,1268428000,2000
1946,1268428000,1268430000,2000
1947,1268430000,1268432000,2000
1948,1268432000,1268434000,2000
1949,1268434000,1268436000,2000
1950,1268436000,1268438000,2000
1951,1268438000,1268440000,2000
1952,1268440000,1268442000,2000
1953,1268442000,1268444000,2000
1954,1268444000,1268446000,2000
1955,1268446000,1268448000,2000
1956,1268448000,1268450000,2000
1957,1268450000,1268452000,2000
1958,1268452000,1268454000,2000
1959,1268454000,1268456000,2000
1960,1268456000,1268458000,2000
1961,1268458000,1268460000,2000
1962,1268460000,1268462000,2000
1963,1268462000,1268464000,2000
1964,1268464000,1268466000,2000
1965,1268466000,1268468000,2000
1966,1268468000,1268470000,2000
1967,1268470000,1268472000,2000
1968,1268472000,1268474000,2000
1969,1268474000,1268476000,2000
1970,1268476000,1268478000,2000
1971,1268478000,1268480000,2000
1972,1268480000,1268482000,2000
1973,1268482000,1268484000,2000
1974,1268484000,1268486000,2000
1975,1268486000,1268488000,2000
1976,1268488000,1268490000,2000
1977,1268490000,1268492000,2000
1978,1268492000,1268494000,2000
1979,1268494000,1268496000,2000
1980,1268496000,1268498000,2000
1981,1268498000,1268500000,2000
1032,1268500000,1268502000,2000
1033,1268502000,1268504000,2000
1034,1268504000,1268506000,2000
1035,1268506000,1268508000,2000
1036,1268508000,1268510000,2000
1037,1268510000,1268512000,2000
1038,1268512000,1268514000,2000
1039,1268514000,1268516000,2000
1040,1268516000,1268518000,2000
1041,1268518000,1268520000,2000
1042,1268520000,1268522000,2000
1043,1268522000,1268524000,2000
1044,1268524000,1268526000,2000
1045,1268526000,1268528000,2000
1046,1268528000,1268530000,2000
1047,1268530000,1268532000,2000
1048,1268532000,1268534000,2000
1049,1268534000,1268536000,2000
1050,1268536000,1268538000,2000
1051,1268538000,1268540000,2000
1052,1268540000,1268542000,2000
1053,1268542000,1268544000,2000
1054,1268544000,1268546000,2000
1055,1268546000,1268548000,2000
1056,1268548000,1268550000,2000
1057,1268550000,1268552000,2000
1058,1268552000,1268554000,2000
1059,1268554000,1268556000,2000
1060,1268556000,1268558000,2000
1061,1268558000,1268560000,2000
1062,1268560000,1268562000,2000
1063,1268562000,1268564000,2000
1064,1268564000,1268566000,2000
1065,1268566000,1268568000,2000
1066,1268568000,1268570000,2000
1067,1268570000,1268572000,2000
1068,1268572000,1268574000,2000
1069,1268574000,1268576000,2000
1070,1268576000,1268578000,2000
1071,1268578000,1268580000,2000
1072,1268580000,1268582000,2000
1073,1268582000,1268584000,2000
1074,1268584000,1268586000,2000
1075,1268586000,1268588000,2000
1076,1268588000,1268590000,2000
1077,1268590000,1268592000,2000
1078,1268592000,1268594000,2000
1079,1268594000,1268596000,2000
1080,1268596000,1268598000,2000
1081,1268598000,1268600000,2000
8934,1268600000,1268602000,2000
8935,1268602000,1268604000,2000
8936,1268604000,1268606000,2000
8937,1268606000,1268608000,2000
8938,1268608000,1268610000,2000
8939,1268610000,1268612000,2000
8940,1268612000,1268614000,2000
8941,1268614000,1268616000,2000
8942,1268616000,1268618000,2000
8943,1268618000,1268620000,2000
8944,1268620000,1268622000,2000
8945,1268622000,1268624000,2000
8946,1268624000,1268626000,2000
8947,1268626000,1268628000,2000
8948,1268628000,1268630000,2000
8949,1268630000,1268632000,2000
8950,1268632000,1268634000,2000
8951,1268634000,1268636000,2000
8952,1268636000,1268638000,2000
8953,1268638000,1268640000,2000
8954,1268640000,1268642000,2000
8955,1268642000,1268644000,2000
8956,1268644000,1268646000,2000
8957,1268646000,1268648000,2000
8958,1268648000,1268650000,2000
8959,1268650000,1268652000,2000
8960,1268652000,1268654000,2000
8961,1268654000,1268656000,2000
8962,1268656000,1268658000,2000
8963,1268658000,1268660000,2000
8964,1268660000,1268662000,2000
8965,1268662000,1268664000,2000
8966,1268664000,1268666000,2000
8967,1268666000,1268668000,2000
8968,1268668000,1268670000,2000
8969,1268670000,1268672000,2000
8970,1268672000,1268674000,2000
8971,1268674000,1268676000,2000
8972,1268676000,1268678000,2000
8973,1268678000,1268680000,2000
8974,1268680000,1268682000,2000
8975,1268682000,1268684000,2000
8976,1268684000,1268686000,2000
8977,1268686000,1268688000,2000
8978,1268688000,1268690000,2000
8979,1268690000,1268692000,2000
8980,1268692000,1268694000,2000
8981,1268694000,1268696000,2000
8982,1268696000,1268698000,2000
8983,1268698000,1268700000,2000
10332,1268700000,1268702000,2000
10333,1268702000,1268704000,2000
10334,1268704000,1268706000,2000
10335,1268706000,1268708000,2000
10336,1268708000,1268710000,2000
10337,1268710000,1268712000,2000
10338,1268712000,1268714000,2000
10339,1268714000,1268716000,2000
10340,1268716000,1268718000,2000
10341,1268718000,1268720000,2000
10342,1268720000,1268722000,2000
10343,1268722000,1268724000,2000
10344,1268724000,1268726000,2000
10345,1268726000,1268728000,2000
10346,1268728000,1268730000,2000
10347,1268730000,1268732000,2000
10348,1268732000,1268734000,2000
10349,1268734000,1268736000,2000
10350,1268736000,1268738000,2000
10351,1268738000,1268740000,2000
10352,1268740000,1268742000,2000
10353,1268742000,1268744000,2000
10354,1268744000,1268746000,2000
10355,1268746000,1268748000,2000
10356,1268748000,1268750000,2000
10357,1268750000,1268752000,2000
10358,1268752000,1268754000,2000
10359,1268754000,1268756000,2000
10360,1268756000,1268758000,2000
10361,1268758000,1268760000,2000
10362,1268760000,1268762000,2000
10363,1268762000,1268764000,2000
10364,1268764000,1268766000,2000
10365,1268766000,1268768000,2000
10366,1268768000,1268770000,2000
10367,1268770000,1268772000,2000
10368,1268772000,1268774000,2000
10369,1268774000,1268776000,2000
10370,1268776000,1268778000,2000
10371,1268778000,1268780000,2000
10372,1268780000,1268782000,2000
10373,1268782000,1268784000,2000
10374,1268784000,1268786000,2000
10375,1268786000,1268788000,2000
10376,1268788000,1268790000,2000
10377,1268790000,1268792000,2000
10378,1268792000,1268794000,2000
10379,1268794000,1268796000,2000
10380,1268796000,1268798000,2000
10381,1268798000,1268800000,2000
10782,1268800000,1268802000,2000
10783,1268802000,1268804000,2000
10784,1268804000,1268806000,2000
10785,1268806000,1268808000,2000
10786,1268808000,1268810000,2000
10787,1268810000,1268812000,2000
10788,1268812000,1268814000,2000
10789,1268814000,1268816000,2000
10790,1268816000,1268818000,2000
10791,1268818000,1268820000,2000
10792,1268820000,1268822000,2000
10793,1268822000,1268824000,2000
10794,1268824000,1268826000,2000
10795,1268826000,1268828000,2000
10796,1268828000,1268830000,2000
10797,1268830000,1268832000,2000
10798,1268832000,1268834000,2000
10799,1268834000,1268836000,2000
10800,1268836000,1268838000,2000
10801,1268838000,1268840000,2000
10802,1268840000,1268842000,2000
10803,1268842000,1268844000,2000
10804,1268844000,1268846000,2000
10805,1268846000,1268848000,2000
10806,1268848000,1268850000,2000
10807,1268850000,1268852000,2000
10808,1268852000,1268854000,2000
10809,1268854000,1268856000,2000
10810,1268856000,1268858000,2000
10811,1268858000,1268860000,2000
10812,1268860000,1268862000,2000
10813,1268862000,1268864000,2000
10814,1268864000,1268866000,2000
10815,1268866000,1268868000,2000
10816,1268868000,1268870000,2000
10817,1268870000,1268872000,2000
10818,1268872000,1268874000,2000
10819,1268874000,1268876000,2000
10820,1268876000,1268878000,2000
10821,1268878000,1268880000,2000
10822,1268880000,1268882000,2000
10823,1268882000,1268884000,2000
10824,1268884000,1268886000,2000
10825,1268886000,1268888000,2000
10826,1268888000,1268890000,2000
10827,1268890000,1268892000,2000
10828,1268892000,1268894000,2000
10829,1268894000,1268896000,2000
10830,1268896000,1268898000,2000
10831,1268898000,1268900000,2000
4082,1268900000,1268902000,2000
4083,1268902000,1268904000,2000
4084,1268904000,1268906000,2000
4085,1268906000,1268908000,2000
4086,1268908000,1268910000,2000
4087,1268910000,1268912000,2000
4088,1268912000,1268914000,2000
4089,1268914000,1268916000,2000
4090,1268916000,1268918000,2000
4091,1268918000,1268920000,2000
4092,1268920000,1268922000,2000
4093,1268922000,1268924000,2000
4094,1268924000,1268926000,2000
4095,1268926000,1268928000,2000
4096,1268928000,1268930000,2000
4097,1268930000,1268932000,2000
4098,1268932000,1268934000,2000
4099,1268934000,1268936000,2000
4100,1268936000,1268938000,2000
4101,1268938000,1268940000,2000
4102,1268940000,1268942000,2000
4103,1268942000,1268944000,2000
4104,1268944000,1268946000,2000
4105,1268946000,1268948000,2000
4106,1268948000,1268950000,2000
4107,1268950000,1268952000,2000
4108,1268952000,1268954000,2000
4109,1268954000,1268956000,2000
4110,1268956000,1268958000,2000
4111,1268958000,1268960000,2000
4112,1268960000,1268962000,2000
4113,1268962000,1268964000,2000
4114,1268964000,1268966000,2000
4115,1268966000,1268968000,2000
4116,1268968000,1268970000,2000
4117,1268970000,1268972000,2000
4118,1268972000,1268974000,2000
4119,1268974000,1268976000,2000
4120,1268976000,1268978000,2000
4121,1268978000,1268980000,2000
4122,1268980000,1268982000,2000
4123,1268982000,1268984000,2000
4124,1268984000,1268986000,2000
4125,1268986000,1268988000,2000
4126,1268988000,1268990000,2000
4127,1268990000,1268992000,2000
4128,1268992000,1268994000,2000
4129,1268994000,1268996000,2000
4130,1268996000,1268998000,2000
4131,1268998000,1269000000,2000
10882,1269000000,1269002000,2000
10883,1269002000,1269004000,2000
10884,1269004000,1269006000,2000
10885,1269006000,1269008000,2000
10886,1269008000,1269010000,2000
10887,1269010000,1269012000,2000
10888,1269012000,1269014000,2000
10889,1269014000,1269016000,2000
10890,1269016000,1269018000,2000
10891,1269018000,1269020000,2000
10892,1269020000,1269022000,2000
10893,1269022000,1269024000,2000
10894,1269024000,1269026000,2000
10895,1269026000,1269028000,2000
10896,1269028000,1269030000,2000
10897,1269030000,1269032000,2000
10898,1269032000,1269034000,2000
10899,1269034000,1269036000,2000
10900,1269036000,1269038000,2000
10901,1269038000,1269040000,2000
10902,1269040000,1269042000,2000
10903,1269042000,1269044000,2000
10904,1269044000,1269046000,2000
10905,1269046000,1269048000,2000
10906,1269048000,1269050000,2000
10907,1269050000,1269052000,2000
10908,1269052000,1269054000,2000
10909,1269054000,1269056000,2000
10910,1269056000,1269058000,2000
10911,1269058000,1269060000,2000
10912,1269060000,1269062000,2000
10913,1269062000,1269064000,2000
10914,1269064000,1269066000,2000
10915,1269066000,1269068000,2000
10916,1269068000,1269070000,2000
10917,1269070000,1269072000,2000
10918,1269072000,1269074000,2000
10919,1269074000,1269076000,2000
10920,1269076000,1269078000,2000
10921,1269078000,1269080000,2000
10922,1269080000,1269082000,2000
10923,1269082000,1269084000,2000
10924,1269084000,1269086000,2000
10925,1269086000,1269088000,2000
10926,1269088000,1269090000,2000
10927,1269090000,1269092000,2000
10928,1269092000,1269094000,2000
10929,1269094000,1269096000,2000
10930,1269096000,1269098000,2000
10931,1269098000,1269100000,2000
14750,1269100000,1269102000,2000
14751,1269102000,1269104000,2000
14752,1269104000,1269106000,2000
14753,1269106000,1269108000,2000
14754,1269108000,1269110000,2000
14755,1269110000,1269112000,2000
14756,1269112000,1269114000,2000
14757,1269114000,1269116000,2000
14758,1269116000,1269118000,2000
14759,1269118000,1269120000,2000
14760,1269120000,1269122000,2000
14761,1269122000,1269124000,2000
14762,1269124000,1269126000,2000
14763,1269126000,1269128000,2000
14764,1269128000,1269130000,2000
14765,1269130000,1269132000,2000
14766,1269132000,1269134000,2000
14767,1269134000,1269136000,2000
14768,1269136000,1269138000,2000
14769,1269138000,1269140000,2000
14770,1269140000,1269142000,2000
14771,1269142000,1269144000,2000
14772,1269144000,1269146000,2000
14773,1269146000,1269148000,2000
14774,1269148000,1269150000,2000
14775,1269150000,1269152000,2000
14776,1269152000,1269154000,2000
14777,1269154000,1269156000,2000
14778,1269156000,1269158000,2000
14779,1269158000,1269160000,2000
14780,1269160000,1269162000,2000
14781,1269162000,1269164000,2000
14782,1269164000,1269166000,2000
14783,1269166000,1269168000,2000
14784,1269168000,1269170000,2000
14785,1269170000,1269172000,2000
14786,1269172000,1269174000,2000
14787,1269174000,1269176000,2000
14788,1269176000,1269178000,2000
14789,1269178000,1269180000,2000
14790,1269180000,1269182000,2000
14791,1269182000,1269184000,2000
14792,1269184000,1269186000,2000
14793,1269186000,1269188000,2000
14794,1269188000,1269190000,2000
14795,1269190000,1269192000,2000
14796,1269192000,1269194000,2000
14797,1269194000,1269196000,2000
14798,1269196000,1269198000,2000
14799,1269198000,1269200000,2000
11950,1269200000,1269202000,2000
11951,1269202000,1269204000,2000
11952,1269204000,1269206000,2000
11953,1269206000,1269208000,2000
11954,1269208000,1269210000,2000
11955,1269210000,1269212000,2000
11956,1269212000,1269214000,2000
11957,1269214000,1269216000,2000
11958,1269216000,1269218000,2000
11959,1269218000,1269220000,2000
11960,1269220000,1269222000,2000
11961,1269222000,1269224000,2000
11962,1269224000,1269226000,2000
11963,1269226000,1269228000,2000
11964,1269228000,1269230000,2000
11965,1269230000,1269232000,2000
11966,1269232000,1269234000,2000
11967,1269234000,1269236000,2000
11968,1269236000,1269238000,2000
11969,1269238000,1269240000,2000
11970,1269240000,1269242000,2000
11971,1269242000,1269244000,2000
11972,1269244000,1269246000,2000
11973,1269246000,1269248000,2000
11974,1269248000,1269250000,2000
11975,1269250000,1269252000,2000
11976,1269252000,1269254000,2000
11977,1269254000,1269256000,2000
11978,1269256000,1269258000,2000
11979,1269258000,1269260000,2000
11980,1269260000,1269262000,2000
11981,1269262000,1269264000,2000
11982,1269264000,1269266000,2000
11983,1269266000,1269268000,2000
11984,1269268000,1269270000,2000
11985,1269270000,1269272000,2000
11986,1269272000,1269274000,2000
11987,1269274000,1269276000,2000
11988,1269276000,1269278000,2000
11989,1269278000,1269280000,2000
11990,1269280000,1269282000,2000
11991,1269282000,1269284000,2000
11992,1269284000,1269286000,2000
11993,1269286000,1269288000,2000
11994,1269288000,1269290000,2000
11995,1269290000,1269292000,2000
11996,1269292000,1269294000,2000
11997,1269294000,1269296000,2000
11998,1269296000,1269298000,2000
11999,1269298000,1269300000,2000
1000,1269300000,1269302000,2000
1001,1269302000,1269304000,2000
1002,1269304000,1269306000,2000
1003,1269306000,1269308000,2000
1004,1269308000,1269310000,2000
1005,1269310000,1269312000,2000
1006,1269312000,1269314000,2000
1007,1269314000,1269316000,2000
1008,1269316000,1269318000,2000
1009,1269318000,1269320000,2000
1010,1269320000,1269322000,2000
1011,1269322000,1269324000,2000
1012,1269324000,1269326000,2000
1013,1269326000,1269328000,2000
1014,1269328000,1269330000,2000
1015,1269330000,1269332000,2000
1016,1269332000,1269334000,2000
1017,1269334000,1269336000,2000
1018,1269336000,1269338000,2000
1019,1269338000,1269340000,2000
1020,1269340000,1269342000,2000
1021,1269342000,1269344000,2000
1022,1269344000,1269346000,2000
1023,1269346000,1269348000,2000
1024,1269348000,1269350000,2000
1025,1269350000,1269352000,2000
1026,1269352000,1269354000,2000
1027,1269354000,1269356000,2000
1028,1269356000,1269358000,2000
1029,1269358000,1269360000,2000
1030,1269360000,1269362000,2000
1031,1269362000,1269364000,2000
