,start,end,duration
4964,1238164796,1238167552,2756
4966,1238167552,1238170549,2997
4961,1238170954,1238171648,694
4962,1238171648,1238172929,1281
4965,1238172987,1238175744,2757
4967,1238175744,1238179840,4096
4968,1238179840,1238183936,4096
4969,1238183936,1238188032,4096
4970,1238188032,1238192128,4096
4971,1238192128,1238196224,4096
4960,1238196224,1238196793,569
4963,1238198080,1238200320,2240
1075,1238200320,1238204416,4096
1076,1238204416,1238208512,4096
1077,1238208512,1238212608,4096
1072,1238212608,1238215142,2534
1069,1238227174,1238228992,1818
1074,1238228992,1238232306,3314
1067,1238235751,1238237184,1433
1071,1238237184,1238239667,2483
1066,1238245131,1238245376,245
1078,1238245376,1238249472,4096
1073,1238249472,1238252455,2983
1070,1238290519,1238292971,2452
1068,1238292998,1238294528,1530
1079,1238294528,1238298624,4096
1080,1238298624,1238302720,4096
1364,1238302720,1238306816,4096
1360,1238306816,1238308337,1521
1356,1238318337,1238319104,767
1365,1238319104,1238323200,4096
1366,1238323200,1238327296,4096
1367,1238327296,1238331392,4096
1368,1238331392,1238335488,4096
1369,1238335488,1238339584,4096
1370,1238339584,1238343680,4096
1357,1238343680,1238344470,790
1358,1238350866,1238351872,1006
1371,1238351872,1238355968,4096
1359,1238355968,1238357139,1171
1362,1238368387,1238372352,3965
1361,1238372352,1238374369,2017
1355,1238383560,1238383899,339
1363,1238384700,1238388736,4036
1372,1238388736,1238392832,4096
1373,1238392832,1238396928,4096
1374,1238396928,1238401024,4096
2114,1238401024,1238405120,4096
2115,1238405120,1238409216,4096
2112,1238409216,1238412533,3317
2108,1238412673,1238413312,639
2116,1238413312,1238417408,4096
2117,1238417408,1238421504,4096
2118,1238421504,1238425600,4096
2119,1238425600,1238429696,4096
2120,1238429696,1238433792,4096
2121,1238433792,1238437888,4096
2111,1238437888,1238440687,2799
2113,1238450550,1238454272,3722
2122,1238454272,1238458368,4096
2123,1238458368,1238462464,4096
2124,1238462464,1238466560,4096
2125,1238466560,1238470656,4096
2126,1238470656,1238474752,4096
2127,1238474752,1238478848,4096
2109,1238478848,1238479684,836
2110,1238480945,1238482944,1999
2128,1238482944,1238487040,4096
2129,1238487040,1238491136,4096
2130,1238491136,1238495232,4096
2131,1238495232,1238499328,4096
2132,1238499328,1238503424,4096
2433,1238503424,1238507520,4096
2434,1238507520,1238511616,4096
2435,1238511616,1238515712,4096
2436,1238515712,1238519808,4096
2425,1238519808,1238519915,107
2431,1238528523,1238532096,3573
2430,1238532096,1238535532,3436
2427,1238538791,1238538970,179
2426,1238543229,1238543356,127
2428,1238546544,1238548480,1936
2437,1238548480,1238552576,4096
2429,1238552576,1238555462,2886
2432,1238561172,1238564864,3692
2438,1238564864,1238568960,4096
2439,1238568960,1238573056,4096
2440,1238573056,1238577152,4096
2441,1238577152,1238581248,4096
2442,1238581248,1238585344,4096
2443,1238585344,1238589440,4096
2444,1238589440,1238593536,4096
2445,1238593536,1238597632,4096
2446,1238597632,1238601728,4096
3601,1238601728,1238605824,4096
3602,1238605824,1238609920,4096
3603,1238609920,1238614016,4096
3604,1238614016,1238618112,4096
3597,1238618112,1238619975,1863
3593,1238633668,1238634496,828
3595,1238634496,1238636182,1686
3598,1238636322,1238638592,2270
3605,1238638592,1238642688,4096
3606,1238642688,1238646784,4096
3607,1238646784,1238650880,4096
3608,1238650880,1238654976,4096
3609,1238654976,1238659072,4096
3610,1238659072,1238663168,4096
3611,1238663168,1238667264,4096
3612,1238667264,1238671360,4096
3594,1238671360,1238672700,1340
3599,1238672772,1238675456,2684
3613,1238675456,1238679552,4096
3614,1238679552,1238683648,4096
3600,1238683648,1238687597,3949
3592,1238691231,1238691840,609
3615,1238691840,1238695936,4096
3596,1238695936,1238697794,1858
3426,1238700880,1238704128,3248
3429,1238704128,1238708224,4096
3430,1238708224,1238712320,4096
3431,1238712320,1238716416,4096
3432,1238716416,1238720512,4096
3428,1238720512,1238724601,4089
3423,1238725606,1238728704,3098
3433,1238728704,1238732800,4096
3434,1238732800,1238736896,4096
3435,1238736896,1238740992,4096
3436,1238740992,1238745088,4096
3437,1238745088,1238749184,4096
3438,1238749184,1238753280,4096
3439,1238753280,1238757376,4096
3418,1238757376,1238758204,828
3424,1238758276,1238761472,3196
3440,1238761472,1238765568,4096
3441,1238765568,1238769664,4096
3427,1238769664,1238773286,3622
3417,1238773470,1238773760,290
3422,1238773760,1238775952,2192
3420,1238775984,1238777856,1872
3442,1238777856,1238781952,4096
3425,1238781952,1238785197,3245
3419,1238790677,1238791932,1255
3421,1238792260,1238794240,1980
3443,1238794240,1238798336,4096
3444,1238798336,1238802432,4096
960,1238802432,1238806528,4096
961,1238806528,1238810624,4096
962,1238810624,1238814720,4096
963,1238814720,1238818816,4096
955,1238818816,1238819101,285
959,1238819843,1238822912,3069
964,1238822912,1238827008,4096
965,1238827008,1238831104,4096
958,1238831104,1238833576,2472
956,1238834630,1238835200,570
966,1238835200,1238839296,4096
967,1238839296,1238843392,4096
968,1238843392,1238847488,4096
969,1238847488,1238851584,4096
970,1238851584,1238855680,4096
957,1238855680,1238856499,819
5608,1238908060,1238908158,98
5614,1238908201,1238908928,727
5620,1238908928,1238910359,1431
5622,1238918962,1238921216,2254
5628,1238921216,1238925312,4096
5629,1238925312,1238929408,4096
5615,1238929408,1238930392,984
5626,1238938360,1238941696,3336
5611,1238941696,1238942103,407
5625,1238955200,1238958080,2880
5617,1238958080,1238959424,1344
5627,1238966517,1238970368,3851
5616,1238970368,1238971467,1099
5619,1238973057,1238974464,1407
5630,1238974464,1238978560,4096
5613,1238978560,1238979204,644
5621,1238981086,1238982656,1570
5631,1238982656,1238986752,4096
5612,1238986752,1238987166,414
5610,1238990514,1238990848,334
5624,1238990848,1238993507,2659
5618,1238993549,1238994944,1395
5609,1238994944,1238995065,121
5623,1238996638,1238999040,2402
5632,1238999040,1239003136,4096
1626,1239003136,1239007189,4053
1621,1239009856,1239010368,512
1623,1239010425,1239011328,903
1627,1239011328,1239015424,4096
1628,1239015424,1239019520,4096
1629,1239019520,1239023616,4096
1630,1239023616,1239027712,4096
1631,1239027712,1239031808,4096
1632,1239031808,1239035904,4096
1633,1239035904,1239040000,4096
1634,1239040000,1239044096,4096
1620,1239044096,1239044583,487
1622,1239059786,1239060480,694
1635,1239060480,1239064576,4096
1636,1239064576,1239068672,4096
1637,1239068672,1239072768,4096
1638,1239072768,1239076864,4096
1639,1239076864,1239080960,4096
1625,1239080960,1239083006,2046
1624,1239087140,1239089152,2012
1640,1239089152,1239093248,4096
1641,1239093248,1239097344,4096
1642,1239097344,1239101440,4096
5371,1239101440,1239103228,1788
5372,1239103364,1239105536,2172
5367,1239105536,1239106302,766
5374,1239127044,1239130112,3068
5376,1239130112,1239134208,4096
5377,1239134208,1239138304,4096
5373,1239138304,1239140924,2620
5369,1239149500,1239150592,1092
5375,1239150592,1239153689,3097
5368,1239153848,1239154688,840
5378,1239154688,1239158784,4096
5379,1239158784,1239162880,4096
5380,1239162880,1239166976,4096
5381,1239166976,1239171072,4096
5382,1239171072,1239175168,4096
5383,1239175168,1239179264,4096
5384,1239179264,1239183360,4096
5385,1239183360,1239187456,4096
5386,1239187456,1239191552,4096
5387,1239191552,1239195648,4096
5388,1239195648,1239199744,4096
5370,1239199744,1239201390,1646
3096,1239201471,1239203840,2369
3102,1239203840,1239207936,4096
3094,1239207936,1239208793,857
3098,1239213615,1239216128,2513
3103,1239216128,1239220224,4096
3104,1239220224,1239224320,4096
3105,1239224320,1239228416,4096
3100,1239228416,1239232125,3709
3101,1239244940,1239248896,3956
3106,1239248896,1239252992,4096
3093,1239252992,1239253498,506
3095,1239263053,1239265280,2227
3107,1239265280,1239269376,4096
3108,1239269376,1239273472,4096
3109,1239273472,1239277568,4096
3110,1239277568,1239281664,4096
3111,1239281664,1239285760,4096
3099,1239285760,1239288926,3166
3097,1239295624,1239298048,2424
3112,1239298048,1239302144,4096
1185,1239302144,1239306240,4096
1186,1239306240,1239310336,4096
1187,1239310336,1239314432,4096
1188,1239314432,1239318528,4096
1181,1239318528,1239318836,308
1180,1239322378,1239322624,246
1189,1239322624,1239326720,4096
1190,1239326720,1239330816,4096
1191,1239330816,1239334912,4096
1192,1239334912,1239339008,4096
1184,1239339008,1239341782,2774
1183,1239348722,1239351296,2574
1193,1239351296,1239355392,4096
1194,1239355392,1239359488,4096
1195,1239359488,1239363584,4096
1196,1239363584,1239367680,4096
1197,1239367680,1239371776,4096
1198,1239371776,1239375872,4096
1199,1239375872,1239379968,4096
1200,1239379968,1239384064,4096
1201,1239384064,1239388160,4096
1202,1239388160,1239392256,4096
1203,1239392256,1239396352,4096
1182,1239396352,1239398850,2498
5806,1239430170,1239430250,80
5810,1239430804,1239433216,2412
5815,1239433216,1239437312,4096
5816,1239437312,1239441408,4096
5817,1239441408,1239445504,4096
5814,1239445504,1239449340,3836
5807,1239449412,1239449600,188
5818,1239449600,1239453696,4096
5819,1239453696,1239457792,4096
5812,1239457792,1239461138,3346
5811,1239483766,1239486464,2698
5820,1239486464,1239490560,4096
5808,1239490560,1239491090,530
5809,1239497816,1239498752,936
5813,1239498752,1239502455,3703
5654,1239515967,1239519232,3265
5655,1239519232,1239523328,4096
5656,1239523328,1239527424,4096
5657,1239527424,1239531520,4096
5658,1239531520,1239535616,4096
5659,1239535616,1239539712,4096
5660,1239539712,1239543808,4096
5661,1239543808,1239547904,4096
5662,1239547904,1239552000,4096
5663,1239552000,1239556096,4096
5664,1239556096,1239560192,4096
5665,1239560192,1239564288,4096
5651,1239564288,1239566422,2134
5653,1239594591,1239597056,2465
5652,1239597056,1239599277,2221
3278,1239619579,1239621632,2053
3283,1239621632,1239625728,4096
3284,1239625728,1239629824,4096
3285,1239629824,1239633920,4096
3279,1239633920,1239636444,2524
3281,1239672090,1239674880,2790
3286,1239674880,1239678976,4096
3287,1239678976,1239683072,4096
3280,1239683072,1239685815,2743
3277,1239685979,1239687168,1189
3276,1239687168,1239687649,481
3282,1239687766,1239691264,3498
3288,1239691264,1239695360,4096
3289,1239695360,1239699456,4096
3290,1239699456,1239703552,4096
1721,1239703552,1239707648,4096
1722,1239707648,1239711744,4096
1723,1239711744,1239715840,4096
1719,1239715840,1239719507,3667
1720,1239720016,1239724032,4016
1716,1239724032,1239726069,2037
1715,1239726377,1239728128,1751
1724,1239728128,1239732224,4096
1725,1239732224,1239736320,4096
1726,1239736320,1239740416,4096
1718,1239740416,1239743998,3582
1717,1239757903,1239760896,2993
1727,1239760896,1239764992,4096
1728,1239764992,1239769088,4096
1729,1239769088,1239773184,4096
1730,1239773184,1239777280,4096
1731,1239777280,1239781376,4096
1732,1239781376,1239785472,4096
1713,1239785472,1239785659,187
1714,1239788688,1239789568,880
1733,1239789568,1239793664,4096
1734,1239793664,1239797760,4096
1735,1239797760,1239801856,4096
5925,1239801856,1239805952,4096
5926,1239805952,1239810048,4096
5927,1239810048,1239814144,4096
5928,1239814144,1239818240,4096
5929,1239818240,1239822336,4096
5918,1239822336,1239822414,78
5919,1239822694,1239823209,515
5924,1239823328,1239826432,3104
5930,1239826432,1239830528,4096
5931,1239830528,1239834624,4096
5921,1239834624,1239836416,1792
5922,1239840671,1239842816,2145
5932,1239842816,1239846912,4096
5933,1239846912,1239851008,4096
5934,1239851008,1239855104,4096
5935,1239855104,1239859200,4096
5936,1239859200,1239863296,4096
5937,1239863296,1239867392,4096
5938,1239867392,1239871488,4096
5939,1239871488,1239875584,4096
5923,1239875584,1239878684,3100
5917,1239878705,1239878711,6
5920,1239878773,1239879680,907
5940,1239879680,1239883776,4096
5941,1239883776,1239887872,4096
5942,1239887872,1239891968,4096
5943,1239891968,1239896064,4096
5944,1239896064,1239900160,4096
2888,1239900160,1239904256,4096
2889,1239904256,1239908352,4096
2890,1239908352,1239912448,4096
2891,1239912448,1239916544,4096
2885,1239916544,1239918470,1926
2884,1239920069,1239920640,571
2886,1239920640,1239923888,3248
2883,1239940651,1239941120,469
2892,1239941120,1239945216,4096
2893,1239945216,1239949312,4096
2894,1239949312,1239953408,4096
2895,1239953408,1239957504,4096
2896,1239957504,1239961600,4096
2897,1239961600,1239965696,4096
2898,1239965696,1239969792,4096
2899,1239969792,1239973888,4096
2900,1239973888,1239977984,4096
2901,1239977984,1239982080,4096
2902,1239982080,1239986176,4096
2903,1239986176,1239990272,4096
2887,1239990272,1239993538,3266
3705,1240037821,1240039424,1603
3706,1240039424,1240043520,4096
3707,1240043520,1240047616,4096
3708,1240047616,1240051712,4096
3709,1240051712,1240055808,4096
3710,1240055808,1240059904,4096
3711,1240059904,1240064000,4096
3704,1240064000,1240065159,1159
3703,1240065469,1240066047,578
3882,1240104659,1240104960,301
3889,1240104960,1240109056,4096
3886,1240109056,1240111574,2518
3884,1240124192,1240125440,1248
3890,1240125440,1240129536,4096
3891,1240129536,1240133632,4096
3892,1240133632,1240137728,4096
3888,1240137728,1240141509,3781
3887,1240146663,1240150016,3353
3893,1240150016,1240154112,4096
3894,1240154112,1240158208,4096
3885,1240158208,1240160231,2023
3883,1240189772,1240190976,1204
3895,1240190976,1240195072,4096
3896,1240195072,1240199168,4096
3897,1240199168,1240203264,4096
5001,1240203264,1240207360,4096
5002,1240207360,1240211456,4096
4999,1240211456,1240214165,2709
4992,1240219502,1240219648,146
5003,1240219648,1240223744,4096
5004,1240223744,1240227840,4096
5005,1240227840,1240231936,4096
5006,1240231936,1240236032,4096
5007,1240236032,1240240128,4096
5008,1240240128,1240244224,4096
5009,1240244224,1240248320,4096
4993,1240248320,1240249072,752
4997,1240266407,1240268800,2393
5010,1240268800,1240272896,4096
4998,1240272896,1240275368,2472
4995,1240275999,1240276992,993
4994,1240276992,1240277858,866
4996,1240279910,1240281088,1178
5011,1240281088,1240285184,4096
5000,1240285233,1240289280,4047
5012,1240289280,1240293376,4096
5013,1240293376,1240297472,4096
5014,1240297472,1240301568,4096
4709,1240301568,1240305664,4096
4710,1240305664,1240309760,4096
4711,1240309760,1240313856,4096
4712,1240313856,1240317952,4096
4713,1240317952,1240322048,4096
4714,1240322048,1240326144,4096
4715,1240326144,1240330240,4096
4702,1240330240,1240331167,927
4706,1240335696,1240338432,2736
4716,1240338432,1240342528,4096
4699,1240342528,1240342595,67
4701,1240345870,1240346624,754
4717,1240346624,1240350720,4096
4705,1240350720,1240352951,2231
4704,1240360860,1240363008,2148
4718,1240363008,1240367104,4096
4719,1240367104,1240371200,4096
4708,1240371241,1240374780,3539
4700,1240374889,1240375296,407
4720,1240375296,1240379392,4096
4721,1240379392,1240383488,4096
4722,1240383488,1240387584,4096
4723,1240387584,1240391680,4096
4724,1240391680,1240395776,4096
4707,1240395776,1240398780,3004
4703,1240398852,1240399872,1020
4725,1240399872,1240403968,4096
4906,1240403968,1240408064,4096
4907,1240408064,1240412160,4096
4908,1240412160,1240416256,4096
4909,1240416256,1240420352,4096
4910,1240420352,1240424448,4096
4905,1240424448,1240425611,1163
3539,1240546514,1240547328,814
3540,1240547328,1240551424,4096
3541,1240551424,1240555520,4096
3542,1240555520,1240559616,4096
3543,1240559616,1240563712,4096
3544,1240563712,1240567808,4096
3545,1240567808,1240571904,4096
3546,1240571904,1240576000,4096
3547,1240576000,1240580096,4096
3548,1240580096,1240584192,4096
3549,1240584192,1240588288,4096
3550,1240588288,1240592384,4096
3551,1240592384,1240596480,4096
3552,1240596480,1240600576,4096
4657,1240600576,1240604672,4096
4655,1240604672,1240606748,2076
4654,1240606814,1240608768,1954
4658,1240608768,1240612864,4096
4648,1240612864,1240613059,195
4656,1240613086,1240616960,3874
4659,1240616960,1240621056,4096
4649,1240621056,1240621302,246
4651,1240624017,1240624399,382
4653,1240624412,1240625152,740
4660,1240625152,1240629248,4096
4661,1240629248,1240633344,4096
4662,1240633344,1240637440,4096
4663,1240637440,1240641536,4096
4664,1240641536,1240645632,4096
4665,1240645632,1240649728,4096
4666,1240649728,1240653824,4096
4667,1240653824,1240657920,4096
4668,1240657920,1240662016,4096
4669,1240662016,1240666112,4096
4670,1240666112,1240670208,4096
4652,1240670208,1240670803,595
4650,1240698508,1240698880,372
4671,1240698880,1240702976,4096
6041,1240702976,1240707072,4096
6042,1240707072,1240711168,4096
6043,1240711168,1240715264,4096
6044,1240715264,1240719360,4096
6045,1240719360,1240723456,4096
6046,1240723456,1240727552,4096
6047,1240727552,1240731648,4096
6048,1240731648,1240735744,4096
6049,1240735744,1240739840,4096
6050,1240739840,1240743936,4096
6051,1240743936,1240748032,4096
6052,1240748032,1240752128,4096
6053,1240752128,1240756224,4096
6054,1240756224,1240760320,4096
6039,1240760320,1240763989,3669
6035,1240764331,1240764416,85
6055,1240764416,1240768512,4096
6040,1240768512,1240772399,3887
6038,1240781985,1240784896,2911
6036,1240784896,1240786108,1212
6037,1240795605,1240797184,1579
6056,1240797184,1240801280,4096
981,1240801280,1240805376,4096
982,1240805376,1240809472,4096
983,1240809472,1240813568,4096
973,1240813568,1240814243,675
972,1240821139,1240821760,621
984,1240821760,1240825856,4096
985,1240825856,1240829952,4096
986,1240829952,1240834048,4096
987,1240834048,1240838144,4096
988,1240838144,1240842240,4096
977,1240842240,1240844083,1843
971,1240849944,1240850432,488
980,1240850432,1240853585,3153
975,1240853610,1240854528,918
974,1240854528,1240855236,708
978,1240860330,1240862720,2390
989,1240862720,1240866816,4096
976,1240866816,1240867962,1146
979,1240872261,1240875008,2747
990,1240875008,1240879104,4096
991,1240879104,1240883200,4096
992,1240883200,1240887296,4096
993,1240887296,1240891392,4096
994,1240891392,1240895488,4096
995,1240895488,1240899584,4096
996,1240899584,1240903680,4096
1741,1240903680,1240907776,4096
1742,1240907776,1240911872,4096
1743,1240911872,1240915968,4096
1738,1240915968,1240919356,3388
1737,1240919428,1240920064,636
1744,1240920064,1240924160,4096
1745,1240924160,1240928256,4096
1746,1240928256,1240932352,4096
1747,1240932352,1240936448,4096
1748,1240936448,1240940544,4096
1740,1240940621,1240944640,4019
1749,1240944640,1240948736,4096
1750,1240948736,1240952832,4096
1751,1240952832,1240956928,4096
1752,1240956928,1240961024,4096
1736,1240961024,1240961211,187
1739,1240961309,1240965120,3811
1753,1240965120,1240969216,4096
1754,1240969216,1240973312,4096
1755,1240973312,1240977408,4096
1756,1240977408,1240981504,4096
1757,1240981504,1240985600,4096
1758,1240985600,1240989696,4096
1759,1240989696,1240993792,4096
1760,1240993792,1240997888,4096
1761,1240997888,1241001984,4096
3064,1241001984,1241002495,511
3072,1241002600,1241006080,3480
3073,1241006080,1241010176,4096
3066,1241010176,1241011102,926
3070,1241068861,1241071616,2755
3068,1241071616,1241073789,2173
3065,1241073881,1241074723,842
3071,1241088652,1241092096,3444
3063,1241092096,1241092348,252
3067,1241092420,1241093422,1002
3069,1241093492,1241096192,2700
3074,1241096192,1241100288,4096
2599,1241100288,1241104384,4096
2600,1241104384,1241108480,4096
2601,1241108480,1241112576,4096
2602,1241112576,1241116672,4096
2603,1241116672,1241120768,4096
2597,1241120768,1241123810,3042
2593,1241123878,1241124864,986
2604,1241124864,1241128960,4096
2605,1241128960,1241133056,4096
2606,1241133056,1241137152,4096
2607,1241137152,1241141248,4096
2608,1241141248,1241145344,4096
2609,1241145344,1241149440,4096
2610,1241149440,1241153536,4096
2611,1241153536,1241157632,4096
2612,1241157632,1241161728,4096
2613,1241161728,1241165824,4096
2614,1241165824,1241169920,4096
2615,1241169920,1241174016,4096
2594,1241174016,1241175681,1665
2595,1241175793,1241178112,2319
2591,1241178112,1241178492,380
2598,1241178564,1241182208,3644
2616,1241182208,1241186304,4096
2617,1241186304,1241190400,4096
2618,1241190400,1241194496,4096
2596,1241194496,1241196917,2421
2592,1241197660,1241198592,932
2619,1241198592,1241202688,4096
5134,1241202688,1241206784,4096
5135,1241206784,1241210880,4096
5133,1241210880,1241214225,3345
5130,1241242959,1241243122,163
5131,1241243169,1241243648,479
5136,1241243648,1241247744,4096
5137,1241247744,1241251840,4096
5138,1241251840,1241255936,4096
5139,1241255936,1241260032,4096
5140,1241260032,1241264128,4096
5141,1241264128,1241268224,4096
5142,1241268224,1241272320,4096
5132,1241272320,1241275548,3228
411,1241302060,1241305088,3028
412,1241305088,1241309184,4096
406,1241309184,1241309944,760
410,1241310397,1241313280,2883
413,1241313280,1241317376,4096
414,1241317376,1241321472,4096
415,1241321472,1241325568,4096
416,1241325568,1241329664,4096
417,1241329664,1241333760,4096
403,1241333760,1241334204,444
400,1241366461,1241366528,67
418,1241366528,1241370624,4096
419,1241370624,1241374720,4096
407,1241374720,1241376164,1444
401,1241376243,1241376348,105
405,1241381956,1241382706,750
404,1241390460,1241391104,644
402,1241391104,1241391237,133
408,1241393338,1241395200,1862
409,1241395200,1241397900,2700
5308,1241402964,1241403392,428
5317,1241403392,1241407488,4096
5311,1241407488,1241409504,2016
5312,1241417182,1241419776,2594
5318,1241419776,1241423872,4096
5319,1241423872,1241427968,4096
5320,1241427968,1241432064,4096
5321,1241432064,1241436160,4096
5322,1241436160,1241440256,4096
5323,1241440256,1241444352,4096
5324,1241444352,1241448448,4096
5325,1241448448,1241452544,4096
5313,1241452544,1241455140,2596
5316,1241469393,1241473024,3631
5310,1241473024,1241474688,1664
5309,1241476088,1241477120,1032
5307,1241477120,1241477440,320
5314,1241482257,1241485312,3055
5326,1241485312,1241489408,4096
5327,1241489408,1241493504,4096
5315,1241493504,1241496841,3337
2495,1241502042,1241505792,3750
2496,1241505792,1241509888,4096
2497,1241509888,1241513984,4096
2498,1241513984,1241518080,4096
2499,1241518080,1241522176,4096
2500,1241522176,1241526272,4096
2501,1241526272,1241530368,4096
2502,1241530368,1241534464,4096
2503,1241534464,1241538560,4096
2504,1241538560,1241542656,4096
2492,1241542656,1241543561,905
2491,1241546148,1241546752,604
2505,1241546752,1241550848,4096
2506,1241550848,1241554944,4096
2507,1241554944,1241559040,4096
2508,1241559040,1241563136,4096
2509,1241563136,1241567232,4096
2494,1241567232,1241569520,2288
2493,1241569755,1241571328,1573
2510,1241571328,1241575424,4096
2511,1241575424,1241579520,4096
2512,1241579520,1241583616,4096
2513,1241583616,1241587712,4096
2514,1241587712,1241591808,4096
2515,1241591808,1241595904,4096
2516,1241595904,1241600000,4096
5516,1241600000,1241604096,4096
5517,1241604096,1241608192,4096
5518,1241608192,1241612288,4096
5519,1241612288,1241616384,4096
5520,1241616384,1241620480,4096
5521,1241620480,1241624576,4096
5522,1241624576,1241628672,4096
5523,1241628672,1241632768,4096
5524,1241632768,1241636864,4096
5525,1241636864,1241640960,4096
5526,1241640960,1241645056,4096
5527,1241645056,1241649152,4096
5528,1241649152,1241653248,4096
5529,1241653248,1241657344,4096
5530,1241657344,1241661440,4096
5531,1241661440,1241665536,4096
5532,1241665536,1241669632,4096
5533,1241669632,1241673728,4096
5534,1241673728,1241677824,4096
5515,1241677824,1241680362,2538
5514,1241689640,1241690112,472
5535,1241690112,1241694208,4096
5536,1241694208,1241698304,4096
5537,1241698304,1241702400,4096
1989,1241702400,1241706496,4096
1990,1241706496,1241710592,4096
1991,1241710592,1241714688,4096
1992,1241714688,1241718784,4096
1993,1241718784,1241722880,4096
1988,1241722880,1241725020,2140
1987,1241739102,1241739264,162
1994,1241739264,1241743360,4096
1995,1241743360,1241747456,4096
1996,1241747456,1241751552,4096
1997,1241751552,1241755648,4096
1998,1241755648,1241759744,4096
1999,1241759744,1241763840,4096
2000,1241763840,1241767936,4096
2001,1241767936,1241772032,4096
2002,1241772032,1241776128,4096
2003,1241776128,1241780224,4096
2004,1241780224,1241784320,4096
2005,1241784320,1241788416,4096
2006,1241788416,1241792512,4096
2007,1241792512,1241796608,4096
2008,1241796608,1241800704,4096
4381,1241800704,1241804800,4096
4380,1241804800,1241808777,3977
4377,1241810678,1241812992,2314
4382,1241812992,1241817088,4096
4378,1241817088,1241819786,2698
4371,1241820195,1241821184,989
4379,1241821184,1241824573,3389
4373,1241831865,1241833472,1607
4383,1241833472,1241837568,4096
4384,1241837568,1241841664,4096
4385,1241841664,1241845760,4096
4386,1241845760,1241849856,4096
4387,1241849856,1241853952,4096
4388,1241853952,1241858048,4096
4389,1241858048,1241862144,4096
4390,1241862144,1241866240,4096
4372,1241866240,1241867688,1448
4375,1241868465,1241870336,1871
4374,1241870336,1241871981,1645
4376,1241872515,1241874432,1917
4370,1241874432,1241874757,325
1462,1241934582,1241934706,124
1464,1241934797,1241935328,531
1463,1241935423,1241935872,449
1466,1241935872,1241939968,4096
1467,1241939968,1241944064,4096
1468,1241944064,1241948160,4096
1469,1241948160,1241952256,4096
1470,1241952256,1241956352,4096
1465,1241956352,1241959895,3543
4838,1242071790,1242075136,3346
4839,1242075136,1242079232,4096
4836,1242079232,1242080583,1351
4837,1242080818,1242083328,2510
4835,1242083328,1242083994,666
5226,1242107200,1242107904,704
5234,1242107904,1242112000,4096
5235,1242112000,1242116096,4096
5230,1242116096,1242117912,1816
5225,1242117939,1242118412,473
5224,1242118436,1242118895,459
5216,1242118936,1242119004,68
5217,1242119046,1242119199,153
5222,1242119335,1242119621,286
5220,1242119643,1242119895,252
5214,1242119904,1242119921,17
5209,1242119927,1242119931,4
5213,1242119937,1242119946,9
5210,1242119951,1242119956,5
5215,1242119961,1242119979,18
5211,1242119984,1242119990,6
5219,1242119996,1242120192,196
5212,1242120192,1242120200,8
5218,1242120205,1242120392,187
5228,1242122550,1242123636,1086
5232,1242124676,1242128384,3708
5236,1242128384,1242132480,4096
5237,1242132480,1242136576,4096
5238,1242136576,1242140672,4096
5239,1242140672,1242144768,4096
5240,1242144768,1242148864,4096
5231,1242148864,1242150920,2056
5229,1242151493,1242152904,1411
5221,1242178245,1242178504,259
5233,1242181955,1242185728,3773
5227,1242185728,1242186580,852
5223,1242189378,1242189824,446
5241,1242189824,1242193920,4096
5242,1242193920,1242198016,4096
5243,1242198016,1242202112,4096
1690,1242202112,1242206208,4096
1691,1242206208,1242210304,4096
1692,1242210304,1242214400,4096
1693,1242214400,1242218496,4096
1694,1242218496,1242222592,4096
1695,1242222592,1242226688,4096
1696,1242226688,1242230784,4096
1697,1242230784,1242234880,4096
1689,1242234880,1242237996,3116
1688,1242238600,1242238976,376
1698,1242238976,1242243072,4096
1699,1242243072,1242247168,4096
1700,1242247168,1242251264,4096
1701,1242251264,1242255360,4096
1702,1242255360,1242259456,4096
1703,1242259456,1242263552,4096
1704,1242263552,1242267648,4096
1705,1242267648,1242271744,4096
1706,1242271744,1242275840,4096
1707,1242275840,1242279936,4096
1708,1242279936,1242284032,4096
1709,1242284032,1242288128,4096
1710,1242288128,1242292224,4096
1711,1242292224,1242296320,4096
1712,1242296320,1242300416,4096
836,1242300497,1242304512,4015
837,1242304512,1242308608,4096
838,1242308608,1242312704,4096
839,1242312704,1242316800,4096
840,1242316800,1242320896,4096
841,1242320896,1242324992,4096
842,1242324992,1242329088,4096
843,1242329088,1242333184,4096
844,1242333184,1242337280,4096
845,1242337280,1242341376,4096
846,1242341376,1242345472,4096
847,1242345472,1242349568,4096
848,1242349568,1242353664,4096
849,1242353664,1242357760,4096
850,1242357760,1242361856,4096
851,1242361856,1242365952,4096
852,1242365952,1242370048,4096
853,1242370048,1242374144,4096
854,1242374144,1242378240,4096
855,1242378240,1242382336,4096
856,1242382336,1242386432,4096
857,1242386432,1242390528,4096
858,1242390528,1242394624,4096
859,1242394624,1242398720,4096
835,1242398720,1242399908,1188
3840,1242400054,1242402816,2762
3841,1242402816,1242406912,4096
3842,1242406912,1242411008,4096
3843,1242411008,1242415104,4096
3844,1242415104,1242419200,4096
3845,1242419200,1242423296,4096
3846,1242423296,1242427392,4096
3847,1242427392,1242431488,4096
3848,1242431488,1242435584,4096
3838,1242435584,1242436910,1326
3839,1242437036,1242439680,2644
3849,1242439680,1242443776,4096
3850,1242443776,1242447872,4096
3851,1242447872,1242451968,4096
3852,1242451968,1242456064,4096
3853,1242456064,1242460160,4096
3854,1242460160,1242464256,4096
3855,1242464256,1242468352,4096
3856,1242468352,1242472448,4096
3857,1242472448,1242476544,4096
3858,1242476544,1242480640,4096
3859,1242480640,1242484736,4096
3837,1242484736,1242485126,390
3718,1242522323,1242525696,3373
3722,1242525696,1242529792,4096
3717,1242529792,1242533014,3222
3713,1242533024,1242533888,864
3714,1242533888,1242535358,1470
3716,1242535512,1242537984,2472
3723,1242537984,1242542080,4096
3724,1242542080,1242546176,4096
3725,1242546176,1242550272,4096
3726,1242550272,1242554368,4096
3727,1242554368,1242558464,4096
3721,1242558502,1242562560,4058
3728,1242562560,1242566656,4096
3712,1242566656,1242567105,449
3719,1242567213,1242570752,3539
3729,1242570752,1242574848,4096
3730,1242574848,1242578944,4096
3731,1242578944,1242583040,4096
3732,1242583040,1242587136,4096
3720,1242587136,1242590950,3814
3715,1242593626,1242595328,1702
3733,1242595328,1242599424,4096
3734,1242599424,1242603520,4096
3475,1242603520,1242607616,4096
3476,1242607616,1242611712,4096
3477,1242611712,1242615808,4096
3478,1242615808,1242619904,4096
3479,1242619904,1242624000,4096
3470,1242624000,1242624762,762
3473,1242630594,1242632192,1598
3480,1242632192,1242636288,4096
3481,1242636288,1242640384,4096
3482,1242640384,1242644480,4096
3483,1242644480,1242648576,4096
3484,1242648576,1242652672,4096
3485,1242652672,1242656768,4096
3486,1242656768,1242660864,4096
3471,1242660864,1242661869,1005
3472,1242673222,1242674347,1125
3469,1242677826,1242678402,576
3474,1242681900,1242685440,3540
3487,1242685440,1242689536,4096
3488,1242689536,1242693632,4096
3489,1242693632,1242697728,4096
3490,1242697728,1242701824,4096
1230,1242701824,1242705920,4096
1231,1242705920,1242710016,4096
1232,1242710016,1242714112,4096
1233,1242714112,1242718208,4096
1234,1242718208,1242722304,4096
1235,1242722304,1242726400,4096
1236,1242726400,1242730496,4096
1237,1242730496,1242734592,4096
1238,1242734592,1242738688,4096
1239,1242738688,1242742784,4096
1240,1242742784,1242746880,4096
1241,1242746880,1242750976,4096
1242,1242750976,1242755072,4096
1243,1242755072,1242759168,4096
1244,1242759168,1242763264,4096
1245,1242763264,1242767360,4096
1246,1242767360,1242771456,4096
1229,1242771456,1242773530,2074
1228,1242773673,1242775552,1879
1247,1242775552,1242779648,4096
1248,1242779648,1242783744,4096
1249,1242783744,1242787840,4096
1250,1242787840,1242791936,4096
1251,1242791936,1242796032,4096
1252,1242796032,1242800128,4096
5146,1242800128,1242804224,4096
5147,1242804224,1242808320,4096
5148,1242808320,1242812416,4096
5149,1242812416,1242816512,4096
5150,1242816512,1242820608,4096
5151,1242820608,1242824704,4096
5152,1242824704,1242828800,4096
5153,1242828800,1242832896,4096
5154,1242832896,1242836992,4096
5155,1242836992,1242841088,4096
5156,1242841088,1242845184,4096
5157,1242845184,1242849280,4096
5158,1242849280,1242853376,4096
5159,1242853376,1242857472,4096
5160,1242857472,1242861568,4096
5161,1242861568,1242865664,4096
5145,1242865664,1242867876,2212
5143,1242877868,1242877952,84
5162,1242877952,1242882048,4096
5163,1242882048,1242886144,4096
5164,1242886144,1242890240,4096
5144,1242890240,1242892323,2083
4974,1242926892,1242927104,212
4985,1242927104,1242931200,4096
4983,1242931200,1242934071,2871
4978,1242934327,1242935296,969
4986,1242935296,1242939392,4096
4976,1242939392,1242939721,329
4977,1242940681,1242941614,933
4972,1242945997,1242946076,79
4973,1242947383,1242947584,201
4980,1242947584,1242949077,1493
4975,1242959589,1242959872,283
4987,1242959872,1242963968,4096
4982,1242963968,1242966615,2647
4979,1242966826,1242968064,1238
4988,1242968064,1242972160,4096
4989,1242972160,1242976256,4096
4990,1242976256,1242980352,4096
4991,1242980352,1242984448,4096
4981,1242984448,1242986292,1844
4984,1242997801,1243000832,3031
4687,1243000832,1243004928,4096
4688,1243004928,1243009024,4096
4689,1243009024,1243013120,4096
4690,1243013120,1243017216,4096
4685,1243017216,1243018029,813
4683,1243053824,1243054080,256
4691,1243054080,1243058176,4096
4692,1243058176,1243062272,4096
4693,1243062272,1243066368,4096
4694,1243066368,1243070464,4096
4695,1243070464,1243074560,4096
4696,1243074560,1243078656,4096
4697,1243078656,1243082752,4096
4698,1243082752,1243086848,4096
4686,1243086848,1243089923,3075
4684,1243090503,1243090780,277
3362,1243117121,1243119616,2495
3363,1243119616,1243123712,4096
3364,1243123712,1243127808,4096
3365,1243127808,1243131904,4096
3366,1243131904,1243136000,4096
3367,1243136000,1243140096,4096
3368,1243140096,1243144192,4096
3369,1243144192,1243148288,4096
3370,1243148288,1243152384,4096
3371,1243152384,1243156480,4096
3372,1243156480,1243160576,4096
3373,1243160576,1243164672,4096
3374,1243164672,1243168768,4096
3375,1243168768,1243172864,4096
3376,1243172864,1243176960,4096
3361,1243176960,1243178597,1637
2199,1243217561,1243217920,359
2203,1243217920,1243222016,4096
2204,1243222016,1243226112,4096
2205,1243226112,1243230208,4096
2206,1243230208,1243234304,4096
2207,1243234304,1243238400,4096
2208,1243238400,1243242496,4096
2197,1243242496,1243242750,254
2198,1243254519,1243254784,265
2209,1243254784,1243258880,4096
2210,1243258880,1243262976,4096
2202,1243262976,1243266723,3747
2196,1243266965,1243267072,107
2201,1243267072,1243267782,710
2200,1243278913,1243279360,447
2211,1243279360,1243283456,4096
2212,1243283456,1243287552,4096
2213,1243287552,1243291648,4096
2214,1243291648,1243295744,4096
2215,1243295744,1243299840,4096
2216,1243299840,1243303936,4096
4397,1243303936,1243308032,4096
4398,1243308032,1243312128,4096
4399,1243312128,1243316224,4096
4395,1243316224,1243318496,2272
4394,1243318594,1243320320,1726
4391,1243320320,1243321143,823
4393,1243330884,1243332608,1724
4400,1243332608,1243336704,4096
4401,1243336704,1243340800,4096
4402,1243340800,1243344896,4096
4403,1243344896,1243348992,4096
4404,1243348992,1243353088,4096
4405,1243353088,1243357184,4096
4396,1243357184,1243361067,3883
4392,1243393026,1243394048,1022
4406,1243394048,1243398144,4096
4407,1243398144,1243402240,4096
5821,1243402240,1243406336,4096
5822,1243406336,1243410432,4096
5823,1243410432,1243414528,4096
5824,1243414528,1243418624,4096
5825,1243418624,1243422720,4096
5826,1243422720,1243426816,4096
5827,1243426816,1243430912,4096
5828,1243430912,1243435008,4096
5829,1243435008,1243439104,4096
5830,1243439104,1243443200,4096
5831,1243443200,1243447296,4096
5832,1243447296,1243451392,4096
5833,1243451392,1243455488,4096
5834,1243455488,1243459584,4096
5835,1243459584,1243463680,4096
5836,1243463680,1243467776,4096
5837,1243467776,1243471872,4096
5838,1243471872,1243475968,4096
5839,1243475968,1243480064,4096
5840,1243480064,1243484160,4096
5841,1243484160,1243488256,4096
5842,1243488256,1243492352,4096
5843,1243492352,1243496448,4096
5844,1243496448,1243500544,4096
4276,1243500544,1243504640,4096
4277,1243504640,1243508736,4096
4272,1243508736,1243509653,917
4275,1243518141,1243521024,2883
4278,1243521024,1243525120,4096
4279,1243525120,1243529216,4096
4280,1243529216,1243533312,4096
4281,1243533312,1243537408,4096
4282,1243537408,1243541504,4096
4283,1243541504,1243545600,4096
4284,1243545600,1243549696,4096
4274,1243549696,1243551681,1985
4273,1243560606,1243561984,1378
4285,1243561984,1243566080,4096
4286,1243566080,1243570176,4096
4287,1243570176,1243574272,4096
4288,1243574272,1243578368,4096
4289,1243578368,1243582464,4096
4290,1243582464,1243586560,4096
4291,1243586560,1243590656,4096
4292,1243590656,1243594752,4096
4293,1243594752,1243598848,4096
4294,1243598848,1243602944,4096
493,1243602944,1243607040,4096
494,1243607040,1243611136,4096
495,1243611136,1243615232,4096
496,1243615232,1243619328,4096
497,1243619328,1243623424,4096
491,1243623424,1243627227,3803
492,1243627776,1243631616,3840
498,1243631616,1243635712,4096
499,1243635712,1243639808,4096
500,1243639808,1243643904,4096
501,1243643904,1243648000,4096
502,1243648000,1243652096,4096
503,1243652096,1243656192,4096
489,1243656192,1243659044,2852
486,1243668368,1243668480,112
504,1243668480,1243672576,4096
487,1243672576,1243673388,812
490,1243673475,1243676672,3197
505,1243676672,1243680768,4096
506,1243680768,1243684864,4096
507,1243684864,1243688960,4096
508,1243688960,1243693056,4096
488,1243693056,1243694923,1867
2217,1243734058,1243734188,130
2218,1243736089,1243738112,2023
2221,1243738112,1243742208,4096
2222,1243742208,1243746304,4096
2223,1243746304,1243750400,4096
2224,1243750400,1243754496,4096
2220,1243754584,1243758592,4008
2225,1243758592,1243762688,4096
2226,1243762688,1243766784,4096
2227,1243766784,1243770880,4096
2228,1243770880,1243774976,4096
2229,1243774976,1243779072,4096
2230,1243779072,1243783168,4096
2219,1243783168,1243786890,3722
2786,1243819505,1243820032,527
2797,1243820032,1243824128,4096
2798,1243824128,1243828224,4096
2795,1243828224,1243831320,3096
2787,1243831490,1243832320,830
2799,1243832320,1243836416,4096
2800,1243836416,1243840512,4096
2796,1243840512,1243844196,3684
2789,1243850693,1243851971,1278
2791,1243855214,1243856896,1682
2801,1243856896,1243860992,4096
2802,1243860992,1243865088,4096
2803,1243865088,1243869184,4096
2804,1243869184,1243873280,4096
2805,1243873280,1243877376,4096
2806,1243877376,1243881472,4096
2788,1243881472,1243882687,1215
2793,1243882827,1243885568,2741
2792,1243885568,1243887650,2082
2790,1243888250,1243889664,1414
2807,1243889664,1243893760,4096
2808,1243893760,1243897856,4096
2794,1243897856,1243900790,2934
2523,1243908074,1243910144,2070
2528,1243910144,1243913380,3236
2519,1243913940,1243914240,300
2530,1243914240,1243918336,4096
2531,1243918336,1243922432,4096
2532,1243922432,1243926528,4096
2533,1243926528,1243930624,4096
2534,1243930624,1243934720,4096
2535,1243934720,1243938816,4096
2520,1243938816,1243939259,443
2527,1243944229,1243947008,2779
2536,1243947008,1243951104,4096
2537,1243951104,1243955200,4096
2538,1243955200,1243959296,4096
2522,1243959296,1243961165,1869
2525,1243961173,1243963392,2219
2521,1243963392,1243964922,1530
2526,1243964961,1243967488,2527
2539,1243967488,1243971584,4096
2540,1243971584,1243975680,4096
2517,1243975680,1243975901,221
2524,1243981178,1243983312,2134
2518,1243983627,1243983872,245
2541,1243983872,1243987968,4096
2529,1243988023,1243992064,4041
2542,1243992064,1243996160,4096
2543,1243996160,1244000256,4096
378,1244000256,1244004352,4096
379,1244004352,1244008448,4096
380,1244008448,1244012544,4096
381,1244012544,1244016640,4096
382,1244016640,1244020736,4096
383,1244020736,1244024832,4096
384,1244024832,1244028928,4096
385,1244028928,1244033024,4096
386,1244033024,1244037120,4096
387,1244037120,1244041216,4096
388,1244041216,1244045312,4096
389,1244045312,1244049408,4096
390,1244049408,1244053504,4096
391,1244053504,1244057600,4096
392,1244057600,1244061696,4096
393,1244061696,1244065792,4096
394,1244065792,1244069888,4096
395,1244069888,1244073984,4096
376,1244073984,1244076204,2220
377,1244082982,1244086272,3290
396,1244086272,1244090368,4096
397,1244090368,1244094464,4096
398,1244094464,1244098560,4096
399,1244098560,1244102656,4096
559,1244102656,1244106752,4096
560,1244106752,1244110848,4096
561,1244110848,1244114944,4096
562,1244114944,1244119040,4096
563,1244119040,1244123136,4096
564,1244123136,1244127232,4096
565,1244127232,1244131328,4096
566,1244131328,1244135424,4096
567,1244135424,1244139520,4096
568,1244139520,1244143616,4096
569,1244143616,1244147712,4096
570,1244147712,1244151808,4096
571,1244151808,1244155904,4096
572,1244155904,1244160000,4096
573,1244160000,1244164096,4096
574,1244164096,1244168192,4096
575,1244168192,1244172288,4096
576,1244172288,1244176384,4096
577,1244176384,1244180480,4096
578,1244180480,1244184576,4096
579,1244184576,1244188672,4096
580,1244188672,1244192768,4096
581,1244192768,1244196864,4096
582,1244196864,1244200960,4096
293,1244200960,1244205056,4096
294,1244205056,1244209152,4096
295,1244209152,1244213248,4096
296,1244213248,1244217344,4096
290,1244217344,1244221152,3808
291,1244246160,1244250112,3952
292,1244250112,1244254090,3978
288,1244254183,1244254208,25
297,1244254208,1244258304,4096
298,1244258304,1244262400,4096
299,1244262400,1244266496,4096
300,1244266496,1244270592,4096
301,1244270592,1244274688,4096
302,1244274688,1244278784,4096
303,1244278784,1244282880,4096
304,1244282880,1244286976,4096
305,1244286976,1244291072,4096
306,1244291072,1244295168,4096
289,1244295168,1244295515,347
2092,1244324426,1244325160,734
2093,1244331126,1244332032,906
2098,1244332032,1244336128,4096
2099,1244336128,1244340224,4096
2100,1244340224,1244344320,4096
2101,1244344320,1244348416,4096
2102,1244348416,1244352512,4096
2103,1244352512,1244356608,4096
2104,1244356608,1244360704,4096
2105,1244360704,1244364800,4096
2095,1244364800,1244367166,2366
2094,1244367284,1244368896,1612
2106,1244368896,1244372992,4096
2107,1244372992,1244377088,4096
2097,1244377088,1244380887,3799
2096,1244398860,1244401664,2804
593,1244401664,1244404824,3160
589,1244419982,1244422144,2162
596,1244422144,1244426240,4096
597,1244426240,1244430336,4096
598,1244430336,1244434432,4096
599,1244434432,1244438528,4096
600,1244438528,1244442624,4096
601,1244442624,1244446720,4096
602,1244446720,1244450816,4096
584,1244450816,1244450921,105
594,1244451005,1244454912,3907
603,1244454912,1244459008,4096
604,1244459008,1244463104,4096
585,1244463104,1244463553,449
587,1244463704,1244464727,1023
591,1244464826,1244467200,2374
605,1244467200,1244471296,4096
583,1244471296,1244471326,30
595,1244471450,1244475392,3942
606,1244475392,1244479488,4096
607,1244479488,1244483584,4096
590,1244483584,1244485910,2326
588,1244486000,1244487680,1680
608,1244487680,1244491776,4096
609,1244491776,1244495872,4096
592,1244495872,1244498946,3074
586,1244499330,1244499968,638
610,1244499968,1244504064,4096
621,1244504064,1244507117,3053
617,1244522894,1244524544,1650
623,1244524544,1244528640,4096
624,1244528640,1244532736,4096
619,1244532736,1244535204,2468
616,1244535298,1244536832,1534
613,1244536832,1244537226,394
622,1244537372,1244540928,3556
625,1244540928,1244545024,4096
626,1244545024,1244549120,4096
627,1244549120,1244553216,4096
628,1244553216,1244557312,4096
629,1244557312,1244561408,4096
630,1244561408,1244565504,4096
615,1244565504,1244566327,823
611,1244566465,1244566494,29
614,1244568254,1244568746,492
618,1244575527,1244577792,2265
620,1244577792,1244580332,2540
612,1244593947,1244594176,229
631,1244594176,1244598272,4096
632,1244598272,1244602368,4096
3260,1244602368,1244606464,4096
3261,1244606464,1244610560,4096
3262,1244610560,1244614656,4096
3263,1244614656,1244618752,4096
3264,1244618752,1244622848,4096
3265,1244622848,1244626944,4096
3266,1244626944,1244631040,4096
3267,1244631040,1244635136,4096
3268,1244635136,1244639232,4096
3269,1244639232,1244643328,4096
3270,1244643328,1244647424,4096
3271,1244647424,1244651520,4096
3272,1244651520,1244655616,4096
3273,1244655616,1244659712,4096
3274,1244659712,1244663808,4096
3275,1244663808,1244667904,4096
3256,1244667904,1244669435,1531
3257,1244669640,1244672000,2360
3254,1244672000,1244672221,221
3259,1244693651,1244696576,2925
3255,1244696576,1244697896,1320
3253,1244697943,1244697958,15
3258,1244698008,1244700672,2664
3183,1244700672,1244702027,1355
3186,1244702169,1244704768,2599
3189,1244704768,1244708864,4096
3190,1244708864,1244712960,4096
3191,1244712960,1244717056,4096
3192,1244717056,1244721152,4096
3193,1244721152,1244725248,4096
3194,1244725248,1244729344,4096
3195,1244729344,1244733440,4096
3188,1244733440,1244736806,3366
3182,1244744921,1244745728,807
3196,1244745728,1244749824,4096
3197,1244749824,1244753920,4096
3187,1244753920,1244757112,3192
3181,1244761794,1244762112,318
3198,1244762112,1244766208,4096
3199,1244766208,1244770304,4096
3200,1244770304,1244774400,4096
3201,1244774400,1244778496,4096
3202,1244778496,1244782592,4096
3203,1244782592,1244786688,4096
3185,1244786688,1244788130,1442
3184,1244788213,1244789620,1407
2233,1244802792,1244803072,280
2243,1244803072,1244807168,4096
2234,1244807168,1244807593,425
2241,1244807673,1244811264,3591
2244,1244811264,1244815360,4096
2245,1244815360,1244819456,4096
2236,1244819456,1244820721,1265
2238,1244820811,1244823552,2741
2246,1244823552,1244827648,4096
2247,1244827648,1244831744,4096
2242,1244831744,1244835563,3819
2232,1244835706,1244835840,134
2240,1244835840,1244839270,3430
2235,1244839428,1244839936,508
2248,1244839936,1244844032,4096
2249,1244844032,1244848128,4096
2250,1244848128,1244852224,4096
2251,1244852224,1244856320,4096
2231,1244856320,1244856444,124
2237,1244866699,1244868608,1909
2252,1244868608,1244872704,4096
2253,1244872704,1244876800,4096
2254,1244876800,1244880896,4096
2255,1244880896,1244884992,4096
2256,1244884992,1244889088,4096
2257,1244889088,1244893184,4096
2258,1244893184,1244897280,4096
2239,1244897280,1244900041,2761
136,1244936268,1244938240,1972
139,1244938240,1244942336,4096
140,1244942336,1244946432,4096
141,1244946432,1244950528,4096
142,1244950528,1244954624,4096
138,1244954624,1244958208,3584
133,1244974702,1244975104,402
137,1244975104,1244978500,3396
134,1244978566,1244979200,634
143,1244979200,1244983296,4096
144,1244983296,1244987392,4096
145,1244987392,1244991488,4096
146,1244991488,1244995584,4096
147,1244995584,1244999680,4096
135,1244999698,1245000697,999
4537,1245010150,1245011644,1494
4538,1245047186,1245048832,1646
4541,1245048832,1245052928,4096
4542,1245052928,1245057024,4096
4543,1245057024,1245061120,4096
4544,1245061120,1245065216,4096
4545,1245065216,1245069312,4096
4546,1245069312,1245073408,4096
4547,1245073408,1245077504,4096
4548,1245077504,1245081600,4096
4540,1245081600,1245085593,3993
4539,1245091566,1245093888,2322
4549,1245093888,1245097984,4096
4550,1245097984,1245102080,4096
2479,1245102080,1245106176,4096
2472,1245106176,1245106596,420
2474,1245107774,1245109698,1924
2470,1245110216,1245110272,56
2478,1245110272,1245113978,3706
2476,1245123511,1245126656,3145
2480,1245126656,1245130752,4096
2481,1245130752,1245134848,4096
2482,1245134848,1245138944,4096
2483,1245138944,1245143040,4096
2473,1245143040,1245144303,1263
2477,1245155831,1245159424,3593
2484,1245159424,1245163520,4096
2485,1245163520,1245167616,4096
2486,1245167616,1245171712,4096
2487,1245171712,1245175808,4096
2488,1245175808,1245179904,4096
2475,1245179904,1245182744,2840
2471,1245191873,1245192192,319
2489,1245192192,1245196288,4096
2490,1245196288,1245200384,4096
5249,1245200384,1245204480,4096
5250,1245204480,1245208576,4096
5251,1245208576,1245212672,4096
5252,1245212672,1245216768,4096
5253,1245216768,1245220864,4096
5254,1245220864,1245224960,4096
5255,1245224960,1245229056,4096
5256,1245229056,1245233152,4096
5257,1245233152,1245237248,4096
5245,1245237248,1245239057,1809
5246,1245239160,1245241344,2184
5244,1245241344,1245242924,1580
5248,1245250589,1245253632,3043
5258,1245253632,1245257728,4096
5259,1245257728,1245261824,4096
5260,1245261824,1245265920,4096
5261,1245265920,1245270016,4096
5262,1245270016,1245274112,4096
5263,1245274112,1245278208,4096
5264,1245278208,1245282304,4096
5265,1245282304,1245286400,4096
5266,1245286400,1245290496,4096
5267,1245290496,1245294592,4096
5247,1245294592,1245297325,2733
772,1245308615,1245310976,2361
774,1245310976,1245315072,4096
775,1245315072,1245319168,4096
776,1245319168,1245323264,4096
777,1245323264,1245327360,4096
778,1245327360,1245331456,4096
779,1245331456,1245335552,4096
780,1245335552,1245339648,4096
781,1245339648,1245343744,4096
782,1245343744,1245347840,4096
783,1245347840,1245351936,4096
784,1245351936,1245356032,4096
785,1245356032,1245360128,4096
786,1245360128,1245364224,4096
773,1245364224,1245367937,3713
771,1245396780,1245396992,212
787,1245396992,1245401088,4096
5540,1245401088,1245405184,4096
5541,1245405184,1245409280,4096
5542,1245409280,1245413376,4096
5543,1245413376,1245417472,4096
5544,1245417472,1245421568,4096
5545,1245421568,1245425664,4096
5546,1245425664,1245429760,4096
5547,1245429760,1245433856,4096
5548,1245433856,1245437952,4096
5549,1245437952,1245442048,4096
5550,1245442048,1245446144,4096
5551,1245446144,1245450240,4096
5552,1245450240,1245454336,4096
5553,1245454336,1245458432,4096
5554,1245458432,1245462528,4096
5555,1245462528,1245466624,4096
5556,1245466624,1245470720,4096
5557,1245470720,1245474816,4096
5558,1245474816,1245478912,4096
5559,1245478912,1245483008,4096
5560,1245483008,1245487104,4096
5539,1245487104,1245489278,2174
5538,1245499381,1245499392,11
5561,1245499392,1245503488,4096
1784,1245503488,1245507584,4096
1782,1245507584,1245509177,1593
1783,1245563275,1245564928,1653
1785,1245564928,1245569024,4096
1786,1245569024,1245573120,4096
1787,1245573120,1245577216,4096
1788,1245577216,1245581312,4096
1789,1245581312,1245585408,4096
1790,1245585408,1245589504,4096
1791,1245589504,1245593600,4096
1792,1245593600,1245597696,4096
1793,1245597696,1245601792,4096
3407,1245601792,1245605888,4096
3403,1245605888,1245607573,1685
3401,1245632502,1245633577,1075
3404,1245647318,1245650209,2891
3402,1245653507,1245655040,1533
3408,1245655040,1245659136,4096
3405,1245659136,1245663106,3970
3406,1245663269,1245667328,4059
3409,1245667328,1245671424,4096
3410,1245671424,1245675520,4096
3411,1245675520,1245679616,4096
3412,1245679616,1245683712,4096
3413,1245683712,1245687808,4096
3414,1245687808,1245691904,4096
3415,1245691904,1245696000,4096
3416,1245696000,1245700096,4096
2745,1245700096,1245704192,4096
2746,1245704192,1245708288,4096
2738,1245708288,1245708628,340
2740,1245715717,1245716480,763
2747,1245716480,1245720576,4096
2748,1245720576,1245724672,4096
2742,1245724672,1245726883,2211
2744,1245737762,1245741056,3294
2749,1245741056,1245745152,4096
2750,1245745152,1245749248,4096
2751,1245749248,1245753344,4096
2752,1245753344,1245757440,4096
2743,1245757440,1245760519,3079
2737,1245760603,1245760902,299
2739,1245760941,1245761536,595
2753,1245761536,1245765632,4096
2754,1245765632,1245769728,4096
2755,1245769728,1245773824,4096
2756,1245773824,1245777920,4096
2736,1245777920,1245778114,194
2741,1245779895,1245782016,2121
2757,1245782016,1245786112,4096
2758,1245786112,1245790208,4096
2759,1245790208,1245794304,4096
2760,1245794304,1245798400,4096
2761,1245798400,1245802496,4096
5469,1245802496,1245802851,355
5470,1245805563,1245806592,1029
5471,1245806592,1245808245,1653
5472,1245823743,1245827072,3329
5475,1245827072,1245831168,4096
5476,1245831168,1245835264,4096
5477,1245835264,1245839360,4096
5478,1245839360,1245843456,4096
5473,1245843740,1245847552,3812
5479,1245847552,1245851648,4096
5480,1245851648,1245855744,4096
5481,1245855744,1245859840,4096
5482,1245859840,1245863936,4096
5483,1245863936,1245868032,4096
5484,1245868032,1245872128,4096
5485,1245872128,1245876224,4096
5486,1245876224,1245880320,4096
5487,1245880320,1245884416,4096
5488,1245884416,1245888512,4096
5489,1245888512,1245892608,4096
5474,1245892663,1245896704,4041
5490,1245896704,1245900800,4096
4787,1245900800,1245904896,4096
4788,1245904896,1245908992,4096
4789,1245908992,1245913088,4096
4790,1245913088,1245917184,4096
4791,1245917184,1245921280,4096
4792,1245921280,1245925376,4096
4793,1245925376,1245929472,4096
4794,1245929472,1245933568,4096
4795,1245933568,1245937664,4096
4796,1245937664,1245941760,4096
4797,1245941760,1245945856,4096
4785,1245945856,1245948361,2505
4786,1245967228,1245970432,3204
4798,1245970432,1245974528,4096
4799,1245974528,1245978624,4096
4800,1245978624,1245982720,4096
4801,1245982720,1245986816,4096
4802,1245986816,1245990912,4096
4803,1245990912,1245995008,4096
4804,1245995008,1245999104,4096
4805,1245999104,1246003200,4096
543,1246003200,1246007296,4096
544,1246007296,1246011392,4096
545,1246011392,1246015488,4096
546,1246015488,1246019584,4096
547,1246019584,1246023680,4096
548,1246023680,1246027776,4096
549,1246027776,1246031872,4096
550,1246031872,1246035968,4096
551,1246035968,1246040064,4096
535,1246040064,1246040115,51
542,1246044869,1246048256,3387
552,1246048256,1246052352,4096
553,1246052352,1246056448,4096
540,1246056448,1246057897,1449
539,1246063270,1246064640,1370
554,1246064640,1246068736,4096
536,1246068736,1246069247,511
538,1246079821,1246081024,1203
541,1246081024,1246084359,3335
537,1246084502,1246085120,618
555,1246085120,1246089216,4096
556,1246089216,1246093312,4096
557,1246093312,1246097408,4096
558,1246097408,1246101504,4096
3581,1246101504,1246105600,4096
3582,1246105600,1246109696,4096
3583,1246109696,1246113792,4096
3576,1246113792,1246114202,410
3580,1246156599,1246158848,2249
3584,1246158848,1246162944,4096
3579,1246162944,1246164817,1873
3577,1246170213,1246171136,923
3585,1246171136,1246175232,4096
3586,1246175232,1246179328,4096
3587,1246179328,1246183424,4096
3588,1246183424,1246187520,4096
3589,1246187520,1246191616,4096
3590,1246191616,1246195712,4096
3591,1246195712,1246199808,4096
3578,1246199808,1246200896,1088
2812,1246209957,1246212096,2139
2815,1246212096,1246216192,4096
2816,1246216192,1246220288,4096
2817,1246220288,1246224384,4096
2809,1246224384,1246224616,232
2811,1246239224,1246240768,1544
2818,1246240768,1246244864,4096
2819,1246244864,1246248960,4096
2810,1246248960,1246249992,1032
2814,1246261450,1246265344,3894
2820,1246265344,1246269440,4096
2821,1246269440,1246273536,4096
2822,1246273536,1246277632,4096
2823,1246277632,1246281728,4096
2824,1246281728,1246285824,4096
2825,1246285824,1246289920,4096
2826,1246289920,1246294016,4096
2813,1246294016,1246297011,2995
5567,1246307444,1246310400,2956
5568,1246310400,1246314496,4096
5565,1246314496,1246316282,1786
5566,1246320884,1246322688,1804
5569,1246322688,1246326784,4096
5570,1246326784,1246330880,4096
5571,1246330880,1246334976,4096
5572,1246334976,1246339072,4096
5573,1246339072,1246343168,4096
5574,1246343168,1246347264,4096
5575,1246347264,1246351360,4096
5576,1246351360,1246355456,4096
5577,1246355456,1246359552,4096
5562,1246359552,1246360449,897
5564,1246364920,1246366645,1725
5563,1246378428,1246380032,1604
5578,1246380032,1246384128,4096
5579,1246384128,1246388224,4096
5580,1246388224,1246392320,4096
5581,1246392320,1246396416,4096
5582,1246396416,1246400512,4096
3077,1246400512,1246404608,4096
3078,1246404608,1246408704,4096
3079,1246408704,1246412800,4096
3080,1246412800,1246416896,4096
3076,1246416896,1246418571,1675
3075,1246452223,1246453760,1537
3081,1246453760,1246457856,4096
3082,1246457856,1246461952,4096
3083,1246461952,1246466048,4096
3084,1246466048,1246470144,4096
3085,1246470144,1246474240,4096
3086,1246474240,1246478336,4096
3087,1246478336,1246482432,4096
3088,1246482432,1246486528,4096
3089,1246486528,1246490624,4096
3090,1246490624,1246494720,4096
3091,1246494720,1246498816,4096
3092,1246498816,1246502912,4096
3138,1246502912,1246507008,4096
3139,1246507008,1246511104,4096
3140,1246511104,1246515200,4096
3141,1246515200,1246519296,4096
3142,1246519296,1246523392,4096
3143,1246523392,1246527488,4096
3144,1246527488,1246531584,4096
3145,1246531584,1246535680,4096
3146,1246535680,1246539776,4096
3147,1246539776,1246543872,4096
3148,1246543872,1246547968,4096
3136,1246547968,1246549997,2029
3137,1246561822,1246564352,2530
3149,1246564352,1246568448,4096
3150,1246568448,1246572544,4096
3151,1246572544,1246576640,4096
3152,1246576640,1246580736,4096
3153,1246580736,1246584832,4096
3154,1246584832,1246588928,4096
3155,1246588928,1246593024,4096
3156,1246593024,1246597120,4096
3157,1246597120,1246601216,4096
5190,1246601216,1246605312,4096
5191,1246605312,1246609408,4096
5192,1246609408,1246613504,4096
5193,1246613504,1246617600,4096
5194,1246617600,1246621696,4096
5195,1246621696,1246625792,4096
5196,1246625792,1246629888,4096
5197,1246629888,1246633984,4096
5198,1246633984,1246638080,4096
5199,1246638080,1246642176,4096
5200,1246642176,1246646272,4096
5201,1246646272,1246650368,4096
5202,1246650368,1246654464,4096
5203,1246654464,1246658560,4096
5188,1246658560,1246659651,1091
5189,1246681814,1246683136,1322
5204,1246683136,1246687232,4096
5205,1246687232,1246691328,4096
5206,1246691328,1246695424,4096
5207,1246695424,1246699520,4096
5208,1246699520,1246703616,4096
3822,1246703616,1246707712,4096
3823,1246707712,1246711808,4096
3824,1246711808,1246715904,4096
3821,1246715904,1246718717,2813
3820,1246749995,1246752768,2773
3825,1246752768,1246756864,4096
3826,1246756864,1246760960,4096
3827,1246760960,1246765056,4096
3828,1246765056,1246769152,4096
3829,1246769152,1246773248,4096
3830,1246773248,1246777344,4096
3831,1246777344,1246781440,4096
3832,1246781440,1246785536,4096
3833,1246785536,1246789632,4096
3834,1246789632,1246793728,4096
3835,1246793728,1246797824,4096
3836,1246797824,1246801920,4096
2338,1246801920,1246806016,4096
2335,1246806016,1246808840,2824
2332,1246808939,1246810112,1173
2339,1246810112,1246814208,4096
2340,1246814208,1246818304,4096
2336,1246818304,1246821882,3578
2330,1246822002,1246822400,398
2333,1246822400,1246824022,1622
2337,1246830624,1246834688,4064
2341,1246834688,1246838784,4096
2342,1246838784,1246842880,4096
2343,1246842880,1246846976,4096
2344,1246846976,1246851072,4096
2345,1246851072,1246855168,4096
2346,1246855168,1246859264,4096
2347,1246859264,1246863360,4096
2331,1246863360,1246864299,939
2329,1246864403,1246864657,254
2334,1246864740,1246867456,2716
2348,1246867456,1246871552,4096
2349,1246871552,1246875648,4096
2350,1246875648,1246879744,4096
2351,1246879744,1246883840,4096
2352,1246883840,1246887936,4096
2353,1246887936,1246892032,4096
2354,1246892032,1246896128,4096
2355,1246896128,1246900224,4096
6002,1246900224,1246904320,4096
6003,1246904320,1246908416,4096
5998,1246908416,1246911722,3306
6001,1246912685,1246916608,3923
5997,1246916608,1246919603,2995
5991,1246919810,1246920704,894
6004,1246920704,1246924800,4096
6000,1246924800,1246928500,3700
5990,1246928635,1246928896,261
6005,1246928896,1246932992,4096
5995,1246932992,1246935074,2082
5993,1246935163,1246937088,1925
6006,1246937088,1246941184,4096
5999,1246941184,1246944553,3369
5992,1246952467,1246953472,1005
6007,1246953472,1246957568,4096
5996,1246957568,1246960362,2794
5994,1246967851,1246969856,2005
6008,1246969856,1246973952,4096
6009,1246973952,1246978048,4096
6010,1246978048,1246982144,4096
6011,1246982144,1246986240,4096
6012,1246986240,1246990336,4096
6013,1246990336,1246994432,4096
6014,1246994432,1246998528,4096
6015,1246998528,1247002624,4096
4297,1247002624,1247006720,4096
4298,1247006720,1247010816,4096
4299,1247010816,1247014912,4096
4300,1247014912,1247019008,4096
4301,1247019008,1247023104,4096
4302,1247023104,1247027200,4096
4303,1247027200,1247031296,4096
4304,1247031296,1247035392,4096
4295,1247035392,1247036503,1111
4296,1247042149,1247043584,1435
4305,1247043584,1247047680,4096
4306,1247047680,1247051776,4096
4307,1247051776,1247055872,4096
4308,1247055872,1247059968,4096
4309,1247059968,1247064064,4096
4310,1247064064,1247068160,4096
4311,1247068160,1247072256,4096
4312,1247072256,1247076352,4096
4313,1247076352,1247080448,4096
4314,1247080448,1247084544,4096
4315,1247084544,1247088640,4096
4316,1247088640,1247092736,4096
4317,1247092736,1247096832,4096
4318,1247096832,1247100928,4096
1379,1247100928,1247105024,4096
1380,1247105024,1247109120,4096
1381,1247109120,1247113216,4096
1382,1247113216,1247117312,4096
1383,1247117312,1247121408,4096
1384,1247121408,1247125504,4096
1385,1247125504,1247129600,4096
1376,1247129600,1247131971,2371
1378,1247150240,1247154176,3936
1386,1247154176,1247158272,4096
1387,1247158272,1247162368,4096
1388,1247162368,1247166464,4096
1389,1247166464,1247170560,4096
1390,1247170560,1247174656,4096
1391,1247174656,1247178752,4096
1392,1247178752,1247182848,4096
1377,1247182848,1247185818,2970
1375,1247186228,1247186944,716
1393,1247186944,1247191040,4096
1394,1247191040,1247195136,4096
1395,1247195136,1247199232,4096
1396,1247199232,1247203328,4096
3164,1247203328,1247207424,4096
3165,1247207424,1247211520,4096
3166,1247211520,1247215616,4096
3167,1247215616,1247219712,4096
3168,1247219712,1247223808,4096
3169,1247223808,1247227904,4096
3162,1247227904,1247231563,3659
3160,1247236921,1247238624,1703
3161,1247242341,1247244288,1947
3170,1247244288,1247248384,4096
3171,1247248384,1247252480,4096
3172,1247252480,1247256576,4096
3173,1247256576,1247260672,4096
3174,1247260672,1247264768,4096
3175,1247264768,1247268864,4096
3176,1247268864,1247272960,4096
3177,1247272960,1247277056,4096
3178,1247277056,1247281152,4096
3179,1247281152,1247285248,4096
3163,1247285248,1247289039,3791
3158,1247294313,1247295779,1466
3159,1247295999,1247297536,1537
3180,1247297536,1247301632,4096
2015,1247301632,1247305728,4096
2016,1247305728,1247309824,4096
2017,1247309824,1247313920,4096
2018,1247313920,1247318016,4096
2019,1247318016,1247322112,4096
2011,1247322112,1247323929,1817
2009,1247351283,1247352233,950
2014,1247359789,1247363072,3283
2020,1247363072,1247367168,4096
2021,1247367168,1247371264,4096
2022,1247371264,1247375360,4096
2023,1247375360,1247379456,4096
2013,1247379456,1247382672,3216
2012,1247388904,1247391744,2840
2024,1247391744,1247395840,4096
2025,1247395840,1247399936,4096
2010,1247399936,1247401153,1217
1646,1247401585,1247404032,2447
1652,1247404032,1247408128,4096
1649,1247408128,1247411041,2913
1647,1247417948,1247420416,2468
1653,1247420416,1247424512,4096
1654,1247424512,1247428608,4096
1643,1247428608,1247428814,206
1648,1247442440,1247444992,2552
1655,1247444992,1247449088,4096
1656,1247449088,1247453184,4096
1657,1247453184,1247457280,4096
1658,1247457280,1247461376,4096
1659,1247461376,1247465472,4096
1651,1247465472,1247469545,4073
1650,1247470088,1247473664,3576
1660,1247473664,1247477760,4096
1661,1247477760,1247481856,4096
1662,1247481856,1247485952,4096
1645,1247485952,1247488206,2254
1644,1247493006,1247494144,1138
1663,1247494144,1247498240,4096
1664,1247498240,1247502336,4096
1970,1247502336,1247505925,3589
1969,1247515297,1247518720,3423
1972,1247518720,1247522816,4096
1973,1247522816,1247526912,4096
1974,1247526912,1247531008,4096
1966,1247531008,1247531446,438
1965,1247542971,1247543296,325
1975,1247543296,1247547392,4096
1976,1247547392,1247551488,4096
1977,1247551488,1247555584,4096
1971,1247555605,1247559680,4075
1978,1247559680,1247563776,4096
1979,1247563776,1247567872,4096
1980,1247567872,1247571968,4096
1981,1247571968,1247576064,4096
1982,1247576064,1247580160,4096
1983,1247580160,1247584256,4096
1984,1247584256,1247588352,4096
1985,1247588352,1247592448,4096
1986,1247592448,1247596544,4096
1967,1247596544,1247598326,1782
1968,1247598409,1247600640,2231
3380,1247600640,1247604736,4096
3381,1247604736,1247608832,4096
3377,1247608832,1247609167,335
3378,1247614196,1247617024,2828
3382,1247617024,1247621120,4096
3383,1247621120,1247625216,4096
3384,1247625216,1247629312,4096
3385,1247629312,1247633408,4096
3386,1247633408,1247637504,4096
3387,1247637504,1247641600,4096
3388,1247641600,1247645696,4096
3389,1247645696,1247649792,4096
3390,1247649792,1247653888,4096
3379,1247658929,1247662080,3151
3391,1247662080,1247666176,4096
3392,1247666176,1247670272,4096
3393,1247670272,1247674368,4096
3394,1247674368,1247678464,4096
3395,1247678464,1247682560,4096
3396,1247682560,1247686656,4096
3397,1247686656,1247690752,4096
3398,1247690752,1247694848,4096
3399,1247694848,1247698944,4096
3400,1247698944,1247703040,4096
5699,1247703040,1247707136,4096
5700,1247707136,1247711232,4096
5701,1247711232,1247715328,4096
5702,1247715328,1247719424,4096
5703,1247719424,1247723520,4096
5704,1247723520,1247727616,4096
5705,1247727616,1247731712,4096
5706,1247731712,1247735808,4096
5707,1247735808,1247739904,4096
5708,1247739904,1247744000,4096
5709,1247744000,1247748096,4096
5696,1247748096,1247749610,1514
5698,1247750005,1247752192,2187
5710,1247752192,1247756288,4096
5697,1247756288,1247758312,2024
5695,1247759127,1247760384,1257
5711,1247760384,1247764480,4096
5712,1247764480,1247768576,4096
5713,1247768576,1247772672,4096
5714,1247772672,1247776768,4096
5715,1247776768,1247780864,4096
5716,1247780864,1247784960,4096
5717,1247784960,1247789056,4096
5694,1247789056,1247789517,461
1013,1247810068,1247813632,3564
1017,1247813632,1247817728,4096
1018,1247817728,1247821824,4096
1019,1247821824,1247825920,4096
1020,1247825920,1247830016,4096
1021,1247830016,1247834112,4096
1015,1247834112,1247837756,3644
1012,1247866436,1247866880,444
1011,1247866880,1247867293,413
1014,1247867407,1247870976,3569
1022,1247870976,1247875072,4096
1023,1247875072,1247879168,4096
1024,1247879168,1247883264,4096
1025,1247883264,1247887360,4096
1026,1247887360,1247891456,4096
1016,1247891456,1247895467,4011
5303,1247904050,1247907156,3106
5296,1247907240,1247907840,600
5301,1247907840,1247910264,2424
5300,1247910363,1247911936,1573
5293,1247911936,1247912067,131
5304,1247912195,1247916032,3837
5298,1247916032,1247917160,1128
5299,1247922809,1247924224,1415
5305,1247924224,1247928320,4096
5292,1247928320,1247928353,33
5302,1247961430,1247964303,2873
5294,1247964867,1247965184,317
5306,1247965184,1247969280,4096
5297,1247969280,1247970123,843
5295,1247975221,1247975791,570
2907,1248112047,1248112640,593
2910,1248112640,1248116736,4096
2911,1248116736,1248120832,4096
2905,1248120832,1248121394,562
2908,1248132101,1248133120,1019
2912,1248133120,1248137216,4096
2913,1248137216,1248141312,4096
2914,1248141312,1248145408,4096
2915,1248145408,1248149504,4096
2916,1248149504,1248153600,4096
2917,1248153600,1248157696,4096
2918,1248157696,1248161792,4096
2919,1248161792,1248165888,4096
2906,1248165888,1248166473,585
2909,1248174783,1248178176,3393
2920,1248178176,1248182272,4096
2921,1248182272,1248186368,4096
2922,1248186368,1248190464,4096
2904,1248190464,1248190587,123
4915,1248200538,1248202752,2214
4918,1248202752,1248206848,4096
4919,1248206848,1248210944,4096
4920,1248210944,1248215040,4096
4921,1248215040,1248219136,4096
4917,1248219136,1248222434,3298
4911,1248227074,1248227328,254
4922,1248227328,1248231424,4096
4923,1248231424,1248235520,4096
4924,1248235520,1248239616,4096
4925,1248239616,1248243712,4096
4926,1248243712,1248247808,4096
4927,1248247808,1248251904,4096
4928,1248251904,1248256000,4096
4914,1248256000,1248256984,984
4912,1248257434,1248257699,265
4916,1248257812,1248260096,2284
4929,1248260096,1248264192,4096
4930,1248264192,1248268288,4096
4931,1248268288,1248272384,4096
4932,1248272384,1248276480,4096
4933,1248276480,1248280576,4096
4934,1248280576,1248284672,4096
4935,1248284672,1248288768,4096
4936,1248288768,1248292864,4096
4913,1248292864,1248293660,796
2548,1248301517,1248305152,3635
2549,1248305152,1248309248,4096
2550,1248309248,1248313344,4096
2547,1248313344,1248316296,2952
2545,1248324915,1248325632,717
2551,1248325632,1248329728,4096
2552,1248329728,1248333824,4096
2553,1248333824,1248337920,4096
2554,1248337920,1248342016,4096
2555,1248342016,1248346112,4096
2546,1248346112,1248347145,1033
2544,1248357903,1248358400,497
2556,1248358400,1248362496,4096
2557,1248362496,1248366592,4096
2558,1248366592,1248370688,4096
2559,1248370688,1248374784,4096
2560,1248374784,1248378880,4096
2561,1248378880,1248382976,4096
2562,1248382976,1248387072,4096
2563,1248387072,1248391168,4096
2564,1248391168,1248395264,4096
2565,1248395264,1248399360,4096
2566,1248399360,1248403456,4096
3120,1248403456,1248407552,4096
3121,1248407552,1248411648,4096
3122,1248411648,1248415744,4096
3123,1248415744,1248419840,4096
3124,1248419840,1248423936,4096
3125,1248423936,1248428032,4096
3113,1248428032,1248428214,182
3114,1248435935,1248436224,289
3126,1248436224,1248440320,4096
3127,1248440320,1248444416,4096
3128,1248444416,1248448512,4096
3129,1248448512,1248452608,4096
3118,1248452608,1248455991,3383
3116,1248463179,1248464896,1717
3130,1248464896,1248468992,4096
3115,1248468992,1248469306,314
3119,1248473427,1248477184,3757
3131,1248477184,1248481280,4096
3132,1248481280,1248485376,4096
3133,1248485376,1248489472,4096
3134,1248489472,1248493568,4096
3135,1248493568,1248497664,4096
3117,1248497664,1248500420,2756
4840,1248508635,1248509952,1317
4844,1248509952,1248514048,4096
4845,1248514048,1248518144,4096
4846,1248518144,1248522240,4096
4847,1248522240,1248526336,4096
4848,1248526336,1248530432,4096
4842,1248530432,1248533196,2764
4841,1248564043,1248565672,1629
4843,1248580885,1248583680,2795
4849,1248583680,1248587776,4096
4850,1248587776,1248591872,4096
4851,1248591872,1248595968,4096
4852,1248595968,1248600064,4096
5438,1248600064,1248604160,4096
5439,1248604160,1248608256,4096
5440,1248608256,1248612352,4096
5441,1248612352,1248616448,4096
5442,1248616448,1248620544,4096
5436,1248620544,1248621975,1431
5437,1248683709,1248686080,2371
5443,1248686080,1248690176,4096
5444,1248690176,1248694272,4096
5445,1248694272,1248698368,4096
5446,1248698368,1248702464,4096
2872,1248702464,1248706560,4096
2873,1248706560,1248710656,4096
2874,1248710656,1248714752,4096
2867,1248714752,1248715845,1093
2866,1248718640,1248718848,208
2868,1248718848,1248720748,1900
2869,1248736940,1248739328,2388
2875,1248739328,1248743424,4096
2876,1248743424,1248747520,4096
2877,1248747520,1248751616,4096
2878,1248751616,1248755712,4096
2879,1248755712,1248759808,4096
2880,1248759808,1248763904,4096
2881,1248763904,1248768000,4096
2882,1248768000,1248772096,4096
2871,1248772096,1248775747,3651
2870,1248797183,1248800768,3585
5587,1248800768,1248804864,4096
5588,1248804864,1248808960,4096
5589,1248808960,1248813056,4096
5590,1248813056,1248817152,4096
5591,1248817152,1248821248,4096
5592,1248821248,1248825344,4096
5593,1248825344,1248829440,4096
5583,1248829440,1248829995,555
5586,1248830128,1248833536,3408
5594,1248833536,1248837632,4096
5595,1248837632,1248841728,4096
5596,1248841728,1248845824,4096
5597,1248845824,1248849920,4096
5598,1248849920,1248854016,4096
5599,1248854016,1248858112,4096
5600,1248858112,1248862208,4096
5601,1248862208,1248866304,4096
5585,1248866304,1248868673,2369
5584,1248876537,1248878592,2055
5602,1248878592,1248882688,4096
5603,1248882688,1248886784,4096
5604,1248886784,1248890880,4096
5605,1248890880,1248894976,4096
5606,1248894976,1248899072,4096
5607,1248899072,1248903168,4096
640,1248903168,1248907264,4096
641,1248907264,1248911360,4096
633,1248911360,1248911712,352
639,1248911788,1248915456,3668
642,1248915456,1248919552,4096
643,1248919552,1248923648,4096
644,1248923648,1248927744,4096
645,1248927744,1248931840,4096
646,1248931840,1248935936,4096
647,1248935936,1248940032,4096
648,1248940032,1248944128,4096
649,1248944128,1248948224,4096
636,1248948224,1248950082,1858
635,1248959455,1248960512,1057
650,1248960512,1248964608,4096
651,1248964608,1248968704,4096
652,1248968704,1248972800,4096
653,1248972800,1248976896,4096
638,1248976896,1248979949,3053
634,1248980060,1248980992,932
654,1248980992,1248985088,4096
655,1248985088,1248989184,4096
656,1248989184,1248993280,4096
657,1248993280,1248997376,4096
637,1248997376,1249000165,2789
3005,1249000654,1249001472,818
3009,1249001472,1249005568,4096
3010,1249005568,1249009664,4096
3011,1249009664,1249013760,4096
3012,1249013760,1249017856,4096
3013,1249017856,1249021952,4096
3014,1249021952,1249026048,4096
3015,1249026048,1249030144,4096
3016,1249030144,1249034240,4096
3017,1249034240,1249038336,4096
3018,1249038336,1249042432,4096
3019,1249042432,1249046528,4096
3020,1249046528,1249050624,4096
3021,1249050624,1249054720,4096
3022,1249054720,1249058816,4096
3023,1249058816,1249062912,4096
3024,1249062912,1249067008,4096
3025,1249067008,1249071104,4096
3026,1249071104,1249075200,4096
3008,1249075200,1249077952,2752
3007,1249093442,1249095680,2238
3027,1249095680,1249099776,4096
3006,1249099776,1249101027,1251
5040,1249126626,1249128448,1822
5044,1249128448,1249132544,4096
5045,1249132544,1249136640,4096
5039,1249136640,1249137946,1306
5042,1249163427,1249165312,1885
5046,1249165312,1249169408,4096
5047,1249169408,1249173504,4096
5048,1249173504,1249177600,4096
5049,1249177600,1249181696,4096
5043,1249181696,1249184524,2828
5041,1249196257,1249198080,1823
5050,1249198080,1249202176,4096
1905,1249202176,1249206272,4096
1906,1249206272,1249210368,4096
1907,1249210368,1249214464,4096
1908,1249214464,1249218560,4096
1909,1249218560,1249222656,4096
1910,1249222656,1249226752,4096
1911,1249226752,1249230848,4096
1912,1249230848,1249234944,4096
1900,1249234944,1249236401,1457
1902,1249236512,1249239040,2528
1903,1249239040,1249242224,3184
1904,1249276045,1249280000,3955
1913,1249280000,1249284096,4096
1914,1249284096,1249288192,4096
1901,1249288192,1249290507,2315
3236,1249317168,1249320302,3134
3230,1249322661,1249322972,311
3233,1249323313,1249325056,1743
3237,1249325056,1249329152,4096
3238,1249329152,1249333248,4096
3229,1249333248,1249333328,80
3228,1249337340,1249337344,4
3239,1249337344,1249341440,4096
3240,1249341440,1249345536,4096
3241,1249345536,1249349632,4096
3242,1249349632,1249353728,4096
3243,1249353728,1249357824,4096
3232,1249357824,1249359522,1698
3234,1249360017,1249361920,1903
3244,1249361920,1249366016,4096
3231,1249366016,1249366444,428
3235,1249367290,1249370112,2822
3245,1249370112,1249374208,4096
3246,1249374208,1249378304,4096
3247,1249378304,1249382400,4096
3248,1249382400,1249386496,4096
3249,1249386496,1249390592,4096
3250,1249390592,1249394688,4096
3251,1249394688,1249398784,4096
3252,1249398784,1249402880,4096
4861,1249402880,1249406610,3730
4858,1249407679,1249411072,3393
4857,1249411072,1249413184,2112
4855,1249413208,1249413729,521
4856,1249413878,1249415168,1290
4862,1249415168,1249419264,4096
4863,1249419264,1249423360,4096
4864,1249423360,1249427456,4096
4865,1249427456,1249431552,4096
4866,1249431552,1249435648,4096
4867,1249435648,1249439744,4096
4868,1249439744,1249443840,4096
4869,1249443840,1249447936,4096
4870,1249447936,1249452032,4096
4871,1249452032,1249456128,4096
4872,1249456128,1249460224,4096
4860,1249460224,1249463906,3682
4853,1249463989,1249464320,331
4859,1249464320,1249467853,3533
4854,1249467940,1249468416,476
4873,1249468416,1249472512,4096
4874,1249472512,1249476608,4096
4875,1249476608,1249480704,4096
4876,1249480704,1249484800,4096
4877,1249484800,1249488896,4096
4878,1249488896,1249492992,4096
4879,1249492992,1249497088,4096
4880,1249497088,1249501184,4096
1601,1249501184,1249505280,4096
1602,1249505280,1249509376,4096
1603,1249509376,1249513472,4096
1604,1249513472,1249517568,4096
1605,1249517568,1249521664,4096
1606,1249521664,1249525760,4096
1600,1249525760,1249529441,3681
1598,1249543602,1249546240,2638
1597,1249546240,1249546631,391
1599,1249546713,1249550336,3623
1607,1249550336,1249554432,4096
1608,1249554432,1249558528,4096
1609,1249558528,1249562624,4096
1610,1249562624,1249566720,4096
1611,1249566720,1249570816,4096
1612,1249570816,1249574912,4096
1613,1249574912,1249579008,4096
1614,1249579008,1249583104,4096
1615,1249583104,1249587200,4096
1616,1249587200,1249591296,4096
1617,1249591296,1249595392,4096
1618,1249595392,1249599488,4096
1619,1249599488,1249603584,4096
1840,1249603584,1249607680,4096
1841,1249607680,1249611776,4096
1842,1249611776,1249615872,4096
1843,1249615872,1249619968,4096
1844,1249619968,1249624064,4096
1845,1249624064,1249628160,4096
1846,1249628160,1249632256,4096
1847,1249632256,1249636352,4096
1848,1249636352,1249640448,4096
1849,1249640448,1249644544,4096
1850,1249644544,1249648640,4096
1851,1249648640,1249652736,4096
1852,1249652736,1249656832,4096
1853,1249656832,1249660928,4096
1839,1249660928,1249662942,2014
1838,1249663748,1249665024,1276
1854,1249665024,1249669120,4096
1855,1249669120,1249673216,4096
1856,1249673216,1249677312,4096
1857,1249677312,1249681408,4096
1858,1249681408,1249685504,4096
1859,1249685504,1249689600,4096
1860,1249689600,1249693696,4096
1861,1249693696,1249697792,4096
1862,1249697792,1249701888,4096
5115,1249701888,1249705984,4096
5116,1249705984,1249710080,4096
5117,1249710080,1249714176,4096
5118,1249714176,1249718272,4096
5119,1249718272,1249722368,4096
5120,1249722368,1249726464,4096
5121,1249726464,1249730560,4096
5122,1249730560,1249734656,4096
5123,1249734656,1249738752,4096
5114,1249738752,1249742752,4000
5113,1249774444,1249775616,1172
5124,1249775616,1249779712,4096
5125,1249779712,1249783808,4096
5126,1249783808,1249787904,4096
5127,1249787904,1249792000,4096
5128,1249792000,1249796096,4096
5129,1249796096,1249800192,4096
3324,1249800192,1249804288,4096
3325,1249804288,1249808384,4096
3326,1249808384,1249812480,4096
3327,1249812480,1249816576,4096
3328,1249816576,1249820672,4096
3329,1249820672,1249824768,4096
3330,1249824768,1249828864,4096
3331,1249828864,1249832960,4096
3319,1249832960,1249833703,743
3316,1249836592,1249837056,464
3332,1249837056,1249841152,4096
3333,1249841152,1249845248,4096
3321,1249845248,1249847058,1810
3317,1249851715,1249852276,561
3318,1249852862,1249853440,578
3320,1249853440,1249854687,1247
3322,1249871825,1249873920,2095
3334,1249873920,1249878016,4096
3323,1249878016,1249881718,3702
5738,1250017379,1250020744,3365
5737,1250031072,1250033664,2592
5739,1250033664,1250037760,4096
5740,1250037760,1250041856,4096
5741,1250041856,1250045952,4096
5742,1250045952,1250050048,4096
5743,1250050048,1250054144,4096
5744,1250054144,1250058240,4096
5745,1250058240,1250062336,4096
5746,1250062336,1250066432,4096
5747,1250066432,1250070528,4096
5748,1250070528,1250074624,4096
5749,1250074624,1250078720,4096
5750,1250078720,1250082816,4096
5751,1250082816,1250086912,4096
5752,1250086912,1250091008,4096
5753,1250091008,1250095104,4096
5754,1250095104,1250099200,4096
5755,1250099200,1250103296,4096
5055,1250103296,1250107392,4096
5056,1250107392,1250111488,4096
5057,1250111488,1250115584,4096
5058,1250115584,1250119680,4096
5059,1250119680,1250123776,4096
5052,1250123776,1250125353,1577
5053,1250136801,1250140160,3359
5060,1250140160,1250144256,4096
5061,1250144256,1250148352,4096
5062,1250148352,1250152448,4096
5063,1250152448,1250156544,4096
5064,1250156544,1250160640,4096
5065,1250160640,1250164736,4096
5066,1250164736,1250168832,4096
5067,1250168832,1250172928,4096
5068,1250172928,1250177024,4096
5069,1250177024,1250181120,4096
5070,1250181120,1250185216,4096
5054,1250185216,1250188781,3565
5051,1250196962,1250197504,542
5071,1250197504,1250201600,4096
2058,1250201600,1250205696,4096
2059,1250205696,1250209792,4096
2060,1250209792,1250213888,4096
2061,1250213888,1250217984,4096
2052,1250217984,1250219087,1103
2054,1250228591,1250230272,1681
2062,1250230272,1250234368,4096
2063,1250234368,1250238464,4096
2057,1250238464,1250242090,3626
2051,1250242196,1250242560,364
2064,1250242560,1250246656,4096
2065,1250246656,1250250752,4096
2066,1250250752,1250254848,4096
2067,1250254848,1250258944,4096
2068,1250258944,1250263040,4096
2053,1250263040,1250264374,1334
2056,1250264473,1250267136,2663
2069,1250267136,1250271232,4096
2070,1250271232,1250275328,4096
2071,1250275328,1250279424,4096
2072,1250279424,1250283520,4096
2055,1250283520,1250285415,1895
2050,1250297137,1250297174,37
1317,1250302730,1250304000,1270
1319,1250304000,1250308096,4096
1320,1250308096,1250312192,4096
1321,1250312192,1250316288,4096
1322,1250316288,1250320384,4096
1323,1250320384,1250324480,4096
1324,1250324480,1250328576,4096
1325,1250328576,1250332672,4096
1326,1250332672,1250336768,4096
1327,1250336768,1250340864,4096
1328,1250340864,1250344960,4096
1318,1250344960,1250347516,2556
1316,1250377317,1250377728,411
1329,1250377728,1250381824,4096
1330,1250381824,1250385920,4096
1331,1250385920,1250390016,4096
1332,1250390016,1250394112,4096
1333,1250394112,1250398208,4096
1334,1250398208,1250402304,4096
1341,1250402304,1250406400,4096
1337,1250406400,1250407423,1023
1335,1250414459,1250414592,133
1342,1250414592,1250418688,4096
1343,1250418688,1250422784,4096
1344,1250422784,1250426880,4096
1345,1250426880,1250430976,4096
1346,1250430976,1250435072,4096
1339,1250435072,1250438597,3525
1340,1250447698,1250451456,3758
1347,1250451456,1250455552,4096
1348,1250455552,1250459648,4096
1336,1250459648,1250460530,882
1338,1250473129,1250476032,2903
1349,1250476032,1250480128,4096
1350,1250480128,1250484224,4096
1351,1250484224,1250488320,4096
1352,1250488320,1250492416,4096
1353,1250492416,1250496512,4096
1354,1250496512,1250500608,4096
3904,1250500608,1250504704,4096
3899,1250504704,1250506298,1594
3902,1250506411,1250508800,2389
3905,1250508800,1250512896,4096
3906,1250512896,1250516992,4096
3907,1250516992,1250521088,4096
3908,1250521088,1250525184,4096
3903,1250525184,1250527682,2498
3901,1250539217,1250541568,2351
3898,1250541568,1250542586,1018
3900,1250551601,1250553856,2255
3909,1250553856,1250557952,4096
3910,1250557952,1250562048,4096
3911,1250562048,1250566144,4096
3912,1250566144,1250570240,4096
3913,1250570240,1250574336,4096
3914,1250574336,1250578432,4096
3915,1250578432,1250582528,4096
3916,1250582528,1250586624,4096
3917,1250586624,1250590720,4096
3918,1250590720,1250594816,4096
3919,1250594816,1250598912,4096
3920,1250598912,1250603008,4096
2651,1250603008,1250607104,4096
2652,1250607104,1250611200,4096
2653,1250611200,1250615296,4096
2654,1250615296,1250619392,4096
2655,1250619392,1250623488,4096
2656,1250623488,1250627584,4096
2647,1250627584,1250628515,931
2645,1250639520,1250639872,352
2650,1250639872,1250643195,3323
2646,1250643571,1250643968,397
2657,1250643968,1250648064,4096
2658,1250648064,1250652160,4096
2659,1250652160,1250656256,4096
2660,1250656256,1250660352,4096
2661,1250660352,1250664448,4096
2649,1250664448,1250665615,1167
2648,1250675596,1250676736,1140
2662,1250676736,1250680832,4096
2663,1250680832,1250684928,4096
2664,1250684928,1250689024,4096
2665,1250689024,1250693120,4096
2666,1250693120,1250697216,4096
2667,1250697216,1250701312,4096
5021,1250701312,1250705408,4096
5022,1250705408,1250709504,4096
5015,1250709504,1250709538,34
5020,1250709592,1250713600,4008
5023,1250713600,1250717696,4096
5024,1250717696,1250721792,4096
5025,1250721792,1250725888,4096
5026,1250725888,1250729984,4096
5027,1250729984,1250734080,4096
5018,1250734080,1250736210,2130
5017,1250746101,1250746368,267
5028,1250746368,1250750464,4096
5029,1250750464,1250754560,4096
5030,1250754560,1250758656,4096
5031,1250758656,1250762752,4096
5032,1250762752,1250766848,4096
5033,1250766848,1250770944,4096
5034,1250770944,1250775040,4096
5035,1250775040,1250779136,4096
5036,1250779136,1250783232,4096
5037,1250783232,1250787328,4096
5019,1250787328,1250790000,2672
5016,1250799362,1250799616,254
5038,1250799616,1250803712,4096
1877,1250803712,1250807808,4096
1878,1250807808,1250811904,4096
1879,1250811904,1250816000,4096
1880,1250816000,1250820096,4096
1881,1250820096,1250824192,4096
1882,1250824192,1250828288,4096
1883,1250828288,1250832384,4096
1884,1250832384,1250836480,4096
1885,1250836480,1250840576,4096
1886,1250840576,1250844672,4096
1887,1250844672,1250848768,4096
1876,1250848837,1250852864,4027
1888,1250852864,1250856960,4096
1889,1250856960,1250861056,4096
1890,1250861056,1250865152,4096
1891,1250865152,1250869248,4096
1892,1250869248,1250873344,4096
1893,1250873344,1250877440,4096
1894,1250877440,1250881536,4096
1895,1250881536,1250885632,4096
1896,1250885632,1250889728,4096
1897,1250889728,1250893824,4096
1898,1250893824,1250897920,4096
1899,1250897920,1250902016,4096
2938,1250902016,1250906112,4096
2935,1250906112,1250907339,1227
2936,1250916945,1250918400,1455
2939,1250918400,1250922496,4096
2940,1250922496,1250926592,4096
2941,1250926592,1250930688,4096
2942,1250930688,1250934784,4096
2943,1250934784,1250938880,4096
2944,1250938880,1250942976,4096
2945,1250942976,1250947072,4096
2946,1250947072,1250951168,4096
2934,1250951168,1250951947,779
2937,1250980674,1250983936,3262
2947,1250983936,1250988032,4096
2948,1250988032,1250992128,4096
2949,1250992128,1250996224,4096
2950,1250996224,1251000320,4096
5449,1251000320,1251004416,4096
5450,1251004416,1251008512,4096
5451,1251008512,1251012608,4096
5452,1251012608,1251016704,4096
5453,1251016704,1251020800,4096
5454,1251020800,1251024896,4096
5455,1251024896,1251028992,4096
5456,1251028992,1251033088,4096
5457,1251033088,1251037184,4096
5458,1251037184,1251041280,4096
5459,1251041280,1251045376,4096
5460,1251045376,1251049472,4096
5461,1251049472,1251053568,4096
5448,1251053568,1251057621,4053
5447,1251071408,1251074048,2640
5462,1251074048,1251078144,4096
5463,1251078144,1251082240,4096
5464,1251082240,1251086336,4096
5465,1251086336,1251090432,4096
5466,1251090432,1251094528,4096
5467,1251094528,1251098624,4096
5468,1251098624,1251102720,4096
1001,1251102720,1251106816,4096
1002,1251106816,1251110912,4096
1003,1251110912,1251115008,4096
1004,1251115008,1251119104,4096
1005,1251119104,1251123200,4096
997,1251123200,1251125150,1950
998,1251168971,1251172352,3381
1000,1251172352,1251176417,4065
999,1251176532,1251180544,4012
1006,1251180544,1251184640,4096
1007,1251184640,1251188736,4096
1008,1251188736,1251192832,4096
1009,1251192832,1251196928,4096
1010,1251196928,1251201024,4096
4628,1251201024,1251205120,4096
4629,1251205120,1251209216,4096
4630,1251209216,1251213312,4096
4627,1251213332,1251217408,4076
4631,1251217408,1251221504,4096
4632,1251221504,1251225600,4096
4633,1251225600,1251229696,4096
4634,1251229696,1251233792,4096
4635,1251233792,1251237888,4096
4636,1251237888,1251241984,4096
4621,1251241984,1251242026,42
4626,1251242194,1251246080,3886
4637,1251246080,1251250176,4096
4638,1251250176,1251254272,4096
4639,1251254272,1251258368,4096
4640,1251258368,1251262464,4096
4641,1251262464,1251266560,4096
4642,1251266560,1251270656,4096
4625,1251270656,1251272512,1856
4623,1251273492,1251274752,1260
4624,1251274752,1251276303,1551
4622,1251282443,1251282944,501
4643,1251282944,1251287040,4096
4644,1251287040,1251291136,4096
4645,1251291136,1251295232,4096
4646,1251295232,1251299328,4096
4647,1251299328,1251303424,4096
4888,1251303424,1251307520,4096
4889,1251307520,1251311616,4096
4890,1251311616,1251315712,4096
4891,1251315712,1251319808,4096
4892,1251319808,1251323904,4096
4884,1251323904,1251324384,480
4882,1251324446,1251324487,41
4881,1251324633,1251324671,38
4887,1251325127,1251328000,2873
4893,1251328000,1251332096,4096
4894,1251332096,1251336192,4096
4895,1251336192,1251340288,4096
4896,1251340288,1251344384,4096
4897,1251344384,1251348480,4096
4898,1251348480,1251352576,4096
4899,1251352576,1251356672,4096
4900,1251356672,1251360768,4096
4901,1251360768,1251364864,4096
4902,1251364864,1251368960,4096
4903,1251368960,1251373056,4096
4885,1251373056,1251375259,2203
4886,1251382917,1251385344,2427
4904,1251385344,1251389440,4096
4883,1251389440,1251389767,327
3047,1251400522,1251401728,1206
3050,1251401728,1251404360,2632
3048,1251420605,1251422208,1603
3053,1251422208,1251426304,4096
3052,1251426304,1251429558,3254
3046,1251445984,1251446784,800
3054,1251446784,1251450880,4096
3055,1251450880,1251454976,4096
3056,1251454976,1251459072,4096
3057,1251459072,1251463168,4096
3049,1251463168,1251465031,1863
3051,1251476715,1251479552,2837
3058,1251479552,1251483648,4096
3059,1251483648,1251487744,4096
3060,1251487744,1251491840,4096
3061,1251491840,1251495936,4096
3062,1251495936,1251500032,4096
2858,1251500032,1251504128,4096
2859,1251504128,1251508224,4096
2854,1251508224,1251510792,2568
2852,1251523464,1251524608,1144
2860,1251524608,1251528704,4096
2861,1251528704,1251532800,4096
2862,1251532800,1251536896,4096
2863,1251536896,1251540992,4096
2851,1251540992,1251541076,84
2855,1251554224,1251557135,2911
2853,1251584792,1251586048,1256
2857,1251586048,1251589280,3232
2856,1251591102,1251594240,3138
2864,1251594240,1251598336,4096
2865,1251598336,1251602432,4096
5171,1251602432,1251606528,4096
5172,1251606528,1251610624,4096
5173,1251610624,1251614720,4096
5174,1251614720,1251618816,4096
5175,1251618816,1251622912,4096
5176,1251622912,1251627008,4096
5177,1251627008,1251631104,4096
5178,1251631104,1251635200,4096
5165,1251635200,1251635328,128
5166,1251643096,1251643392,296
5179,1251643392,1251647488,4096
5180,1251647488,1251651584,4096
5181,1251651584,1251655680,4096
5182,1251655680,1251659776,4096
5169,1251659776,1251662434,2658
5168,1251675008,1251676160,1152
5167,1251676160,1251676556,396
5170,1251676781,1251680256,3475
5183,1251680256,1251684352,4096
5184,1251684352,1251688448,4096
5185,1251688448,1251692544,4096
5186,1251692544,1251696640,4096
5187,1251696640,1251700736,4096
356,1251700736,1251704832,4096
357,1251704832,1251708928,4096
358,1251708928,1251713024,4096
359,1251713024,1251717120,4096
360,1251717120,1251721216,4096
361,1251721216,1251725312,4096
362,1251725312,1251729408,4096
353,1251729408,1251731137,1729
352,1251741031,1251741696,665
363,1251741696,1251745792,4096
364,1251745792,1251749888,4096
365,1251749888,1251753984,4096
366,1251753984,1251758080,4096
354,1251758080,1251760017,1937
355,1251762852,1251766272,3420
367,1251766272,1251770368,4096
368,1251770368,1251774464,4096
369,1251774464,1251778560,4096
370,1251778560,1251782656,4096
371,1251782656,1251786752,4096
372,1251786752,1251790848,4096
373,1251790848,1251794944,4096
374,1251794944,1251799040,4096
375,1251799040,1251803136,4096
3447,1251803136,1251804560,1424
3446,1251814193,1251815424,1231
3449,1251815424,1251819520,4096
3450,1251819520,1251823616,4096
3451,1251823616,1251827712,4096
3452,1251827712,1251831808,4096
3453,1251831808,1251835904,4096
3454,1251835904,1251840000,4096
3455,1251840000,1251844096,4096
3456,1251844096,1251848192,4096
3457,1251848192,1251852288,4096
3458,1251852288,1251856384,4096
3448,1251856384,1251859184,2800
3445,1251859255,1251860480,1225
3459,1251860480,1251864576,4096
3460,1251864576,1251868672,4096
3461,1251868672,1251872768,4096
3462,1251872768,1251876864,4096
3463,1251876864,1251880960,4096
3464,1251880960,1251885056,4096
3465,1251885056,1251889152,4096
3466,1251889152,1251893248,4096
3467,1251893248,1251897344,4096
3468,1251897344,1251901440,4096
1421,1251901440,1251905536,4096
1418,1251905536,1251907878,2342
1420,1251919283,1251921920,2637
1422,1251921920,1251926016,4096
1423,1251926016,1251930112,4096
1424,1251930112,1251934208,4096
1425,1251934208,1251938304,4096
1426,1251938304,1251942400,4096
1427,1251942400,1251946496,4096
1428,1251946496,1251950592,4096
1429,1251950592,1251954688,4096
1430,1251954688,1251958784,4096
1431,1251958784,1251962880,4096
1417,1251962880,1251963830,950
1419,1251972715,1251975168,2453
1432,1251975168,1251979264,4096
1433,1251979264,1251983360,4096
1434,1251983360,1251987456,4096
1435,1251987456,1251991552,4096
1436,1251991552,1251995648,4096
1437,1251995648,1251999744,4096
1438,1251999744,1252003840,4096
5496,1252003840,1252007936,4096
5497,1252007936,1252012032,4096
5498,1252012032,1252016128,4096
5499,1252016128,1252020224,4096
5500,1252020224,1252024320,4096
5501,1252024320,1252028416,4096
5502,1252028416,1252032512,4096
5503,1252032512,1252036608,4096
5494,1252036608,1252038031,1423
5492,1252048104,1252048896,792
5504,1252048896,1252052992,4096
5505,1252052992,1252057088,4096
5495,1252057161,1252061184,4023
5506,1252061184,1252065280,4096
5507,1252065280,1252069376,4096
5508,1252069376,1252073472,4096
5509,1252073472,1252077568,4096
5510,1252077568,1252081664,4096
5491,1252081664,1252081936,272
5493,1252088808,1252089856,1048
5511,1252089856,1252093952,4096
5512,1252093952,1252098048,4096
5513,1252098048,1252102144,4096
436,1252102144,1252106240,4096
437,1252106240,1252110336,4096
438,1252110336,1252114432,4096
439,1252114432,1252118528,4096
440,1252118528,1252122624,4096
435,1252122624,1252125561,2937
432,1252150173,1252151296,1123
441,1252151296,1252155392,4096
442,1252155392,1252159488,4096
433,1252159488,1252161921,2433
434,1252193644,1252196352,2708
443,1252196352,1252200448,4096
428,1252200448,1252204544,4096
429,1252204544,1252208640,4096
424,1252208640,1252211572,2932
420,1252219759,1252220928,1169
427,1252220928,1252224417,3489
426,1252258720,1252261888,3168
430,1252261888,1252265984,4096
421,1252265984,1252267225,1241
422,1252281103,1252282368,1265
431,1252282368,1252286464,4096
425,1252286464,1252289436,2972
423,1252299925,1252302848,2923
148,1252302848,1252306944,4096
149,1252306944,1252311040,4096
150,1252311040,1252315136,4096
151,1252315136,1252319232,4096
152,1252319232,1252323328,4096
153,1252323328,1252327424,4096
154,1252327424,1252331520,4096
155,1252331520,1252335616,4096
156,1252335616,1252339712,4096
157,1252339712,1252343808,4096
158,1252343808,1252347904,4096
159,1252347904,1252352000,4096
160,1252352000,1252356096,4096
161,1252356096,1252360192,4096
162,1252360192,1252364288,4096
163,1252364288,1252368384,4096
164,1252368384,1252372480,4096
165,1252372480,1252376576,4096
166,1252376576,1252380672,4096
167,1252380672,1252384768,4096
168,1252384768,1252388864,4096
169,1252388864,1252392960,4096
170,1252392960,1252397056,4096
171,1252397056,1252401152,4096
5874,1252401152,1252405248,4096
5875,1252405248,1252409344,4096
5871,1252409344,1252411953,2609
5870,1252424078,1252425728,1650
5876,1252425728,1252429824,4096
5877,1252429824,1252433920,4096
5878,1252433920,1252438016,4096
5879,1252438016,1252442112,4096
5869,1252442112,1252443466,1354
5867,1252452763,1252453390,627
5873,1252454576,1252458496,3920
5880,1252458496,1252462592,4096
5881,1252462592,1252466688,4096
5882,1252466688,1252470784,4096
5883,1252470784,1252474880,4096
5884,1252474880,1252478976,4096
5885,1252478976,1252483072,4096
5868,1252483072,1252483936,864
5872,1252484022,1252487168,3146
5886,1252487168,1252491264,4096
5887,1252491264,1252495360,4096
5888,1252495360,1252499456,4096
5889,1252499456,1252503552,4096
199,1252503552,1252507648,4096
200,1252507648,1252511744,4096
201,1252511744,1252515840,4096
202,1252515840,1252519936,4096
203,1252519936,1252524032,4096
204,1252524032,1252528128,4096
205,1252528128,1252532224,4096
206,1252532224,1252536320,4096
198,1252536320,1252540389,4069
195,1252541508,1252544512,3004
207,1252544512,1252548608,4096
208,1252548608,1252552704,4096
197,1252552704,1252556454,3750
196,1252565498,1252569088,3590
209,1252569088,1252573184,4096
210,1252573184,1252577280,4096
211,1252577280,1252581376,4096
212,1252581376,1252585472,4096
213,1252585472,1252589568,4096
214,1252589568,1252593664,4096
215,1252593664,1252597760,4096
216,1252597760,1252601856,4096
1047,1252601856,1252603391,1535
1049,1252619166,1252622336,3170
1050,1252622336,1252626432,4096
1051,1252626432,1252630528,4096
1052,1252630528,1252634624,4096
1053,1252634624,1252638720,4096
1054,1252638720,1252642816,4096
1055,1252642816,1252646912,4096
1056,1252646912,1252651008,4096
1057,1252651008,1252655104,4096
1058,1252655104,1252659200,4096
1046,1252659200,1252660457,1257
1048,1252669871,1252671488,1617
1059,1252671488,1252675584,4096
1060,1252675584,1252679680,4096
1061,1252679680,1252683776,4096
1062,1252683776,1252687872,4096
1063,1252687872,1252691968,4096
1064,1252691968,1252696064,4096
1065,1252696064,1252700160,4096
5721,1252700160,1252702819,2659
5725,1252708431,1252712448,4017
5726,1252712448,1252716544,4096
5727,1252716544,1252720640,4096
5723,1252720937,1252724736,3799
5728,1252724736,1252728832,4096
5729,1252728832,1252732928,4096
5719,1252732928,1252733850,922
5722,1252741898,1252745216,3318
5730,1252745216,1252749312,4096
5731,1252749312,1252753408,4096
5732,1252753408,1252757504,4096
5733,1252757504,1252761600,4096
5734,1252761600,1252765696,4096
5718,1252765696,1252765740,44
5720,1252789238,1252790272,1034
5735,1252790272,1252794368,4096
5736,1252794368,1252798464,4096
5724,1252798464,1252802446,3982
3621,1252808729,1252810752,2023
3626,1252810752,1252814848,4096
3616,1252814848,1252816065,1217
3618,1252821414,1252823040,1626
3627,1252823040,1252827136,4096
3628,1252827136,1252831232,4096
3622,1252831232,1252833432,2200
3619,1252833461,1252835328,1867
3629,1252835328,1252839424,4096
3630,1252839424,1252843520,4096
3631,1252843520,1252847616,4096
3632,1252847616,1252851712,4096
3633,1252851712,1252855808,4096
3624,1252855808,1252858909,3101
3625,1252868191,1252872069,3878
3617,1252887145,1252888576,1431
3620,1252888576,1252890508,1932
3623,1252898302,1252900864,2562
3293,1252900864,1252904960,4096
3294,1252904960,1252909056,4096
3295,1252909056,1252913152,4096
3296,1252913152,1252917248,4096
3297,1252917248,1252921344,4096
3298,1252921344,1252925440,4096
3299,1252925440,1252929536,4096
3300,1252929536,1252933632,4096
3301,1252933632,1252937728,4096
3302,1252937728,1252941824,4096
3303,1252941824,1252945920,4096
3304,1252945920,1252950016,4096
3305,1252950016,1252954112,4096
3306,1252954112,1252958208,4096
3307,1252958208,1252962304,4096
3308,1252962304,1252966400,4096
3292,1252966400,1252970115,3715
3291,1252973904,1252974592,688
3309,1252974592,1252978688,4096
3310,1252978688,1252982784,4096
3311,1252982784,1252986880,4096
3312,1252986880,1252990976,4096
3313,1252990976,1252995072,4096
3314,1252995072,1252999168,4096
3315,1252999168,1253003264,4096
3866,1253003264,1253007360,4096
3867,1253007360,1253011456,4096
3868,1253011456,1253015552,4096
3869,1253015552,1253019648,4096
3870,1253019648,1253023744,4096
3871,1253023744,1253027840,4096
3872,1253027840,1253031936,4096
3864,1253031936,1253035215,3279
3861,1253039127,1253040128,1001
3873,1253040128,1253044224,4096
3874,1253044224,1253048320,4096
3860,1253048320,1253048679,359
3863,1253053967,1253056512,2545
3875,1253056512,1253060608,4096
3876,1253060608,1253064704,4096
3877,1253064704,1253068800,4096
3878,1253068800,1253072896,4096
3862,1253072896,1253074790,1894
3865,1253085510,1253089280,3770
3879,1253089280,1253093376,4096
3880,1253093376,1253097472,4096
3881,1253097472,1253101568,4096
2953,1253101568,1253105664,4096
2954,1253105664,1253109760,4096
2955,1253109760,1253113856,4096
2956,1253113856,1253117952,4096
2957,1253117952,1253122048,4096
2958,1253122048,1253126144,4096
2959,1253126144,1253130240,4096
2960,1253130240,1253134336,4096
2961,1253134336,1253138432,4096
2962,1253138432,1253142528,4096
2963,1253142528,1253146624,4096
2964,1253146624,1253150720,4096
2965,1253150720,1253154816,4096
2966,1253154816,1253158912,4096
2967,1253158912,1253163008,4096
2968,1253163008,1253167104,4096
2969,1253167104,1253171200,4096
2970,1253171200,1253175296,4096
2971,1253175296,1253179392,4096
2972,1253179392,1253183488,4096
2973,1253183488,1253187584,4096
2951,1253187584,1253187699,115
2952,1253193975,1253195776,1801
2974,1253195776,1253199872,4096
2975,1253199872,1253203968,4096
175,1253203968,1253208064,4096
176,1253208064,1253212160,4096
177,1253212160,1253216256,4096
178,1253216256,1253220352,4096
179,1253220352,1253224448,4096
180,1253224448,1253228544,4096
181,1253228544,1253232640,4096
182,1253232640,1253236736,4096
183,1253236736,1253240832,4096
184,1253240832,1253244928,4096
185,1253244928,1253249024,4096
186,1253249024,1253253120,4096
187,1253253120,1253257216,4096
173,1253257216,1253260321,3105
174,1253265612,1253269504,3892
188,1253269504,1253273600,4096
189,1253273600,1253277696,4096
190,1253277696,1253281792,4096
191,1253281792,1253285888,4096
192,1253285888,1253289984,4096
193,1253289984,1253294080,4096
194,1253294080,1253298176,4096
172,1253298176,1253300421,2245
4728,1253303959,1253306368,2409
4732,1253306368,1253310464,4096
4733,1253310464,1253314560,4096
4727,1253314560,1253316639,2079
4729,1253320278,1253322752,2474
4734,1253322752,1253326848,4096
4735,1253326848,1253330944,4096
4726,1253330944,1253332277,1333
4730,1253340532,1253343232,2700
4736,1253343232,1253347328,4096
4737,1253347328,1253351424,4096
4738,1253351424,1253355520,4096
4739,1253355520,1253359616,4096
4740,1253359616,1253363712,4096
4741,1253363712,1253367808,4096
4731,1253367808,1253371546,3738
1763,1253407015,1253408768,1753
1767,1253408768,1253412864,4096
1768,1253412864,1253416960,4096
1769,1253416960,1253421056,4096
1770,1253421056,1253425152,4096
1771,1253425152,1253429248,4096
1772,1253429248,1253433344,4096
1773,1253433344,1253437440,4096
1774,1253437440,1253441536,4096
1775,1253441536,1253445632,4096
1776,1253445632,1253449728,4096
1777,1253449728,1253453824,4096
1778,1253453824,1253457920,4096
1762,1253457920,1253459367,1447
1764,1253459611,1253462016,2405
1765,1253462086,1253465728,3642
1766,1253486980,1253490688,3708
1779,1253490688,1253494784,4096
1780,1253494784,1253498880,4096
1781,1253498880,1253502976,4096
4107,1253502976,1253507072,4096
4099,1253507072,1253507520,448
4105,1253508094,1253511168,3074
4108,1253511168,1253515264,4096
4109,1253515264,1253519360,4096
4110,1253519360,1253523456,4096
4111,1253523456,1253527552,4096
4112,1253527552,1253531648,4096
4113,1253531648,1253535744,4096
4114,1253535744,1253539840,4096
4104,1253539840,1253542868,3028
4102,1253550921,1253552128,1207
4106,1253552128,1253555275,3147
4100,1253568048,1253568512,464
4115,1253568512,1253572608,4096
4116,1253572608,1253576704,4096
4117,1253576704,1253580800,4096
4118,1253580800,1253584896,4096
4119,1253584896,1253588992,4096
4120,1253588992,1253593088,4096
4101,1253593088,1253593647,559
4103,1253598464,1253601280,2816
681,1253601280,1253605376,4096
682,1253605376,1253609472,4096
683,1253609472,1253613568,4096
684,1253613568,1253617664,4096
685,1253617664,1253621760,4096
686,1253621760,1253625856,4096
687,1253625856,1253629952,4096
688,1253629952,1253634048,4096
689,1253634048,1253638144,4096
690,1253638144,1253642240,4096
680,1253642240,1253645936,3696
679,1253651815,1253654528,2713
691,1253654528,1253658624,4096
692,1253658624,1253662720,4096
693,1253662720,1253666816,4096
694,1253666816,1253670912,4096
695,1253670912,1253675008,4096
696,1253675008,1253679104,4096
697,1253679104,1253683200,4096
698,1253683200,1253687296,4096
699,1253687296,1253691392,4096
700,1253691392,1253695488,4096
701,1253695488,1253699584,4096
702,1253699584,1253703680,4096
2622,1253703680,1253707776,4096
2623,1253707776,1253711872,4096
2624,1253711872,1253715968,4096
2620,1253715968,1253717804,1836
2621,1253717892,1253720064,2172
2625,1253720064,1253724160,4096
2626,1253724160,1253728256,4096
2627,1253728256,1253732352,4096
2628,1253732352,1253736448,4096
2629,1253736448,1253740544,4096
2630,1253740544,1253744640,4096
2631,1253744640,1253748736,4096
2632,1253748736,1253752832,4096
2633,1253752832,1253756928,4096
2634,1253756928,1253761024,4096
2635,1253761024,1253765120,4096
2636,1253765120,1253769216,4096
2637,1253769216,1253773312,4096
2638,1253773312,1253777408,4096
2639,1253777408,1253781504,4096
2640,1253781504,1253785600,4096
2641,1253785600,1253789696,4096
2642,1253789696,1253793792,4096
2643,1253793792,1253797888,4096
2644,1253797888,1253801984,4096
1681,1253801984,1253806080,4096
1677,1253806080,1253809339,3259
1667,1253831006,1253831162,156
1679,1253831248,1253834752,3504
1673,1253834752,1253836659,1907
1672,1253836758,1253838241,1483
1666,1253838349,1253838429,80
1665,1253838819,1253838848,29
1670,1253838848,1253839558,710
1668,1253839694,1253839908,214
1675,1253840045,1253842944,2899
1682,1253842944,1253847040,4096
1669,1253847040,1253847295,255
1671,1253853771,1253855232,1461
1683,1253855232,1253859328,4096
1684,1253859328,1253863424,4096
1685,1253863424,1253867520,4096
1678,1253867520,1253870965,3445
1676,1253876683,1253879808,3125
1686,1253879808,1253883904,4096
1674,1253883904,1253885874,1970
1680,1253892200,1253896192,3992
1687,1253896192,1253900288,4096
2076,1253900288,1253904384,4096
2077,1253904384,1253908480,4096
2078,1253908480,1253912576,4096
2079,1253912576,1253916672,4096
2080,1253916672,1253920768,4096
2081,1253920768,1253924864,4096
2082,1253924864,1253928960,4096
2083,1253928960,1253933056,4096
2084,1253933056,1253937152,4096
2085,1253937152,1253941248,4096
2086,1253941248,1253945344,4096
2087,1253945344,1253949440,4096
2088,1253949440,1253953536,4096
2089,1253953536,1253957632,4096
2090,1253957632,1253961728,4096
2091,1253961728,1253965824,4096
2073,1253965824,1253966059,235
2075,1253971430,1253974016,2586
2074,1253974016,1253976375,2359
4674,1256663443,1256665088,1645
4677,1256665088,1256669184,4096
4678,1256669184,1256673280,4096
4679,1256673280,1256677376,4096
4675,1256677376,1256679418,2042
4676,1256682796,1256685568,2772
4673,1256685568,1256686818,1250
4672,1256688786,1256689664,878
4680,1256689664,1256693760,4096
4681,1256693760,1256697856,4096
4682,1256697856,1256701952,4096
1295,1256701952,1256705153,3201
1297,1256710426,1256714240,3814
1300,1256714240,1256718336,4096
1301,1256718336,1256722432,4096
1302,1256722432,1256726528,4096
1303,1256726528,1256730624,4096
1304,1256730624,1256734720,4096
1305,1256734720,1256738816,4096
1306,1256738816,1256742912,4096
1298,1256742912,1256746767,3855
1291,1256746930,1256747008,78
1296,1256747008,1256750703,3695
1299,1256751337,1256755200,3863
1307,1256755200,1256759296,4096
1308,1256759296,1256763392,4096
1309,1256763392,1256767488,4096
1294,1256767488,1256770339,2851
1293,1256771871,1256774649,2778
1292,1256774748,1256775680,932
1310,1256775680,1256779776,4096
1311,1256779776,1256783872,4096
1312,1256783872,1256787968,4096
1313,1256787968,1256792064,4096
1314,1256792064,1256796160,4096
1315,1256796160,1256800256,4096
5392,1256800256,1256804352,4096
5393,1256804352,1256808448,4096
5394,1256808448,1256812544,4096
5395,1256812544,1256816640,4096
5396,1256816640,1256820736,4096
5397,1256820736,1256824832,4096
5398,1256824832,1256828928,4096
5399,1256828928,1256833024,4096
5400,1256833024,1256837120,4096
5390,1256837120,1256838392,1272
5389,1256840250,1256841216,966
5401,1256841216,1256845312,4096
5402,1256845312,1256849408,4096
5403,1256849408,1256853504,4096
5404,1256853504,1256857600,4096
5405,1256857600,1256861696,4096
5406,1256861696,1256865792,4096
5407,1256865792,1256869888,4096
5408,1256869888,1256873984,4096
5409,1256873984,1256878080,4096
5410,1256878080,1256882176,4096
5411,1256882176,1256886272,4096
5391,1256886276,1256890368,4092
5412,1256890368,1256894464,4096
5413,1256894464,1256898560,4096
5414,1256898560,1256902656,4096
1140,1256902750,1256906752,4002
1142,1256906752,1256910848,4096
1143,1256910848,1256914944,4096
1144,1256914944,1256919040,4096
1145,1256919040,1256923136,4096
1139,1256923136,1256926820,3684
1133,1256927025,1256927232,207
1146,1256927232,1256931328,4096
1147,1256931328,1256935424,4096
1141,1256935424,1256939438,4014
1136,1256954047,1256955904,1857
1148,1256955904,1256960000,4096
1149,1256960000,1256964096,4096
1150,1256964096,1256968192,4096
1137,1256968192,1256970603,2411
1135,1256970733,1256972288,1555
1151,1256972288,1256976384,4096
1134,1256976384,1256977247,863
1138,1256977384,1256980480,3096
1152,1256980480,1256984576,4096
1153,1256984576,1256988672,4096
1154,1256988672,1256992768,4096
1155,1256992768,1256996864,4096
1156,1256996864,1257000960,4096
5970,1257000960,1257002021,1061
5971,1257002690,1257004997,2307
5968,1257029410,1257029632,222
5973,1257029632,1257033728,4096
5974,1257033728,1257037824,4096
5975,1257037824,1257041920,4096
5976,1257041920,1257046016,4096
5977,1257046016,1257050112,4096
5978,1257050112,1257054208,4096
5979,1257054208,1257058304,4096
5980,1257058304,1257062400,4096
5981,1257062400,1257066496,4096
5982,1257066496,1257070592,4096
5969,1257070592,1257070964,372
5972,1257071316,1257074688,3372
5983,1257074688,1257078784,4096
5984,1257078784,1257082880,4096
5985,1257082880,1257086976,4096
5986,1257086976,1257091072,4096
5987,1257091072,1257095168,4096
5988,1257095168,1257099264,4096
5989,1257099264,1257103360,4096
2696,1257103360,1257107456,4096
2690,1257107456,1257109239,1783
2693,1257121340,1257123840,2500
2697,1257123840,1257127936,4096
2698,1257127936,1257132032,4096
2699,1257132032,1257136128,4096
2700,1257136128,1257140224,4096
2701,1257140224,1257144320,4096
2702,1257144320,1257148416,4096
2688,1257148416,1257148857,441
2695,1257149047,1257152512,3465
2703,1257152512,1257156608,4096
2694,1257156608,1257159687,3079
2689,1257159870,1257160704,834
2704,1257160704,1257164800,4096
2705,1257164800,1257168896,4096
2706,1257168896,1257172992,4096
2707,1257172992,1257177088,4096
2708,1257177088,1257181184,4096
2709,1257181184,1257185280,4096
2687,1257185280,1257185381,101
2691,1257194399,1257196326,1927
2692,1257199600,1257201664,2064
2988,1257201664,1257205760,4096
2989,1257205760,1257209856,4096
2990,1257209856,1257213952,4096
2991,1257213952,1257218048,4096
2992,1257218048,1257222144,4096
2993,1257222144,1257226240,4096
2994,1257226240,1257230336,4096
2995,1257230336,1257234432,4096
2996,1257234432,1257238528,4096
2997,1257238528,1257242624,4096
2986,1257242624,1257246399,3775
2987,1257250973,1257254912,3939
2998,1257254912,1257259008,4096
2999,1257259008,1257263104,4096
3000,1257263104,1257267200,4096
3001,1257267200,1257271296,4096
2981,1257271296,1257272605,1309
2982,1257272877,1257275392,2515
3002,1257275392,1257279488,4096
3003,1257279488,1257283584,4096
3004,1257283584,1257287680,4096
2980,1257287680,1257288819,1139
2983,1257288867,1257291776,2909
2984,1257291776,1257294706,2930
2979,1257294752,1257295737,985
2976,1257295774,1257295872,98
2978,1257295872,1257296604,732
2985,1257296641,1257299968,3327
2977,1257299968,1257300198,230
1485,1257300265,1257304064,3799
1480,1257304064,1257305215,1151
1483,1257305477,1257308160,2683
1486,1257308160,1257312256,4096
1487,1257312256,1257316352,4096
1488,1257316352,1257320448,4096
1479,1257320448,1257321494,1046
1478,1257327978,1257328640,662
1489,1257328640,1257332736,4096
1490,1257332736,1257336832,4096
1491,1257336832,1257340928,4096
1492,1257340928,1257345024,4096
1493,1257345024,1257349120,4096
1494,1257349120,1257353216,4096
1495,1257353216,1257357312,4096
1496,1257357312,1257361408,4096
1497,1257361408,1257365504,4096
1498,1257365504,1257369600,4096
1499,1257369600,1257373696,4096
1500,1257373696,1257377792,4096
1484,1257377792,1257380922,3130
1481,1257386708,1257388099,1391
1482,1257388150,1257390080,1930
1501,1257390080,1257394176,4096
1502,1257394176,1257398272,4096
1503,1257398272,1257402368,4096
313,1257402368,1257405977,3609
312,1257416624,1257418752,2128
314,1257418752,1257422764,4012
307,1257422793,1257422848,55
315,1257422848,1257426944,4096
316,1257426944,1257431040,4096
317,1257431040,1257435136,4096
318,1257435136,1257439232,4096
319,1257439232,1257443328,4096
320,1257443328,1257447424,4096
310,1257447424,1257448899,1475
308,1257454753,1257455616,863
321,1257455616,1257459712,4096
322,1257459712,1257463808,4096
311,1257463808,1257465866,2058
309,1257466536,1257467904,1368
323,1257467904,1257472000,4096
324,1257472000,1257476096,4096
325,1257476096,1257480192,4096
326,1257480192,1257484288,4096
327,1257484288,1257488384,4096
328,1257488384,1257492480,4096
329,1257492480,1257496576,4096
330,1257496576,1257500672,4096
5761,1257500672,1257504768,4096
5762,1257504768,1257508864,4096
5763,1257508864,1257512960,4096
5764,1257512960,1257517056,4096
5765,1257517056,1257521152,4096
5766,1257521152,1257525248,4096
5767,1257525248,1257529344,4096
5768,1257529344,1257533440,4096
5769,1257533440,1257537536,4096
5770,1257537536,1257541632,4096
5759,1257541632,1257543132,1500
5757,1257543340,1257544811,1471
5760,1257551712,1257553920,2208
5771,1257553920,1257558016,4096
5772,1257558016,1257562112,4096
5773,1257562112,1257566208,4096
5774,1257566208,1257570304,4096
5756,1257570304,1257571585,1281
5758,1257572920,1257574400,1480
5775,1257574400,1257578496,4096
5776,1257578496,1257582592,4096
5777,1257582592,1257586688,4096
5778,1257586688,1257590784,4096
5779,1257590784,1257594880,4096
5780,1257594880,1257598976,4096
5781,1257598976,1257603072,4096
3641,1257603072,1257607168,4096
3639,1257607168,1257608745,1577
3637,1257634739,1257635840,1101
3635,1257635840,1257636589,749
3634,1257643996,1257644032,36
3642,1257644032,1257648128,4096
3643,1257648128,1257652224,4096
3644,1257652224,1257656320,4096
3636,1257656320,1257657379,1059
3640,1257657505,1257660416,2911
3645,1257660416,1257664512,4096
3646,1257664512,1257668608,4096
3647,1257668608,1257672704,4096
3648,1257672704,1257676800,4096
3649,1257676800,1257680896,4096
3650,1257680896,1257684992,4096
3651,1257684992,1257689088,4096
3652,1257689088,1257693184,4096
3653,1257693184,1257697280,4096
3638,1257697280,1257698798,1518
4583,1257706053,1257709568,3515
4584,1257709568,1257713664,4096
4578,1257713664,1257713881,217
4581,1257724228,1257725952,1724
4585,1257725952,1257730048,4096
4586,1257730048,1257734144,4096
4587,1257734144,1257738240,4096
4588,1257738240,1257742336,4096
4589,1257742336,1257746432,4096
4590,1257746432,1257750528,4096
4591,1257750528,1257754624,4096
4582,1257754624,1257757284,2660
4579,1257761673,1257762816,1143
4592,1257762816,1257766912,4096
4593,1257766912,1257771008,4096
4594,1257771008,1257775104,4096
4595,1257775104,1257779200,4096
4596,1257779200,1257783296,4096
4580,1257783296,1257784664,1368
1260,1257800073,1257802443,2370
1254,1257807043,1257807872,829
1258,1257807872,1257809305,1433
1253,1257811313,1257811968,655
1265,1257811968,1257816064,4096
1266,1257816064,1257820160,4096
1267,1257820160,1257824256,4096
1268,1257824256,1257828352,4096
1261,1257828352,1257831360,3008
1255,1257831453,1257832448,995
1259,1257832448,1257834631,2183
1256,1257839632,1257840640,1008
1269,1257840640,1257844736,4096
1270,1257844736,1257848832,4096
1271,1257848832,1257852928,4096
1272,1257852928,1257857024,4096
1273,1257857024,1257861120,4096
1274,1257861120,1257865216,4096
1275,1257865216,1257869312,4096
1264,1257869312,1257873399,4087
1262,1257878013,1257881600,3587
1257,1257881633,1257882708,1075
1263,1257890252,1257893888,3636
1276,1257893888,1257897984,4096
1277,1257897984,1257902080,4096
2185,1257902080,1257906176,4096
2186,1257906176,1257910272,4096
2187,1257910272,1257914368,4096
2188,1257914368,1257918464,4096
2189,1257918464,1257922560,4096
2184,1257922560,1257924798,2238
2182,1257962248,1257963520,1272
2190,1257963520,1257967616,4096
2181,1257967616,1257967650,34
2183,1257978163,1257979904,1741
2191,1257979904,1257984000,4096
2192,1257984000,1257988096,4096
2193,1257988096,1257992192,4096
2194,1257992192,1257996288,4096
2195,1257996288,1258000384,4096
2712,1258000384,1258004480,4096
2713,1258004480,1258008576,4096
2714,1258008576,1258012672,4096
2715,1258012672,1258016768,4096
2716,1258016768,1258020864,4096
2717,1258020864,1258024960,4096
2718,1258024960,1258029056,4096
2719,1258029056,1258033152,4096
2720,1258033152,1258037248,4096
2721,1258037248,1258041344,4096
2722,1258041344,1258045440,4096
2723,1258045440,1258049536,4096
2724,1258049536,1258053632,4096
2725,1258053632,1258057728,4096
2726,1258057728,1258061824,4096
2727,1258061824,1258065920,4096
2711,1258065920,1258068692,2772
2710,1258069525,1258070016,491
2728,1258070016,1258074112,4096
2729,1258074112,1258078208,4096
2730,1258078208,1258082304,4096
2731,1258082304,1258086400,4096
2732,1258086400,1258090496,4096
2733,1258090496,1258094592,4096
2734,1258094592,1258098688,4096
2735,1258098688,1258102784,4096
3520,1258102784,1258106880,4096
3521,1258106880,1258110976,4096
3522,1258110976,1258115072,4096
3523,1258115072,1258119168,4096
3524,1258119168,1258123264,4096
3525,1258123264,1258127360,4096
3526,1258127360,1258131456,4096
3527,1258131456,1258135552,4096
3528,1258135552,1258139648,4096
3517,1258139648,1258140427,779
3518,1258153039,1258156032,2993
3529,1258156032,1258160128,4096
3530,1258160128,1258164224,4096
3531,1258164224,1258168320,4096
3532,1258168320,1258172416,4096
3533,1258172416,1258176512,4096
3534,1258176512,1258180608,4096
3535,1258180608,1258184704,4096
3519,1258184806,1258188800,3994
3536,1258188800,1258192896,4096
3537,1258192896,1258196992,4096
3538,1258196992,1258201088,4096
4415,1258201088,1258205184,4096
4416,1258205184,1258209280,4096
4417,1258209280,1258213376,4096
4408,1258213376,1258213589,213
4409,1258242592,1258243244,652
4413,1258243302,1258246144,2842
4418,1258246144,1258250240,4096
4419,1258250240,1258254336,4096
4420,1258254336,1258258432,4096
4411,1258258432,1258259698,1266
4412,1258269373,1258270720,1347
4421,1258270720,1258274816,4096
4422,1258274816,1258278912,4096
4423,1258278912,1258283008,4096
4424,1258283008,1258287104,4096
4410,1258287104,1258288246,1142
4414,1258288293,1258291200,2907
4425,1258291200,1258295296,4096
4426,1258295296,1258299392,4096
4427,1258299392,1258303488,4096
3344,1258303488,1258307584,4096
3345,1258307584,1258311680,4096
3346,1258311680,1258315776,4096
3343,1258315776,1258318808,3032
3339,1258326898,1258328064,1166
3342,1258328064,1258330545,2481
3338,1258330892,1258331691,799
3335,1258331831,1258332160,329
3336,1258332160,1258332509,349
3337,1258339983,1258340352,369
3340,1258340352,1258342246,1894
3341,1258342339,1258344448,2109
3347,1258344448,1258348544,4096
3348,1258348544,1258352640,4096
3349,1258352640,1258356736,4096
3350,1258356736,1258360832,4096
3351,1258360832,1258364928,4096
3352,1258364928,1258369024,4096
3353,1258369024,1258373120,4096
3354,1258373120,1258377216,4096
3355,1258377216,1258381312,4096
3356,1258381312,1258385408,4096
3357,1258385408,1258389504,4096
3358,1258389504,1258393600,4096
3359,1258393600,1258397696,4096
3360,1258397696,1258401792,4096
5351,1258401792,1258405888,4096
5348,1258405888,1258409539,3651
5345,1258415638,1258416932,1294
5344,1258417739,1258418176,437
5352,1258418176,1258422272,4096
5353,1258422272,1258426368,4096
5354,1258426368,1258430464,4096
5349,1258430517,1258434560,4043
5355,1258434560,1258438656,4096
5356,1258438656,1258442752,4096
5357,1258442752,1258446848,4096
5358,1258446848,1258450944,4096
5359,1258450944,1258455040,4096
5360,1258455040,1258459136,4096
5361,1258459136,1258463232,4096
5362,1258463232,1258467328,4096
5363,1258467328,1258471424,4096
5364,1258471424,1258475520,4096
5350,1258475520,1258479584,4064
5346,1258486285,1258487808,1523
5365,1258487808,1258491904,4096
5366,1258491904,1258496000,4096
5347,1258496000,1258498085,2085
5343,1258499897,1258500096,199
710,1258500096,1258504192,4096
711,1258504192,1258508288,4096
712,1258508288,1258512384,4096
713,1258512384,1258516480,4096
714,1258516480,1258520576,4096
715,1258520576,1258524672,4096
716,1258524672,1258528768,4096
717,1258528768,1258532864,4096
718,1258532864,1258536960,4096
703,1258536960,1258537649,689
704,1258543194,1258545152,1958
709,1258545160,1258549248,4088
719,1258549248,1258553344,4096
720,1258553344,1258557440,4096
721,1258557440,1258561536,4096
722,1258561536,1258565632,4096
723,1258565632,1258569728,4096
724,1258569728,1258573824,4096
725,1258573824,1258577920,4096
705,1258577920,1258580157,2237
708,1258586563,1258590208,3645
706,1258590208,1258592484,2276
707,1258599533,1258602496,2963
4939,1258602496,1258606592,4096
4940,1258606592,1258610688,4096
4941,1258610688,1258614784,4096
4942,1258614784,1258618880,4096
4938,1258618880,1258622487,3607
4937,1258629613,1258631168,1555
4943,1258631168,1258635264,4096
4944,1258635264,1258639360,4096
4945,1258639360,1258643456,4096
4946,1258643456,1258647552,4096
4947,1258647552,1258651648,4096
4948,1258651648,1258655744,4096
4949,1258655744,1258659840,4096
4950,1258659840,1258663936,4096
4951,1258663936,1258668032,4096
4952,1258668032,1258672128,4096
4953,1258672128,1258676224,4096
4954,1258676224,1258680320,4096
4955,1258680320,1258684416,4096
4956,1258684416,1258688512,4096
4957,1258688512,1258692608,4096
4958,1258692608,1258696704,4096
4959,1258696704,1258700800,4096
2831,1258700800,1258704896,4096
2832,1258704896,1258708992,4096
2833,1258708992,1258713088,4096
2834,1258713088,1258717184,4096
2835,1258717184,1258721280,4096
2836,1258721280,1258725376,4096
2837,1258725376,1258729472,4096
2838,1258729472,1258733568,4096
2839,1258733568,1258737664,4096
2840,1258737664,1258741760,4096
2841,1258741760,1258745856,4096
2842,1258745856,1258749952,4096
2843,1258749952,1258754048,4096
2827,1258754048,1258755055,1007
2828,1258756695,1258758144,1449
2844,1258758144,1258762240,4096
2845,1258762240,1258766336,4096
2846,1258766336,1258770432,4096
2830,1258770432,1258773454,3022
2829,1258785203,1258786816,1613
2847,1258786816,1258790912,4096
2848,1258790912,1258795008,4096
2849,1258795008,1258799104,4096
2850,1258799104,1258803200,4096
1823,1258803200,1258807296,4096
1824,1258807296,1258811392,4096
1825,1258811392,1258815488,4096
1820,1258815488,1258818347,2859
1817,1258840018,1258840064,46
1818,1258840064,1258840200,136
1822,1258840747,1258844160,3413
1826,1258844160,1258848256,4096
1827,1258848256,1258852352,4096
1828,1258852352,1258856448,4096
1829,1258856448,1258860544,4096
1830,1258860544,1258864640,4096
1831,1258864640,1258868736,4096
1832,1258868736,1258872832,4096
1833,1258872832,1258876928,4096
1834,1258876928,1258881024,4096
1835,1258881024,1258885120,4096
1836,1258885120,1258889216,4096
1819,1258889216,1258891562,2346
1821,1258894227,1258897408,3181
1837,1258897408,1258901504,4096
1583,1258901504,1258905600,4096
1584,1258905600,1258909696,4096
1585,1258909696,1258913792,4096
1586,1258913792,1258917888,4096
1587,1258917888,1258921984,4096
1580,1258921984,1258922127,143
1581,1258943028,1258944630,1602
1582,1258964419,1258967040,2621
1588,1258967040,1258971136,4096
1589,1258971136,1258975232,4096
1590,1258975232,1258979328,4096
1591,1258979328,1258983424,4096
1592,1258983424,1258987520,4096
1593,1258987520,1258991616,4096
1594,1258991616,1258995712,4096
1595,1258995712,1258999808,4096
1596,1258999808,1259003904,4096
3033,1259003904,1259008000,4096
3034,1259008000,1259012096,4096
3029,1259012096,1259013701,1605
3031,1259029684,1259032311,2627
3028,1259040545,1259040768,223
3035,1259040768,1259044864,4096
3036,1259044864,1259048960,4096
3037,1259048960,1259053056,4096
3038,1259053056,1259057152,4096
3039,1259057152,1259061248,4096
3040,1259061248,1259065344,4096
3041,1259065344,1259069440,4096
3030,1259069440,1259071940,2500
3032,1259082845,1259085824,2979
3042,1259085824,1259089920,4096
3043,1259089920,1259094016,4096
3044,1259094016,1259098112,4096
3045,1259098112,1259102208,4096
3964,1259102208,1259103567,1359
3970,1259106578,1259110400,3822
3969,1259110400,1259113699,3299
3962,1259122155,1259122688,533
3968,1259122688,1259125887,3199
3961,1259126330,1259126784,454
3971,1259126784,1259130880,4096
3972,1259130880,1259134976,4096
3967,1259134976,1259137805,2829
3965,1259153976,1259155456,1480
3973,1259155456,1259159552,4096
3974,1259159552,1259163648,4096
3975,1259163648,1259167744,4096
3976,1259167744,1259171840,4096
3977,1259171840,1259175936,4096
3978,1259175936,1259180032,4096
3979,1259180032,1259184128,4096
3980,1259184128,1259188224,4096
3981,1259188224,1259192320,4096
3982,1259192320,1259196416,4096
3966,1259196416,1259199080,2664
3963,1259199288,1259200512,1224
5641,1259200512,1259204608,4096
5642,1259204608,1259208704,4096
5643,1259208704,1259212800,4096
5640,1259212800,1259216642,3842
5637,1259247678,1259249664,1986
5644,1259249664,1259253760,4096
5645,1259253760,1259257856,4096
5646,1259257856,1259261952,4096
5647,1259261952,1259266048,4096
5636,1259266048,1259267505,1457
5635,1259276943,1259278336,1393
5648,1259278336,1259282432,4096
5649,1259282432,1259286528,4096
5650,1259286528,1259290624,4096
5639,1259290624,1259294170,3546
5633,1259294442,1259294720,278
5638,1259294720,1259296877,2157
5634,1259297320,1259298413,1093
4003,1259311044,1259311104,60
4012,1259311104,1259315200,4096
4009,1259315200,1259318172,2972
4004,1259335474,1259335680,206
4013,1259335680,1259339776,4096
4005,1259339776,1259340250,474
4011,1259340643,1259343872,3229
4014,1259343872,1259347968,4096
4015,1259347968,1259352064,4096
4016,1259352064,1259356160,4096
4008,1259356160,1259358773,2613
4007,1259359169,1259360256,1087
4017,1259360256,1259364352,4096
4006,1259364352,1259365161,809
4010,1259365338,1259368448,3110
4018,1259368448,1259372544,4096
4019,1259372544,1259376640,4096
4020,1259376640,1259380736,4096
4021,1259380736,1259384832,4096
4022,1259384832,1259388928,4096
4023,1259388928,1259393024,4096
4024,1259393024,1259397120,4096
4025,1259397120,1259401216,4096
726,1259401216,1259401381,165
730,1259403124,1259405312,2188
734,1259405312,1259409408,4096
735,1259409408,1259413504,4096
736,1259413504,1259417600,4096
737,1259417600,1259421696,4096
729,1259421696,1259423392,1696
727,1259445222,1259446272,1050
738,1259446272,1259450368,4096
739,1259450368,1259454464,4096
740,1259454464,1259458560,4096
741,1259458560,1259462656,4096
731,1259462656,1259465348,2692
728,1259465604,1259466752,1148
732,1259466752,1259469824,3072
733,1259479311,1259483136,3825
742,1259483136,1259487232,4096
743,1259487232,1259491328,4096
744,1259491328,1259495424,4096
745,1259495424,1259499520,4096
746,1259499520,1259503616,4096
2267,1259503616,1259507712,4096
2268,1259507712,1259511808,4096
2269,1259511808,1259515904,4096
2270,1259515904,1259520000,4096
2271,1259520000,1259524096,4096
2272,1259524096,1259528192,4096
2259,1259528192,1259528407,215
2262,1259538168,1259540480,2312
2273,1259540480,1259544576,4096
2265,1259544576,1259547865,3289
2264,1259549843,1259552768,2925
2274,1259552768,1259556864,4096
2263,1259556864,1259559668,2804
2260,1259560273,1259560960,687
2275,1259560960,1259565056,4096
2276,1259565056,1259569152,4096
2277,1259569152,1259573248,4096
2278,1259573248,1259577344,4096
2266,1259577344,1259581061,3717
2261,1259592829,1259593728,899
2279,1259593728,1259597824,4096
2280,1259597824,1259601920,4096
1560,1259601920,1259606016,4096
1557,1259606016,1259607402,1386
1558,1259607628,1259610112,2484
1561,1259610112,1259614208,4096
1562,1259614208,1259618304,4096
1554,1259618304,1259618544,240
1556,1259625238,1259626496,1258
1563,1259626496,1259630592,4096
1564,1259630592,1259634688,4096
1565,1259634688,1259638784,4096
1555,1259638784,1259639682,898
1559,1259640165,1259642880,2715
1566,1259642880,1259646976,4096
1567,1259646976,1259651072,4096
1568,1259651072,1259655168,4096
1569,1259655168,1259659264,4096
1570,1259659264,1259663360,4096
1571,1259663360,1259667456,4096
1572,1259667456,1259671552,4096
1573,1259671552,1259675648,4096
1574,1259675648,1259679744,4096
1575,1259679744,1259683840,4096
1576,1259683840,1259687936,4096
1577,1259687936,1259692032,4096
1578,1259692032,1259696128,4096
1579,1259696128,1259700224,4096
4074,1259700224,1259704320,4096
4075,1259704320,1259708416,4096
4076,1259708416,1259712512,4096
4077,1259712512,1259716608,4096
4078,1259716608,1259720704,4096
4079,1259720704,1259724800,4096
4080,1259724800,1259728896,4096
4081,1259728896,1259732992,4096
4082,1259732992,1259737088,4096
4083,1259737088,1259741184,4096
4084,1259741184,1259745280,4096
4085,1259745280,1259749376,4096
4086,1259749376,1259753472,4096
4087,1259753472,1259757568,4096
4088,1259757568,1259761664,4096
4089,1259761664,1259765760,4096
4090,1259765760,1259769856,4096
4091,1259769856,1259773952,4096
4092,1259773952,1259778048,4096
4093,1259778048,1259782144,4096
4094,1259782144,1259786240,4096
4095,1259786240,1259790336,4096
4096,1259790336,1259794432,4096
4097,1259794432,1259798528,4096
4098,1259798528,1259802624,4096
3560,1259802624,1259806720,4096
3561,1259806720,1259810816,4096
3562,1259810816,1259814912,4096
3563,1259814912,1259819008,4096
3553,1259819008,1259820500,1492
3556,1259820637,1259823104,2467
3564,1259823104,1259827200,4096
3565,1259827200,1259831296,4096
3566,1259831296,1259835392,4096
3567,1259835392,1259839488,4096
3568,1259839488,1259843584,4096
3569,1259843584,1259847680,4096
3570,1259847680,1259851776,4096
3554,1259851776,1259853895,2119
3558,1259864451,1259868160,3709
3571,1259868160,1259872256,4096
3555,1259872256,1259874609,2353
3557,1259877351,1259880448,3097
3559,1259880531,1259884544,4013
3572,1259884544,1259888640,4096
3573,1259888640,1259892736,4096
3574,1259892736,1259896832,4096
3575,1259896832,1259900928,4096
1089,1259900928,1259905024,4096
1090,1259905024,1259909120,4096
1091,1259909120,1259913216,4096
1092,1259913216,1259917312,4096
1093,1259917312,1259921408,4096
1094,1259921408,1259925504,4096
1095,1259925504,1259929600,4096
1096,1259929600,1259933696,4096
1097,1259933696,1259937792,4096
1083,1259937792,1259938327,535
1087,1259938879,1259941888,3009
1098,1259941888,1259945984,4096
1099,1259945984,1259950080,4096
1100,1259950080,1259954176,4096
1101,1259954176,1259958272,4096
1102,1259958272,1259962368,4096
1103,1259962368,1259966464,4096
1081,1259966464,1259966500,36
1086,1259966842,1259968948,2106
1085,1259968997,1259970560,1563
1104,1259970560,1259974656,4096
1105,1259974656,1259978752,4096
1088,1259978752,1259981885,3133
1082,1259982021,1259982058,37
1084,1259982109,1259982848,739
1106,1259982848,1259986944,4096
1107,1259986944,1259991040,4096
1108,1259991040,1259995136,4096
1109,1259995136,1259999232,4096
1110,1259999232,1260003328,4096
4502,1260003328,1260007424,4096
4503,1260007424,1260011520,4096
4504,1260011520,1260015616,4096
4505,1260015616,1260019712,4096
4506,1260019712,1260023808,4096
4507,1260023808,1260027904,4096
4499,1260027904,1260027914,10
4500,1260066826,1260068864,2038
4508,1260068864,1260072960,4096
4509,1260072960,1260077056,4096
4510,1260077056,1260081152,4096
4501,1260081152,1260084047,2895
3761,1260145132,1260146688,1556
3765,1260146688,1260150784,4096
3766,1260150784,1260154880,4096
3767,1260154880,1260158976,4096
3768,1260158976,1260163072,4096
3769,1260163072,1260167168,4096
3770,1260167168,1260171264,4096
3771,1260171264,1260175360,4096
3772,1260175360,1260179456,4096
3773,1260179456,1260183552,4096
3774,1260183552,1260187648,4096
3763,1260187648,1260189345,1697
3764,1260196598,1260199936,3338
3762,1260199936,1260201611,1675
509,1260203655,1260204032,377
516,1260204032,1260208128,4096
510,1260208128,1260208971,843
513,1260209077,1260212224,3147
517,1260212224,1260216320,4096
518,1260216320,1260220416,4096
512,1260220440,1260223278,2838
511,1260223318,1260224512,1194
519,1260224512,1260228608,4096
520,1260228608,1260232704,4096
521,1260232704,1260236800,4096
522,1260236800,1260240896,4096
523,1260240896,1260244992,4096
524,1260244992,1260249088,4096
525,1260249088,1260253184,4096
526,1260253184,1260257280,4096
527,1260257280,1260261376,4096
528,1260261376,1260265472,4096
529,1260265472,1260269568,4096
530,1260269568,1260273664,4096
531,1260273664,1260277760,4096
514,1260277760,1260281149,3389
515,1260286594,1260290048,3454
532,1260290048,1260294144,4096
533,1260294144,1260298240,4096
534,1260298240,1260302336,4096
26,1260302336,1260306432,4096
27,1260306432,1260310528,4096
28,1260310528,1260314624,4096
29,1260314624,1260318720,4096
30,1260318720,1260322816,4096
31,1260322816,1260326912,4096
32,1260326912,1260331008,4096
33,1260331008,1260335104,4096
34,1260335104,1260339200,4096
35,1260339200,1260343296,4096
36,1260343296,1260347392,4096
37,1260347392,1260351488,4096
38,1260351488,1260355584,4096
39,1260355584,1260359680,4096
40,1260359680,1260363776,4096
41,1260363776,1260367872,4096
42,1260367872,1260371968,4096
43,1260371968,1260376064,4096
22,1260376064,1260376861,797
24,1260376900,1260380160,3260
23,1260380160,1260382850,2690
25,1260388794,1260392448,3654
44,1260392448,1260396544,4096
45,1260396544,1260400640,4096
1206,1260400640,1260404736,4096
1207,1260404736,1260408832,4096
1208,1260408832,1260412928,4096
1209,1260412928,1260417024,4096
1210,1260417024,1260421120,4096
1211,1260421120,1260425216,4096
1204,1260425216,1260427016,1800
1205,1260433875,1260437504,3629
1212,1260437504,1260441600,4096
1213,1260441600,1260445696,4096
1214,1260445696,1260449792,4096
1215,1260449792,1260453888,4096
1216,1260453888,1260457984,4096
1217,1260457984,1260462080,4096
1218,1260462080,1260466176,4096
1219,1260466176,1260470272,4096
1220,1260470272,1260474368,4096
1221,1260474368,1260478464,4096
1222,1260478464,1260482560,4096
1223,1260482560,1260486656,4096
1224,1260486656,1260490752,4096
1225,1260490752,1260494848,4096
1226,1260494848,1260498944,4096
1227,1260498944,1260503040,4096
4455,1260503040,1260507136,4096
4456,1260507136,1260511232,4096
4457,1260511232,1260515328,4096
4458,1260515328,1260519424,4096
4459,1260519424,1260523520,4096
4460,1260523520,1260527616,4096
4461,1260527616,1260531712,4096
4462,1260531712,1260535808,4096
4463,1260535808,1260539904,4096
4464,1260539904,1260544000,4096
4465,1260544000,1260548096,4096
4466,1260548096,1260552192,4096
4467,1260552192,1260556288,4096
4468,1260556288,1260560384,4096
4469,1260560384,1260564480,4096
4470,1260564480,1260568576,4096
4471,1260568576,1260572672,4096
4451,1260572672,1260572984,312
4454,1260573057,1260576768,3711
4472,1260576768,1260580864,4096
4452,1260580864,1260582254,1390
4453,1260582318,1260584960,2642
4473,1260584960,1260589056,4096
4474,1260589056,1260593152,4096
4475,1260593152,1260597248,4096
4476,1260597248,1260601344,4096
3988,1260601344,1260605440,4096
3983,1260605440,1260606313,873
3985,1260606397,1260609536,3139
3989,1260609536,1260613632,4096
3990,1260613632,1260617728,4096
3991,1260617728,1260621824,4096
3992,1260621824,1260625920,4096
3993,1260625920,1260630016,4096
3986,1260630016,1260633523,3507
3984,1260661094,1260662784,1690
3994,1260662784,1260666880,4096
3995,1260666880,1260670976,4096
3996,1260670976,1260675072,4096
3997,1260675072,1260679168,4096
3998,1260679168,1260683264,4096
3999,1260683264,1260687360,4096
4000,1260687360,1260691456,4096
4001,1260691456,1260695552,4096
4002,1260695552,1260699648,4096
3987,1260699648,1260703278,3630
246,1260703366,1260703661,295
242,1260703702,1260703744,42
253,1260703744,1260707840,4096
251,1260707840,1260709026,1186
247,1260709338,1260709663,325
248,1260710113,1260710581,468
244,1260711056,1260711320,264
243,1260712922,1260713103,181
245,1260723947,1260724224,277
254,1260724224,1260728320,4096
255,1260728320,1260732416,4096
256,1260732416,1260736512,4096
252,1260736512,1260738008,1496
250,1260746843,1260747917,1074
249,1260755941,1260756992,1051
257,1260756992,1260761088,4096
258,1260761088,1260765184,4096
259,1260765184,1260769280,4096
260,1260769280,1260773376,4096
261,1260773376,1260777472,4096
262,1260777472,1260781568,4096
263,1260781568,1260785664,4096
264,1260785664,1260789760,4096
265,1260789760,1260793856,4096
266,1260793856,1260797952,4096
267,1260797952,1260802048,4096
3663,1260802048,1260806144,4096
3664,1260806144,1260810240,4096
3665,1260810240,1260814336,4096
3666,1260814336,1260818432,4096
3667,1260818432,1260822528,4096
3668,1260822528,1260826624,4096
3669,1260826624,1260830720,4096
3670,1260830720,1260834816,4096
3671,1260834816,1260838912,4096
3672,1260838912,1260843008,4096
3673,1260843008,1260847104,4096
3674,1260847104,1260851200,4096
3675,1260851200,1260855296,4096
3662,1260855296,1260859341,4045
3656,1260867223,1260867584,361
3676,1260867584,1260871680,4096
3677,1260871680,1260875776,4096
3659,1260875776,1260878265,2489
3657,1260885560,1260886581,1021
3658,1260888248,1260889487,1239
3654,1260891458,1260891538,80
3655,1260892408,1260892536,128
3660,1260892875,1260896256,3381
3661,1260896256,1260899966,3710
4513,1260907053,1260908544,1491
4511,1260908544,1260909322,778
4512,1260911476,1260912640,1164
4516,1260912640,1260914497,1857
4514,1260919265,1260920832,1567
4517,1260920832,1260923252,2420
4515,1260923355,1260924928,1573
4518,1260924928,1260929024,4096
4519,1260929024,1260933120,4096
4520,1260933120,1260937216,4096
4521,1260937216,1260941312,4096
4522,1260941312,1260945408,4096
4523,1260945408,1260949504,4096
4524,1260949504,1260953600,4096
4525,1260953600,1260957696,4096
4526,1260957696,1260961792,4096
4527,1260961792,1260965888,4096
4528,1260965888,1260969984,4096
4529,1260969984,1260974080,4096
4530,1260974080,1260978176,4096
4531,1260978176,1260982272,4096
4532,1260982272,1260986368,4096
4533,1260986368,1260990464,4096
4534,1260990464,1260994560,4096
4535,1260994560,1260998656,4096
4536,1260998656,1261002752,4096
5896,1261002752,1261006848,4096
5897,1261006848,1261010944,4096
5892,1261010944,1261012486,1542
5893,1261013054,1261015040,1986
5898,1261015040,1261019136,4096
5899,1261019136,1261023232,4096
5894,1261023232,1261025795,2563
5891,1261025895,1261027328,1433
5900,1261027328,1261031424,4096
5901,1261031424,1261035520,4096
5902,1261035520,1261039616,4096
5903,1261039616,1261043712,4096
5904,1261043712,1261047808,4096
5905,1261047808,1261051904,4096
5906,1261051904,1261056000,4096
5907,1261056000,1261060096,4096
5908,1261060096,1261064192,4096
5909,1261064192,1261068288,4096
5910,1261068288,1261072384,4096
5911,1261072384,1261076480,4096
5912,1261076480,1261080576,4096
5913,1261080576,1261084672,4096
5890,1261084672,1261085489,817
5895,1261085612,1261088768,3156
5914,1261088768,1261092864,4096
5915,1261092864,1261096960,4096
5916,1261096960,1261101056,4096
2409,1261101056,1261105152,4096
2410,1261105152,1261109248,4096
2411,1261109248,1261113344,4096
2412,1261113344,1261117440,4096
2413,1261117440,1261121536,4096
2414,1261121536,1261125632,4096
2415,1261125632,1261129728,4096
2416,1261129728,1261133824,4096
2417,1261133824,1261137920,4096
2418,1261137920,1261142016,4096
2419,1261142016,1261146112,4096
2420,1261146112,1261150208,4096
2408,1261150208,1261153129,2921
2404,1261163605,1261163847,242
2406,1261177552,1261178880,1328
2405,1261178880,1261179923,1043
2407,1261185694,1261187072,1378
2421,1261187072,1261191168,4096
2422,1261191168,1261195264,4096
2423,1261195264,1261199360,4096
2424,1261199360,1261203456,4096
4127,1261203456,1261207552,4096
4128,1261207552,1261211648,4096
4129,1261211648,1261215744,4096
4130,1261215744,1261219840,4096
4131,1261219840,1261223936,4096
4132,1261223936,1261228032,4096
4133,1261228032,1261232128,4096
4134,1261232128,1261236224,4096
4122,1261236224,1261237522,1298
4123,1261238362,1261240320,1958
4135,1261240320,1261244416,4096
4121,1261244416,1261244489,73
4124,1261261952,1261264896,2944
4136,1261264896,1261268992,4096
4137,1261268992,1261273088,4096
4138,1261273088,1261277184,4096
4125,1261277184,1261280295,3111
4126,1261298290,1261301760,3470
2161,1261301760,1261305856,4096
2162,1261305856,1261309952,4096
2163,1261309952,1261314048,4096
2164,1261314048,1261318144,4096
2165,1261318144,1261322240,4096
2166,1261322240,1261326336,4096
2167,1261326336,1261330432,4096
2168,1261330432,1261334528,4096
2169,1261334528,1261338624,4096
2160,1261338624,1261341865,3241
2159,1261352283,1261355008,2725
2170,1261355008,1261359104,4096
2171,1261359104,1261363200,4096
2172,1261363200,1261367296,4096
2173,1261367296,1261371392,4096
2174,1261371392,1261375488,4096
2175,1261375488,1261379584,4096
2176,1261379584,1261383680,4096
2177,1261383680,1261387776,4096
2178,1261387776,1261391872,4096
2179,1261391872,1261395968,4096
2180,1261395968,1261400064,4096
6061,1261400064,1261404160,4096
6062,1261404160,1261408256,4096
6063,1261408256,1261412352,4096
6059,1261412352,1261414438,2086
6060,1261422140,1261424640,2500
6064,1261424640,1261428736,4096
6065,1261428736,1261432832,4096
6066,1261432832,1261436928,4096
6067,1261436928,1261441024,4096
6068,1261441024,1261445120,4096
6069,1261445120,1261449216,4096
6070,1261449216,1261453312,4096
6071,1261453312,1261457408,4096
6072,1261457408,1261461504,4096
6073,1261461504,1261465600,4096
6074,1261465600,1261469696,4096
6075,1261469696,1261473792,4096
6076,1261473792,1261477888,4096
6077,1261477888,1261481984,4096
6078,1261481984,1261486080,4096
6079,1261486080,1261490176,4096
6057,1261490176,1261491412,1236
6058,1261497071,1261498368,1297
6080,1261498368,1261502464,4096
2030,1261502464,1261506560,4096
2031,1261506560,1261510656,4096
2032,1261510656,1261514752,4096
2033,1261514752,1261518848,4096
2034,1261518848,1261522944,4096
2035,1261522944,1261527040,4096
2036,1261527040,1261531136,4096
2037,1261531136,1261535232,4096
2038,1261535232,1261539328,4096
2039,1261539328,1261543424,4096
2040,1261543424,1261547520,4096
2041,1261547520,1261551616,4096
2042,1261551616,1261555712,4096
2043,1261555712,1261559808,4096
2044,1261559808,1261563904,4096
2029,1261563904,1261566501,2597
2026,1261571704,1261572096,392
2045,1261572096,1261576192,4096
2046,1261576192,1261580288,4096
2028,1261580288,1261582822,2534
2027,1261588010,1261588480,470
2047,1261588480,1261592576,4096
2048,1261592576,1261596672,4096
2049,1261596672,1261600768,4096
1946,1261600768,1261604864,4096
1947,1261604864,1261608960,4096
1948,1261608960,1261613056,4096
1949,1261613056,1261617152,4096
1950,1261617152,1261621248,4096
1951,1261621248,1261625344,4096
1952,1261625344,1261629440,4096
1953,1261629440,1261633536,4096
1945,1261633536,1261637351,3815
1939,1261637448,1261637632,184
1954,1261637632,1261641728,4096
1944,1261641728,1261644739,3011
1940,1261649174,1261649920,746
1955,1261649920,1261654016,4096
1956,1261654016,1261658112,4096
1957,1261658112,1261662208,4096
1958,1261662208,1261666304,4096
1959,1261666304,1261670400,4096
1943,1261670400,1261673361,2961
1942,1261675967,1261678592,2625
1960,1261678592,1261682688,4096
1961,1261682688,1261686784,4096
1962,1261686784,1261690880,4096
1963,1261690880,1261694976,4096
1964,1261694976,1261699072,4096
1941,1261699072,1261700872,1800
3204,1261705825,1261707264,1439
3205,1261707264,1261711360,4096
3206,1261711360,1261715456,4096
3207,1261715456,1261719552,4096
3208,1261719552,1261723648,4096
3209,1261723648,1261727744,4096
3210,1261727744,1261731840,4096
3211,1261731840,1261735936,4096
3212,1261735936,1261740032,4096
3213,1261740032,1261744128,4096
3214,1261744128,1261748224,4096
3215,1261748224,1261752320,4096
3216,1261752320,1261756416,4096
3217,1261756416,1261760512,4096
3218,1261760512,1261764608,4096
3219,1261764608,1261768704,4096
3220,1261768704,1261772800,4096
3221,1261772800,1261776896,4096
3222,1261776896,1261780992,4096
3223,1261780992,1261785088,4096
3224,1261785088,1261789184,4096
3225,1261789184,1261793280,4096
3226,1261793280,1261797376,4096
3227,1261797376,1261801472,4096
1472,1261801472,1261805568,4096
1473,1261805568,1261809664,4096
1474,1261809664,1261813760,4096
1475,1261813760,1261817856,4096
1476,1261817856,1261821952,4096
1477,1261821952,1261826048,4096
1471,1261826048,1261828598,2550
2394,1261965623,1261965933,310
2395,1261965981,1261969408,3427
2396,1261969408,1261973504,4096
2397,1261973504,1261977600,4096
2398,1261977600,1261981696,4096
2399,1261981696,1261985792,4096
2400,1261985792,1261989888,4096
2401,1261989888,1261993984,4096
2402,1261993984,1261998080,4096
2403,1261998080,1262002176,4096
792,1262002176,1262006272,4096
793,1262006272,1262010368,4096
794,1262010368,1262014464,4096
795,1262014464,1262018560,4096
796,1262018560,1262022656,4096
797,1262022656,1262026752,4096
798,1262026752,1262030848,4096
799,1262030848,1262034944,4096
791,1262034944,1262038002,3058
789,1262044909,1262047232,2323
800,1262047232,1262051328,4096
801,1262051328,1262055424,4096
802,1262055424,1262059520,4096
803,1262059520,1262063616,4096
804,1262063616,1262067712,4096
805,1262067712,1262071808,4096
806,1262071808,1262075904,4096
807,1262075904,1262080000,4096
808,1262080000,1262084096,4096
809,1262084096,1262088192,4096
788,1262088192,1262089007,815
790,1262089416,1262092288,2872
810,1262092288,1262096384,4096
811,1262096384,1262100480,4096
3932,1262100480,1262104576,4096
3925,1262104576,1262106332,1756
3924,1262111475,1262112768,1293
3933,1262112768,1262116864,4096
3934,1262116864,1262120960,4096
3926,1262120960,1262122849,1889
3927,1262123147,1262125056,1909
3929,1262125056,1262127565,2509
3930,1262138770,1262141440,2670
3935,1262141440,1262145536,4096
3936,1262145536,1262149632,4096
3937,1262149632,1262153728,4096
3938,1262153728,1262157824,4096
3923,1262157824,1262158757,933
3922,1262158845,1262159745,900
3928,1262159848,1262161920,2072
3939,1262161920,1262166016,4096
3940,1262166016,1262170112,4096
3941,1262170112,1262174208,4096
3942,1262174208,1262178304,4096
3943,1262178304,1262182400,4096
3944,1262182400,1262186496,4096
3945,1262186496,1262190592,4096
3921,1262190592,1262190799,207
3931,1262190910,1262194688,3778
3946,1262194688,1262198784,4096
3947,1262198784,1262202880,4096
751,1262202880,1262206976,4096
752,1262206976,1262211072,4096
747,1262211072,1262212569,1497
748,1262212718,1262215168,2450
753,1262215168,1262219264,4096
754,1262219264,1262223360,4096
755,1262223360,1262227456,4096
756,1262227456,1262231552,4096
757,1262231552,1262235648,4096
758,1262235648,1262239744,4096
759,1262239744,1262243840,4096
760,1262243840,1262247936,4096
761,1262247936,1262252032,4096
762,1262252032,1262256128,4096
763,1262256128,1262260224,4096
764,1262260224,1262264320,4096
765,1262264320,1262268416,4096
766,1262268416,1262272512,4096
749,1262272512,1262275794,3282
750,1262280765,1262284800,4035
767,1262284800,1262288896,4096
768,1262288896,1262292992,4096
769,1262292992,1262297088,4096
770,1262297088,1262301184,4096
817,1262301184,1262305280,4096
818,1262305280,1262309376,4096
816,1262309376,1262312837,3461
813,1262312887,1262313472,585
819,1262313472,1262317568,4096
820,1262317568,1262321664,4096
821,1262321664,1262325760,4096
822,1262325760,1262329856,4096
823,1262329856,1262333952,4096
824,1262333952,1262338048,4096
825,1262338048,1262342144,4096
814,1262342144,1262343985,1841
812,1262349768,1262350336,568
826,1262350336,1262354432,4096
827,1262354432,1262358528,4096
828,1262358528,1262362624,4096
829,1262362624,1262366720,4096
830,1262366720,1262370816,4096
831,1262370816,1262374912,4096
832,1262374912,1262379008,4096
833,1262379008,1262383104,4096
815,1262397225,1262399488,2263
834,1262399488,1262403584,4096
2924,1262403584,1262404611,1027
2925,1262430737,1262432256,1519
2923,1262432256,1262432842,586
2926,1262470540,1262473216,2676
2927,1262473216,1262477312,4096
2928,1262477312,1262481408,4096
2929,1262481408,1262485504,4096
2930,1262485504,1262489600,4096
2931,1262489600,1262493696,4096
2932,1262493696,1262497792,4096
2933,1262497792,1262501888,4096
1867,1262501888,1262505984,4096
1868,1262505984,1262510080,4096
1869,1262510080,1262514176,4096
1870,1262514176,1262518272,4096
1871,1262518272,1262522368,4096
1864,1262522368,1262525732,3364
1863,1262536296,1262538752,2456
1872,1262538752,1262542848,4096
1873,1262542848,1262546944,4096
1874,1262546944,1262551040,4096
1875,1262551040,1262555136,4096
1866,1262555136,1262558749,3613
1865,1262592123,1262595530,3407
861,1262603825,1262604288,463
865,1262604288,1262608384,4096
866,1262608384,1262612480,4096
867,1262612480,1262616576,4096
868,1262616576,1262620672,4096
869,1262620672,1262624768,4096
870,1262624768,1262628864,4096
871,1262628864,1262632960,4096
872,1262632960,1262637056,4096
863,1262637056,1262638921,1865
860,1262640993,1262641152,159
873,1262641152,1262645248,4096
874,1262645248,1262649344,4096
875,1262649344,1262653440,4096
876,1262653440,1262657536,4096
877,1262657536,1262661632,4096
878,1262661632,1262665728,4096
879,1262665728,1262669824,4096
880,1262669824,1262673920,4096
881,1262673920,1262678016,4096
882,1262678016,1262682112,4096
883,1262682112,1262686208,4096
864,1262686208,1262688492,2284
862,1262688611,1262690304,1693
884,1262690304,1262694400,4096
885,1262694400,1262698496,4096
886,1262698496,1262702592,4096
3954,1262702592,1262706688,4096
3955,1262706688,1262710784,4096
3952,1262710784,1262714472,3688
3953,1262714944,1262718768,3824
3951,1262735573,1262738316,2743
3948,1262746233,1262747648,1415
3956,1262747648,1262751744,4096
3957,1262751744,1262755840,4096
3958,1262755840,1262759936,4096
3950,1262759936,1262762284,2348
3949,1262791107,1262792704,1597
3959,1262792704,1262796800,4096
3960,1262796800,1262800896,4096
75,1262800896,1262804992,4096
76,1262804992,1262809088,4096
77,1262809088,1262813184,4096
78,1262813184,1262817280,4096
65,1262817280,1262817505,225
68,1262828631,1262829568,937
79,1262829568,1262833664,4096
80,1262833664,1262837760,4096
81,1262837760,1262841856,4096
72,1262841856,1262844407,2551
69,1262844473,1262845952,1479
82,1262845952,1262850048,4096
83,1262850048,1262854144,4096
84,1262854144,1262858240,4096
67,1262858240,1262858860,620
71,1262863942,1262866432,2490
85,1262866432,1262870528,4096
86,1262870528,1262874624,4096
74,1262874624,1262878245,3621
73,1262884040,1262886912,2872
87,1262886912,1262891008,4096
70,1262891008,1262893102,2094
66,1262898851,1262899200,349
88,1262899200,1262903296,4096
1114,1262903296,1262907392,4096
1115,1262907392,1262911488,4096
1116,1262911488,1262915584,4096
1117,1262915584,1262919680,4096
1113,1262919719,1262923776,4057
1118,1262923776,1262927872,4096
1119,1262927872,1262931968,4096
1120,1262931968,1262936064,4096
1121,1262936064,1262940160,4096
1122,1262940160,1262944256,4096
1123,1262944256,1262948352,4096
1124,1262948352,1262952448,4096
1125,1262952448,1262956544,4096
1126,1262956544,1262960640,4096
1127,1262960640,1262964736,4096
1128,1262964736,1262968832,4096
1129,1262968832,1262972928,4096
1130,1262972928,1262977024,4096
1131,1262977024,1262981120,4096
1132,1262981120,1262985216,4096
1111,1262985216,1262987419,2203
1112,1262998108,1263001600,3492
5849,1263001600,1263005696,4096
5850,1263005696,1263009792,4096
5848,1263009792,1263012337,2545
5847,1263012448,1263013888,1440
5851,1263013888,1263017984,4096
5852,1263017984,1263022080,4096
5853,1263022080,1263026176,4096
5854,1263026176,1263030272,4096
5855,1263030272,1263034368,4096
5856,1263034368,1263038464,4096
5857,1263038464,1263042560,4096
5858,1263042560,1263046656,4096
5859,1263046656,1263050752,4096
5846,1263050752,1263051933,1181
5845,1263074525,1263075328,803
5860,1263075328,1263079424,4096
5861,1263079424,1263083520,4096
5862,1263083520,1263087616,4096
5863,1263087616,1263091712,4096
5864,1263091712,1263095808,4096
5865,1263095808,1263099904,4096
5866,1263099904,1263104000,4096
337,1263104000,1263108096,4096
338,1263108096,1263112192,4096
339,1263112192,1263116288,4096
340,1263116288,1263120384,4096
341,1263120384,1263124480,4096
342,1263124480,1263128576,4096
343,1263128576,1263132672,4096
344,1263132672,1263136768,4096
345,1263136768,1263140864,4096
331,1263140864,1263141237,373
332,1263158886,1263159361,475
333,1263163421,1263164025,604
335,1263167844,1263169536,1692
346,1263169536,1263173632,4096
334,1263173632,1263174607,975
336,1263180070,1263181824,1754
347,1263181824,1263185920,4096
348,1263185920,1263190016,4096
349,1263190016,1263194112,4096
350,1263194112,1263198208,4096
351,1263198208,1263202304,4096
4747,1263202304,1263206400,4096
4748,1263206400,1263210496,4096
4749,1263210496,1263214592,4096
4750,1263214592,1263218688,4096
4751,1263218688,1263222784,4096
4752,1263222784,1263226880,4096
4743,1263226880,1263229176,2296
4742,1263234761,1263235072,311
4753,1263235072,1263239168,4096
4754,1263239168,1263243264,4096
4755,1263243264,1263247360,4096
4756,1263247360,1263251456,4096
4757,1263251456,1263255552,4096
4758,1263255552,1263259648,4096
4745,1263259648,1263263355,3707
4744,1263269365,1263271936,2571
4746,1263272009,1263276032,4023
4759,1263276032,1263280128,4096
4760,1263280128,1263284224,4096
4761,1263284224,1263288320,4096
4762,1263288320,1263292416,4096
4763,1263292416,1263296512,4096
4764,1263296512,1263300608,4096
4322,1263300608,1263304704,4096
4323,1263304704,1263308800,4096
4324,1263308800,1263312896,4096
4325,1263312896,1263316992,4096
4326,1263316992,1263321088,4096
4327,1263321088,1263325184,4096
4328,1263325184,1263329280,4096
4320,1263329280,1263330216,936
4319,1263332913,1263333376,463
4329,1263333376,1263337472,4096
4330,1263337472,1263341568,4096
4331,1263341568,1263345664,4096
4332,1263345664,1263349760,4096
4333,1263349760,1263353856,4096
4334,1263353856,1263357952,4096
4335,1263357952,1263362048,4096
4336,1263362048,1263366144,4096
4337,1263366144,1263370240,4096
4338,1263370240,1263374336,4096
4339,1263374336,1263378432,4096
4340,1263378432,1263382528,4096
4341,1263382528,1263386624,4096
4342,1263386624,1263390720,4096
4343,1263390720,1263394816,4096
4344,1263394816,1263398912,4096
4321,1263399288,1263403008,3720
1400,1263403008,1263407104,4096
1401,1263407104,1263411200,4096
1402,1263411200,1263415296,4096
1403,1263415296,1263419392,4096
1404,1263419392,1263423488,4096
1405,1263423488,1263427584,4096
1406,1263427584,1263431680,4096
1407,1263431680,1263435776,4096
1399,1263435776,1263438973,3197
1397,1263439188,1263439872,684
1408,1263439872,1263443968,4096
1409,1263443968,1263448064,4096
1410,1263448064,1263452160,4096
1411,1263452160,1263456256,4096
1412,1263456256,1263460352,4096
1413,1263460352,1263464448,4096
1414,1263464448,1263468544,4096
1415,1263468544,1263472640,4096
1416,1263472640,1263476736,4096
1398,1263476736,1263478731,1995
4768,1263508248,1263509504,1256
4774,1263509504,1263513600,4096
4765,1263513600,1263514217,617
4771,1263522105,1263525888,3783
4769,1263525888,1263528542,2654
4767,1263532867,1263534080,1213
4775,1263534080,1263538176,4096
4776,1263538176,1263542272,4096
4777,1263542272,1263546368,4096
4778,1263546368,1263550464,4096
4779,1263550464,1263554560,4096
4780,1263554560,1263558656,4096
4781,1263558656,1263562752,4096
4782,1263562752,1263566848,4096
4783,1263566848,1263570944,4096
4766,1263570944,1263571805,861
4772,1263583492,1263587328,3836
4770,1263587328,1263591014,3686
4773,1263595628,1263599616,3988
4784,1263599616,1263603712,4096
475,1263603712,1263607808,4096
476,1263607808,1263611904,4096
472,1263611904,1263615146,3242
473,1263620637,1263624192,3555
477,1263624192,1263628288,4096
478,1263628288,1263632384,4096
479,1263632384,1263636480,4096
480,1263636480,1263640576,4096
481,1263640576,1263644672,4096
482,1263644672,1263648768,4096
469,1263648768,1263649063,295
467,1263677338,1263677440,102
468,1263677440,1263677640,200
474,1263677815,1263681536,3721
471,1263681536,1263683243,1707
470,1263688619,1263689728,1109
483,1263689728,1263693824,4096
484,1263693824,1263697920,4096
485,1263697920,1263702016,4096
2765,1263702016,1263706112,4096
2766,1263706112,1263710208,4096
2767,1263710208,1263714304,4096
2768,1263714304,1263718400,4096
2769,1263718400,1263722496,4096
2770,1263722496,1263726592,4096
2771,1263726592,1263730688,4096
2772,1263730688,1263734784,4096
2773,1263734784,1263738880,4096
2774,1263738880,1263742976,4096
2775,1263742976,1263747072,4096
2776,1263747072,1263751168,4096
2777,1263751168,1263755264,4096
2778,1263755264,1263759360,4096
2779,1263759360,1263763456,4096
2780,1263763456,1263767552,4096
2781,1263767552,1263771648,4096
2782,1263771648,1263775744,4096
2783,1263775744,1263779840,4096
2784,1263779840,1263783936,4096
2764,1263783936,1263787665,3729
2762,1263787796,1263788032,236
2785,1263788032,1263792128,4096
2763,1263792128,1263794436,2308
4429,1263807999,1263808512,513
4434,1263808512,1263812452,3940
4428,1263812514,1263812608,94
4436,1263812608,1263816704,4096
4437,1263816704,1263820800,4096
4438,1263820800,1263824896,4096
4439,1263824896,1263828992,4096
4440,1263828992,1263833088,4096
4435,1263833097,1263837184,4087
4441,1263837184,1263841280,4096
4442,1263841280,1263845376,4096
4443,1263845376,1263849472,4096
4431,1263849472,1263850495,1023
4430,1263857147,1263857664,517
4444,1263857664,1263861760,4096
4445,1263861760,1263865856,4096
4433,1263865856,1263867163,1307
4432,1263881127,1263882240,1113
4446,1263882240,1263886336,4096
4447,1263886336,1263890432,4096
4448,1263890432,1263894528,4096
4449,1263894528,1263898624,4096
4450,1263898624,1263902720,4096
4254,1263902720,1263906816,4096
4255,1263906816,1263910912,4096
4256,1263910912,1263915008,4096
4257,1263915008,1263919104,4096
4258,1263919104,1263923200,4096
4252,1263923200,1263925290,2090
4249,1263931377,1263931392,15
4259,1263931392,1263935488,4096
4251,1263935488,1263937091,1603
4250,1263946513,1263947776,1263
4260,1263947776,1263951872,4096
4261,1263951872,1263955968,4096
4262,1263955968,1263960064,4096
4263,1263960064,1263964160,4096
4264,1263964160,1263968256,4096
4265,1263968256,1263972352,4096
4253,1263972430,1263976448,4018
4266,1263976448,1263980544,4096
4267,1263980544,1263984640,4096
4268,1263984640,1263988736,4096
4269,1263988736,1263992832,4096
4270,1263992832,1263996928,4096
4271,1263996928,1264001024,4096
1798,1264001024,1264005120,4096
1799,1264005120,1264009216,4096
1800,1264009216,1264013312,4096
1801,1264013312,1264017408,4096
1802,1264017408,1264021504,4096
1803,1264021504,1264025600,4096
1804,1264025600,1264029696,4096
1805,1264029696,1264033792,4096
1806,1264033792,1264037888,4096
1807,1264037888,1264041984,4096
1797,1264041984,1264044985,3001
1796,1264055491,1264058368,2877
1808,1264058368,1264062464,4096
1809,1264062464,1264066560,4096
1810,1264066560,1264070656,4096
1794,1264070656,1264070749,93
1795,1264077787,1264078848,1061
1811,1264078848,1264082944,4096
1812,1264082944,1264087040,4096
1813,1264087040,1264091136,4096
1814,1264091136,1264095232,4096
1815,1264095232,1264099328,4096
1816,1264099328,1264103424,4096
2360,1264103424,1264106086,2662
2357,1264110957,1264111616,659
2362,1264111616,1264115712,4096
2363,1264115712,1264119808,4096
2364,1264119808,1264123904,4096
2365,1264123904,1264128000,4096
2361,1264128000,1264131592,3592
2359,1264171464,1264173056,1592
2366,1264173056,1264177152,4096
2367,1264177152,1264181248,4096
2368,1264181248,1264185344,4096
2358,1264185344,1264186813,1469
2356,1264193062,1264193536,474
2369,1264193536,1264197632,4096
2370,1264197632,1264201728,4096
5334,1264201728,1264205824,4096
5335,1264205824,1264209920,4096
5336,1264209920,1264214016,4096
5330,1264214016,1264216232,2216
5328,1264221877,1264222208,331
5337,1264222208,1264226304,4096
5338,1264226304,1264230400,4096
5339,1264230400,1264234496,4096
5340,1264234496,1264238592,4096
5341,1264238592,1264242688,4096
5342,1264242688,1264246784,4096
5333,1264246784,1264250849,4065
5332,1264256425,1264259072,2647
5331,1264259072,1264261585,2513
5329,1264297924,1264300032,2108
660,1264300032,1264304128,4096
661,1264304128,1264308224,4096
662,1264308224,1264312320,4096
663,1264312320,1264316416,4096
664,1264316416,1264320512,4096
665,1264320512,1264324608,4096
666,1264324608,1264328704,4096
667,1264328704,1264332800,4096
668,1264332800,1264336896,4096
669,1264336896,1264340992,4096
670,1264340992,1264345088,4096
671,1264345088,1264349184,4096
672,1264349184,1264353280,4096
673,1264353280,1264357376,4096
674,1264357376,1264361472,4096
675,1264361472,1264365568,4096
676,1264365568,1264369664,4096
658,1264369664,1264370267,603
659,1264392987,1264394240,1253
677,1264394240,1264398336,4096
678,1264398336,1264402432,4096
1915,1264402432,1264403179,747
1917,1264409744,1264410624,880
1925,1264410624,1264414720,4096
1926,1264414720,1264418816,4096
1927,1264418816,1264422912,4096
1928,1264422912,1264427008,4096
1929,1264427008,1264431104,4096
1930,1264431104,1264435200,4096
1918,1264435200,1264436140,940
1916,1264442607,1264443392,785
1931,1264443392,1264447488,4096
1932,1264447488,1264451584,4096
1919,1264451584,1264452560,976
1920,1264454643,1264455680,1037
1922,1264455680,1264457418,1738
1921,1264462727,1264463872,1145
1933,1264463872,1264467968,4096
1923,1264467968,1264469840,1872
1924,1264477009,1264480256,3247
1934,1264480256,1264484352,4096
1935,1264484352,1264488448,4096
1936,1264488448,1264492544,4096
1937,1264492544,1264496640,4096
1938,1264496640,1264500736,4096
3746,1264500736,1264504832,4096
3747,1264504832,1264508928,4096
3748,1264508928,1264513024,4096
3749,1264513024,1264517120,4096
3750,1264517120,1264521216,4096
3745,1264521591,1264525312,3721
3735,1264525312,1264526137,825
3738,1264531957,1264533504,1547
3740,1264533504,1264535208,1704
3744,1264542917,1264545792,2875
3751,1264545792,1264549888,4096
3752,1264549888,1264553984,4096
3753,1264553984,1264558080,4096
3754,1264558080,1264562176,4096
3755,1264562176,1264566272,4096
3742,1264566272,1264568467,2195
3739,1264568681,1264570368,1687
3737,1264570368,1264571417,1049
3743,1264572039,1264574464,2425
3756,1264574464,1264578560,4096
3757,1264578560,1264582656,4096
3758,1264582656,1264586752,4096
3759,1264586752,1264590848,4096
3736,1264590848,1264591699,851
3741,1264597197,1264599040,1843
3760,1264599040,1264603136,4096
2567,1264603136,1264607232,4096
2568,1264607232,1264611328,4096
2569,1264611328,1264615424,4096
2570,1264615424,1264619520,4096
2571,1264619520,1264623616,4096
2572,1264623616,1264627712,4096
2573,1264627712,1264631808,4096
2574,1264631808,1264635904,4096
2575,1264635904,1264640000,4096
2576,1264640000,1264644096,4096
2577,1264644096,1264648192,4096
2578,1264648192,1264652288,4096
2579,1264652288,1264656384,4096
2580,1264656384,1264660480,4096
2581,1264660480,1264664576,4096
2582,1264664576,1264668672,4096
2583,1264668672,1264672768,4096
2584,1264672768,1264676864,4096
2585,1264676864,1264680960,4096
2586,1264680960,1264685056,4096
2587,1264685056,1264689152,4096
2588,1264689152,1264693248,4096
2589,1264693248,1264697344,4096
2590,1264697344,1264701440,4096
5670,1264701440,1264703538,2098
5669,1264703820,1264705536,1716
5673,1264705536,1264709632,4096
5674,1264709632,1264713728,4096
5675,1264713728,1264717824,4096
5676,1264717824,1264721920,4096
5677,1264721920,1264726016,4096
5678,1264726016,1264730112,4096
5679,1264730112,1264734208,4096
5672,1264734278,1264738304,4026
5680,1264738304,1264742400,4096
5681,1264742400,1264746496,4096
5682,1264746496,1264750592,4096
5683,1264750592,1264754688,4096
5684,1264754688,1264758784,4096
5685,1264758784,1264762880,4096
5686,1264762880,1264766976,4096
5687,1264766976,1264771072,4096
5688,1264771072,1264775168,4096
5689,1264775168,1264779264,4096
5690,1264779264,1264783360,4096
5668,1264783360,1264784410,1050
5671,1264784617,1264787456,2839
5691,1264787456,1264791552,4096
5666,1264791552,1264791613,61
5667,1264794808,1264795648,840
5692,1264795648,1264799744,4096
5693,1264799744,1264803840,4096
6020,1264803840,1264807936,4096
6018,1264807936,1264809614,1678
6019,1264809643,1264812032,2389
6021,1264812032,1264816128,4096
6022,1264816128,1264820224,4096
6023,1264820224,1264824320,4096
6024,1264824320,1264828416,4096
6025,1264828416,1264832512,4096
6026,1264832512,1264836608,4096
6027,1264836608,1264840704,4096
6028,1264840704,1264844800,4096
6029,1264844800,1264848896,4096
6030,1264848896,1264852992,4096
6031,1264852992,1264857088,4096
6032,1264857088,1264861184,4096
6033,1264861184,1264865280,4096
6017,1264865280,1264866326,1046
6016,1264897151,1264898048,897
6034,1264898048,1264902144,4096
1508,1264902144,1264904061,1917
1509,1264908177,1264910336,2159
1513,1264910336,1264914432,4096
1514,1264914432,1264918528,4096
1515,1264918528,1264922624,4096
1516,1264922624,1264926720,4096
1517,1264926720,1264930816,4096
1512,1264930816,1264934798,3982
1505,1264938865,1264939008,143
1518,1264939008,1264943104,4096
1519,1264943104,1264947200,4096
1506,1264947200,1264947697,497
1507,1264950071,1264951103,1032
1511,1264951532,1264955392,3860
1520,1264955392,1264959488,4096
1521,1264959488,1264963584,4096
1522,1264963584,1264967680,4096
1523,1264967680,1264971776,4096
1524,1264971776,1264975872,4096
1525,1264975872,1264979968,4096
1510,1264979968,1264982347,2379
1504,1264988059,1264988160,101
1526,1264988160,1264992256,4096
1527,1264992256,1264996352,4096
1528,1264996352,1265000448,4096
4235,1265000448,1265004544,4096
4236,1265004544,1265008640,4096
4237,1265008640,1265012736,4096
4238,1265012736,1265016832,4096
4239,1265016832,1265020928,4096
4240,1265020928,1265025024,4096
4241,1265025024,1265029120,4096
4242,1265029120,1265033216,4096
4243,1265033216,1265037312,4096
4244,1265037312,1265041408,4096
4234,1265041408,1265045316,3908
4225,1265045418,1265045504,86
4229,1265045504,1265047500,1996
4232,1265054157,1265057792,3635
4231,1265057792,1265060484,2692
4227,1265064926,1265065984,1058
4228,1265065984,1265067935,1951
4230,1265080011,1265082368,2357
4245,1265082368,1265086464,4096
4246,1265086464,1265090560,4096
4247,1265090560,1265094656,4096
4233,1265094656,1265098299,3643
4226,1265098394,1265098752,358
4248,1265098752,1265102848,4096
119,1265102848,1265106944,4096
120,1265106944,1265111040,4096
121,1265111040,1265115136,4096
122,1265115136,1265119232,4096
123,1265119232,1265123328,4096
124,1265123328,1265127424,4096
118,1265127424,1265130933,3509
115,1265138874,1265139712,838
125,1265139712,1265143808,4096
126,1265143808,1265147904,4096
117,1265147904,1265150428,2524
114,1265161162,1265161286,124
116,1265175537,1265176576,1039
127,1265176576,1265180672,4096
128,1265180672,1265184768,4096
129,1265184768,1265188864,4096
130,1265188864,1265192960,4096
131,1265192960,1265197056,4096
132,1265197056,1265201152,4096
4143,1265201152,1265205248,4096
4144,1265205248,1265209344,4096
4142,1265209344,1265212294,2950
4141,1265218952,1265221632,2680
4145,1265221632,1265225728,4096
4146,1265225728,1265229824,4096
4147,1265229824,1265233920,4096
4148,1265233920,1265238016,4096
4149,1265238016,1265242112,4096
4139,1265242112,1265242703,591
4140,1265243668,1265246208,2540
4150,1265246208,1265250304,4096
4151,1265250304,1265254400,4096
4152,1265254400,1265258496,4096
4153,1265258496,1265262592,4096
4154,1265262592,1265266688,4096
4155,1265266688,1265270784,4096
4156,1265270784,1265274880,4096
4157,1265274880,1265278976,4096
4158,1265278976,1265283072,4096
4159,1265283072,1265287168,4096
4160,1265287168,1265291264,4096
4161,1265291264,1265295360,4096
4162,1265295360,1265299456,4096
4163,1265299456,1265303552,4096
225,1265303552,1265307648,4096
226,1265307648,1265311744,4096
227,1265311744,1265315840,4096
222,1265315840,1265318151,2311
221,1265325621,1265327636,2015
218,1265327778,1265328128,350
228,1265328128,1265332224,4096
229,1265332224,1265336320,4096
230,1265336320,1265340416,4096
231,1265340416,1265344512,4096
232,1265344512,1265348608,4096
233,1265348608,1265352704,4096
234,1265352704,1265356800,4096
219,1265356800,1265357502,702
224,1265357734,1265360896,3162
235,1265360896,1265364992,4096
236,1265364992,1265369088,4096
237,1265369088,1265373184,4096
238,1265373184,1265377280,4096
239,1265377280,1265381376,4096
240,1265381376,1265385472,4096
220,1265385472,1265386839,1367
223,1265387098,1265389568,2470
241,1265389568,1265393664,4096
217,1265393664,1265393670,6
890,1265403595,1265405952,2357
892,1265405952,1265409033,3081
891,1265415177,1265418240,3063
893,1265418240,1265422336,4096
894,1265422336,1265426432,4096
895,1265426432,1265430528,4096
896,1265430528,1265434624,4096
897,1265434624,1265438720,4096
898,1265438720,1265442816,4096
899,1265442816,1265446912,4096
900,1265446912,1265451008,4096
901,1265451008,1265455104,4096
902,1265455104,1265459200,4096
888,1265459200,1265459527,327
887,1265471737,1265472044,307
889,1265495178,1265496064,886
903,1265496064,1265500160,4096
911,1265500160,1265504256,4096
912,1265504256,1265508352,4096
913,1265508352,1265512448,4096
914,1265512448,1265516544,4096
915,1265516544,1265520640,4096
904,1265520640,1265520836,196
908,1265521080,1265522804,1724
907,1265527152,1265528832,1680
916,1265528832,1265532928,4096
917,1265532928,1265537024,4096
918,1265537024,1265541120,4096
919,1265541120,1265545216,4096
920,1265545216,1265549312,4096
921,1265549312,1265553408,4096
922,1265553408,1265557504,4096
923,1265557504,1265561600,4096
924,1265561600,1265565696,4096
925,1265565696,1265569792,4096
910,1265569792,1265572714,2922
909,1265575319,1265577984,2665
926,1265577984,1265582080,4096
906,1265582080,1265583484,1404
905,1265589745,1265590272,527
927,1265590272,1265594368,4096
928,1265594368,1265598464,4096
929,1265598464,1265602560,4096
1544,1265602560,1265606656,4096
1545,1265606656,1265610752,4096
1537,1265610752,1265613274,2522
1532,1265617929,1265618944,1015
1546,1265618944,1265623040,4096
1538,1265623040,1265625701,2661
1534,1265638014,1265639424,1410
1547,1265639424,1265643520,4096
1548,1265643520,1265647616,4096
1529,1265647616,1265647992,376
1536,1265648036,1265649815,1779
1530,1265655334,1265655808,474
1543,1265655808,1265659477,3669
1535,1265662516,1265664000,1484
1549,1265664000,1265668096,4096
1539,1265668096,1265670791,2695
1542,1265673067,1265676288,3221
1550,1265676288,1265680384,4096
1551,1265680384,1265684480,4096
1533,1265684480,1265685544,1064
1540,1265685643,1265688576,2933
1552,1265688576,1265692672,4096
1541,1265692672,1265695872,3200
1531,1265696078,1265696768,690
1553,1265696768,1265700864,4096
5080,1265700864,1265704960,4096
5081,1265704960,1265709056,4096
5082,1265709056,1265713152,4096
5083,1265713152,1265717248,4096
5084,1265717248,1265721344,4096
5078,1265721344,1265724845,3501
5079,1265729680,1265733632,3952
5085,1265733632,1265737728,4096
5086,1265737728,1265741824,4096
5087,1265741824,1265745920,4096
5074,1265745920,1265747426,1506
5075,1265754706,1265756560,1854
5072,1265757641,1265758208,567
5088,1265758208,1265762304,4096
5089,1265762304,1265766400,4096
5076,1265766400,1265769517,3117
5073,1265777645,1265778688,1043
5090,1265778688,1265782784,4096
5091,1265782784,1265786880,4096
5092,1265786880,1265790976,4096
5093,1265790976,1265795072,4096
5077,1265795072,1265798519,3447
5415,1265802911,1265803264,353
5418,1265803264,1265807360,4096
5419,1265807360,1265811456,4096
5420,1265811456,1265815552,4096
5421,1265815552,1265819648,4096
5422,1265819648,1265823744,4096
5423,1265823744,1265827840,4096
5424,1265827840,1265831936,4096
5416,1265831936,1265833014,1078
5417,1265852907,1265856512,3605
5425,1265856512,1265860608,4096
5426,1265860608,1265864704,4096
5427,1265864704,1265868800,4096
5428,1265868800,1265872896,4096
5429,1265872896,1265876992,4096
5430,1265876992,1265881088,4096
5431,1265881088,1265885184,4096
5432,1265885184,1265889280,4096
5433,1265889280,1265893376,4096
5434,1265893376,1265897472,4096
5435,1265897472,1265901568,4096
933,1265901568,1265905664,4096
934,1265905664,1265909760,4096
935,1265909760,1265913856,4096
936,1265913856,1265917952,4096
937,1265917952,1265922048,4096
938,1265922048,1265926144,4096
939,1265926144,1265930240,4096
940,1265930240,1265934336,4096
941,1265934336,1265938432,4096
930,1265938432,1265939075,643
932,1265944330,1265946624,2294
942,1265946624,1265950720,4096
943,1265950720,1265954816,4096
944,1265954816,1265958912,4096
945,1265958912,1265963008,4096
946,1265963008,1265967104,4096
947,1265967104,1265971200,4096
948,1265971200,1265975296,4096
949,1265975296,1265979392,4096
950,1265979392,1265983488,4096
951,1265983488,1265987584,4096
952,1265987584,1265991680,4096
953,1265991680,1265995776,4096
954,1265995776,1265999872,4096
931,1265999872,1266001217,1345
2669,1266003203,1266003968,765
2672,1266003968,1266008064,4096
2673,1266008064,1266012160,4096
2674,1266012160,1266016256,4096
2675,1266016256,1266020352,4096
2676,1266020352,1266024448,4096
2677,1266024448,1266028544,4096
2678,1266028544,1266032640,4096
2679,1266032640,1266036736,4096
2680,1266036736,1266040832,4096
2681,1266040832,1266044928,4096
2671,1266044928,1266048005,3077
2668,1266053015,1266053120,105
2682,1266053120,1266057216,4096
2683,1266057216,1266061312,4096
2684,1266061312,1266065408,4096
2685,1266065408,1266069504,4096
2686,1266069504,1266073600,4096
2670,1266073600,1266076129,2529
2377,1266115342,1266118656,3314
2381,1266118656,1266122752,4096
2382,1266122752,1266126848,4096
2383,1266126848,1266130944,4096
2384,1266130944,1266135040,4096
2385,1266135040,1266139136,4096
2386,1266139136,1266143232,4096
2387,1266143232,1266147328,4096
2375,1266147328,1266148888,1560
2376,1266149077,1266151424,2347
2388,1266151424,1266155520,4096
2380,1266155627,1266159616,3989
2389,1266159616,1266163712,4096
2390,1266163712,1266167808,4096
2391,1266167808,1266171904,4096
2392,1266171904,1266176000,4096
2379,1266176000,1266179877,3877
2371,1266179906,1266180096,190
2378,1266180096,1266183768,3672
2373,1266191467,1266192384,917
2374,1266192384,1266193830,1446
2372,1266196024,1266196480,456
2393,1266196480,1266200576,4096
1163,1266200576,1266204672,4096
1164,1266204672,1266208768,4096
1165,1266208768,1266212864,4096
1166,1266212864,1266216960,4096
1162,1266216988,1266221056,4068
1167,1266221056,1266225152,4096
1168,1266225152,1266229248,4096
1169,1266229248,1266233344,4096
1170,1266233344,1266237440,4096
1171,1266237440,1266241536,4096
1172,1266241536,1266245632,4096
1173,1266245632,1266249728,4096
1174,1266249728,1266253824,4096
1161,1266253824,1266256462,2638
1158,1266268142,1266269393,1251
1160,1266271769,1266274304,2535
1157,1266274304,1266274865,561
1159,1266280137,1266282496,2359
1175,1266282496,1266286592,4096
1176,1266286592,1266290688,4096
1177,1266290688,1266294784,4096
1178,1266294784,1266298880,4096
1179,1266298880,1266302976,4096
2307,1266302976,1266307072,4096
2308,1266307072,1266311168,4096
2309,1266311168,1266315264,4096
2310,1266315264,1266319360,4096
2311,1266319360,1266323456,4096
2312,1266323456,1266327552,4096
2313,1266327552,1266331648,4096
2314,1266331648,1266335744,4096
2315,1266335744,1266339840,4096
2316,1266339840,1266343936,4096
2317,1266343936,1266348032,4096
2318,1266348032,1266352128,4096
2319,1266352128,1266356224,4096
2306,1266356224,1266359523,3299
2305,1266362166,1266364416,2250
2320,1266364416,1266368512,4096
2321,1266368512,1266372608,4096
2322,1266372608,1266376704,4096
2323,1266376704,1266380800,4096
2324,1266380800,1266384896,4096
2325,1266384896,1266388992,4096
2326,1266388992,1266393088,4096
2327,1266393088,1266397184,4096
2328,1266397184,1266401280,4096
446,1266401280,1266405376,4096
447,1266405376,1266409472,4096
448,1266409472,1266413568,4096
449,1266413568,1266417664,4096
450,1266417664,1266421760,4096
451,1266421760,1266425856,4096
452,1266425856,1266429952,4096
453,1266429952,1266434048,4096
444,1266434048,1266436886,2838
445,1266446637,1266450432,3795
454,1266450432,1266454528,4096
455,1266454528,1266458624,4096
456,1266458624,1266462720,4096
457,1266462720,1266466816,4096
458,1266466816,1266470912,4096
459,1266470912,1266475008,4096
460,1266475008,1266479104,4096
461,1266479104,1266483200,4096
462,1266483200,1266487296,4096
463,1266487296,1266491392,4096
464,1266491392,1266495488,4096
465,1266495488,1266499584,4096
466,1266499584,1266503680,4096
1031,1266503680,1266507776,4096
1032,1266507776,1266511872,4096
1033,1266511872,1266515968,4096
1030,1266515973,1266519668,3695
1028,1266546878,1266548736,1858
1034,1266548736,1266552832,4096
1035,1266552832,1266556928,4096
1036,1266556928,1266561024,4096
1037,1266561024,1266565120,4096
1038,1266565120,1266569216,4096
1039,1266569216,1266573312,4096
1040,1266573312,1266577408,4096
1041,1266577408,1266581504,4096
1042,1266581504,1266585600,4096
1043,1266585600,1266589696,4096
1044,1266589696,1266593792,4096
1045,1266593792,1266597888,4096
1027,1266597888,1266599045,1157
1029,1266599286,1266601984,2698
4488,1266601984,1266606012,4028
4485,1266611579,1266614272,2693
4489,1266614272,1266618368,4096
4484,1266618368,1266620832,2464
4480,1266621643,1266622464,821
4482,1266622464,1266624188,1724
4483,1266624317,1266626311,1994
4479,1266635222,1266635738,516
4477,1266635759,1266635809,50
4486,1266635824,1266638848,3024
4490,1266638848,1266642944,4096
4491,1266642944,1266647040,4096
4492,1266647040,1266651136,4096
4493,1266651136,1266655232,4096
4494,1266655232,1266659328,4096
4495,1266659328,1266663424,4096
4496,1266663424,1266667520,4096
4497,1266667520,1266671616,4096
4498,1266671616,1266675712,4096
4478,1266675712,1266675790,78
4487,1266675831,1266679808,3977
4481,1266679808,1266680717,909
4809,1266706803,1266708480,1677
4817,1266708480,1266711494,3014
4806,1266711553,1266712576,1023
4819,1266712576,1266716672,4096
4820,1266716672,1266720768,4096
4821,1266720768,1266724864,4096
4822,1266724864,1266728960,4096
4823,1266728960,1266733056,4096
4824,1266733056,1266737152,4096
4812,1266737152,1266739258,2106
4811,1266739278,1266741248,1970
4825,1266741248,1266745344,4096
4826,1266745344,1266749440,4096
4827,1266749440,1266753536,4096
4828,1266753536,1266757632,4096
4829,1266757632,1266761728,4096
4807,1266761728,1266762903,1175
4816,1266763004,1266765824,2820
4813,1266765824,1266768050,2226
4810,1266768090,1266769920,1830
4830,1266769920,1266774016,4096
4815,1266774016,1266776629,2613
4808,1266776779,1266778112,1333
4831,1266778112,1266782208,4096
4832,1266782208,1266786304,4096
4818,1266786304,1266789705,3401
4814,1266792212,1266794496,2284
4833,1266794496,1266798592,4096
4834,1266798592,1266802688,4096
4206,1266802688,1266806784,4096
4207,1266806784,1266810880,4096
4208,1266810880,1266814976,4096
4209,1266814976,1266819072,4096
4210,1266819072,1266823168,4096
4211,1266823168,1266827264,4096
4212,1266827264,1266831360,4096
4213,1266831360,1266835456,4096
4205,1266835456,1266837777,2321
4204,1266837872,1266839552,1680
4214,1266839552,1266843648,4096
4215,1266843648,1266847744,4096
4216,1266847744,1266851840,4096
4217,1266851840,1266855936,4096
4218,1266855936,1266860032,4096
4219,1266860032,1266864128,4096
4220,1266864128,1266868224,4096
4221,1266868224,1266872320,4096
4203,1266872320,1266873246,926
4201,1266887896,1266887913,17
4202,1266888583,1266888704,121
4222,1266888704,1266892800,4096
4223,1266892800,1266896896,4096
4224,1266896896,1266900992,4096
4032,1266900992,1266905088,4096
4033,1266905088,1266909184,4096
4034,1266909184,1266913280,4096
4027,1266913280,1266914068,788
4026,1266921317,1266921472,155
4035,1266921472,1266925568,4096
4036,1266925568,1266929664,4096
4037,1266929664,1266933760,4096
4038,1266933760,1266937856,4096
4039,1266937856,1266941952,4096
4030,1266941952,1266945266,3314
4029,1266952264,1266954240,1976
4031,1266954240,1266957643,3403
4028,1266964917,1266966528,1611
4040,1266966528,1266970624,4096
4041,1266970624,1266974720,4096
4042,1266974720,1266978816,4096
4043,1266978816,1266982912,4096
4044,1266982912,1266987008,4096
4045,1266987008,1266991104,4096
4046,1266991104,1266995200,4096
4047,1266995200,1266999296,4096
4048,1266999296,1267003392,4096
2281,1267003392,1267007488,4096
2282,1267007488,1267011584,4096
2283,1267011584,1267015680,4096
2284,1267015680,1267019776,4096
2285,1267019776,1267023872,4096
2286,1267023872,1267027968,4096
2287,1267027968,1267032064,4096
2288,1267032064,1267036160,4096
2289,1267036160,1267040256,4096
2290,1267040256,1267044352,4096
2291,1267044352,1267048448,4096
2292,1267048448,1267052544,4096
2293,1267052544,1267056640,4096
2294,1267056640,1267060736,4096
2295,1267060736,1267064832,4096
2296,1267064832,1267068928,4096
2297,1267068928,1267073024,4096
2298,1267073024,1267077120,4096
2299,1267077120,1267081216,4096
2300,1267081216,1267085312,4096
2301,1267085312,1267089408,4096
2302,1267089408,1267093504,4096
2303,1267093504,1267097600,4096
2304,1267097600,1267101696,4096
3680,1267101696,1267105792,4096
3681,1267105792,1267109888,4096
3682,1267109888,1267113984,4096
3683,1267113984,1267118080,4096
3684,1267118080,1267122176,4096
3685,1267122176,1267126272,4096
3686,1267126272,1267130368,4096
3687,1267130368,1267134464,4096
3688,1267134464,1267138560,4096
3689,1267138560,1267142656,4096
3679,1267142656,1267145362,2706
3678,1267145389,1267146752,1363
3690,1267146752,1267150848,4096
3691,1267150848,1267154944,4096
3692,1267154944,1267159040,4096
3693,1267159040,1267163136,4096
3694,1267163136,1267167232,4096
3695,1267167232,1267171328,4096
3696,1267171328,1267175424,4096
3697,1267175424,1267179520,4096
3698,1267179520,1267183616,4096
3699,1267183616,1267187712,4096
3700,1267187712,1267191808,4096
3701,1267191808,1267195904,4096
3702,1267195904,1267200000,4096
7,1267200000,1267204096,4096
8,1267204096,1267208192,4096
3,1267208192,1267210813,2621
4,1267216923,1267220480,3557
1,1267220480,1267222131,1651
2,1267222439,1267224576,2137
9,1267224576,1267228672,4096
10,1267228672,1267232768,4096
11,1267232768,1267236864,4096
0,1267236864,1267236878,14
6,1267237069,1267240960,3891
12,1267240960,1267245056,4096
13,1267245056,1267249152,4096
14,1267249152,1267253248,4096
15,1267253248,1267257344,4096
16,1267257344,1267261440,4096
17,1267261440,1267265536,4096
18,1267265536,1267269632,4096
19,1267269632,1267273728,4096
20,1267273728,1267277824,4096
21,1267277824,1267281920,4096
5,1267281920,1267285575,3655
1278,1267338920,1267339264,344
1283,1267339264,1267342629,3365
1281,1267354670,1267355648,978
1284,1267355648,1267359744,4096
1285,1267359744,1267363840,4096
1286,1267363840,1267367936,4096
1287,1267367936,1267372032,4096
1288,1267372032,1267376128,4096
1282,1267376128,1267378461,2333
1280,1267379747,1267380224,477
1289,1267380224,1267384320,4096
1290,1267384320,1267388416,4096
1279,1267388416,1267388779,363
6087,1267400780,1267404800,4020
6088,1267404800,1267408896,4096
6089,1267408896,1267412992,4096
6090,1267412992,1267417088,4096
6091,1267417088,1267421184,4096
6092,1267421184,1267425280,4096
6093,1267425280,1267429376,4096
6094,1267429376,1267433472,4096
6095,1267433472,1267437568,4096
6096,1267437568,1267441664,4096
6085,1267441664,1267444164,2500
6082,1267448980,1267449856,876
6097,1267449856,1267453952,4096
6098,1267453952,1267458048,4096
6084,1267458048,1267459881,1833
6083,1267465110,1267466240,1130
6099,1267466240,1267470336,4096
6100,1267470336,1267474432,4096
6101,1267474432,1267478528,4096
6102,1267478528,1267482624,4096
6081,1267482624,1267482859,235
6086,1267482925,1267486720,3795
6103,1267486720,1267490816,4096
6104,1267490816,1267494912,4096
6105,1267494912,1267499008,4096
6106,1267499008,1267503104,4096
4179,1267503104,1267503404,300
4183,1267508461,1267511296,2835
4187,1267511296,1267515392,4096
4188,1267515392,1267519488,4096
4189,1267519488,1267523584,4096
4190,1267523584,1267527680,4096
4191,1267527680,1267531776,4096
4192,1267531776,1267535872,4096
4193,1267535872,1267539968,4096
4194,1267539968,1267544064,4096
4195,1267544064,1267548160,4096
4196,1267548160,1267552256,4096
4180,1267552256,1267552952,696
4182,1267557865,1267560448,2583
4197,1267560448,1267564544,4096
4181,1267564544,1267567104,2560
4186,1267572890,1267576832,3942
4198,1267576832,1267580928,4096
4199,1267580928,1267585024,4096
4184,1267585024,1267588559,3535
4185,1267593503,1267597312,3809
4200,1267597312,1267601408,4096
3493,1267601408,1267603412,2004
3492,1267603503,1267605504,2001
3495,1267605504,1267609600,4096
3496,1267609600,1267613696,4096
3497,1267613696,1267617792,4096
3498,1267617792,1267621888,4096
3499,1267621888,1267625984,4096
3500,1267625984,1267630080,4096
3501,1267630080,1267634176,4096
3494,1267634176,1267638167,3991
3491,1267640995,1267642368,1373
3502,1267642368,1267646464,4096
3503,1267646464,1267650560,4096
3504,1267650560,1267654656,4096
3505,1267654656,1267658752,4096
3506,1267658752,1267662848,4096
3507,1267662848,1267666944,4096
3508,1267666944,1267671040,4096
3509,1267671040,1267675136,4096
3510,1267675136,1267679232,4096
3511,1267679232,1267683328,4096
3512,1267683328,1267687424,4096
3513,1267687424,1267691520,4096
3514,1267691520,1267695616,4096
3515,1267695616,1267699712,4096
3516,1267699712,1267703808,4096
4354,1267703808,1267707904,4096
4355,1267707904,1267712000,4096
4356,1267712000,1267716096,4096
4357,1267716096,1267720192,4096
4358,1267720192,1267724288,4096
4359,1267724288,1267728384,4096
4360,1267728384,1267732480,4096
4353,1267732480,1267736468,3988
4345,1267736564,1267736576,12
4361,1267736576,1267740672,4096
4362,1267740672,1267744768,4096
4351,1267744768,1267746535,1767
4352,1267746617,1267748864,2247
4363,1267748864,1267752960,4096
4364,1267752960,1267757056,4096
4348,1267757056,1267758088,1032
4347,1267764710,1267765248,538
4365,1267765248,1267769344,4096
4350,1267769344,1267771079,1735
4346,1267777100,1267777536,436
4366,1267777536,1267781632,4096
4367,1267781632,1267785728,4096
4368,1267785728,1267789824,4096
4369,1267789824,1267793920,4096
4349,1267793920,1267795251,1331
5954,1267802622,1267806208,3586
5955,1267806208,1267810304,4096
5948,1267810304,1267812024,1720
5946,1267817831,1267818496,665
5947,1267818496,1267820084,1588
5951,1267820220,1267822592,2372
5952,1267822592,1267825274,2682
5945,1267826248,1267826688,440
5956,1267826688,1267830784,4096
5957,1267830784,1267834880,4096
5958,1267834880,1267838976,4096
5949,1267838976,1267841230,2254
5953,1267843651,1267847168,3517
5959,1267847168,1267851264,4096
5960,1267851264,1267855360,4096
5961,1267855360,1267859456,4096
5962,1267859456,1267863552,4096
5963,1267863552,1267867648,4096
5964,1267867648,1267871744,4096
5965,1267871744,1267875840,4096
5966,1267875840,1267879936,4096
5967,1267879936,1267884032,4096
5950,1267884032,1267886368,2336
5099,1267909086,1267912704,3618
5094,1267912704,1267912932,228
5095,1267919589,1267920896,1307
5100,1267920896,1267924992,4096
5101,1267924992,1267929088,4096
5102,1267929088,1267933184,4096
5103,1267933184,1267937280,4096
5104,1267937280,1267941376,4096
5105,1267941376,1267945472,4096
5106,1267945472,1267949568,4096
5107,1267949568,1267953664,4096
5108,1267953664,1267957760,4096
5109,1267957760,1267961856,4096
5110,1267961856,1267965952,4096
5111,1267965952,1267970048,4096
5112,1267970048,1267974144,4096
5098,1267974144,1267976689,2545
5096,1267982915,1267984297,1382
5097,1267987350,1267989621,2271
2448,1268005050,1268006912,1862
2450,1268006912,1268011008,4096
2451,1268011008,1268015104,4096
2452,1268015104,1268019200,4096
2453,1268019200,1268023296,4096
2454,1268023296,1268027392,4096
2455,1268027392,1268031488,4096
2456,1268031488,1268035584,4096
2457,1268035584,1268039680,4096
2458,1268039680,1268043776,4096
2459,1268043776,1268047872,4096
2460,1268047872,1268051968,4096
2461,1268051968,1268056064,4096
2462,1268056064,1268060160,4096
2463,1268060160,1268064256,4096
2464,1268064256,1268068352,4096
2447,1268068352,1268069087,735
2449,1268076636,1268080640,4004
2465,1268080640,1268084736,4096
2466,1268084736,1268088832,4096
2467,1268088832,1268092928,4096
2468,1268092928,1268097024,4096
2469,1268097024,1268101120,4096
2141,1268101120,1268105216,4096
2142,1268105216,1268109312,4096
2143,1268109312,1268113408,4096
2144,1268113408,1268117504,4096
2145,1268117504,1268121600,4096
2146,1268121600,1268125696,4096
2147,1268125696,1268129792,4096
2148,1268129792,1268133888,4096
2140,1268133888,1268137461,3573
2136,1268140943,1268142080,1137
2149,1268142080,1268146176,4096
2150,1268146176,1268150272,4096
2138,1268150272,1268152679,2407
2137,1268161279,1268162560,1281
2151,1268162560,1268166656,4096
2152,1268166656,1268170752,4096
2135,1268170752,1268171700,948
2134,1268174086,1268174848,762
2153,1268174848,1268178944,4096
2154,1268178944,1268183040,4096
2155,1268183040,1268187136,4096
2156,1268187136,1268191232,4096
2157,1268191232,1268195328,4096
2139,1268195328,1268198470,3142
2133,1268199249,1268199424,175
2158,1268199424,1268203520,4096
4054,1268203520,1268207616,4096
4049,1268207616,1268208095,479
4052,1268208177,1268211712,3535
4055,1268211712,1268215808,4096
4051,1268215808,1268218110,2302
4050,1268223470,1268224000,530
4056,1268224000,1268228096,4096
4057,1268228096,1268232192,4096
4058,1268232192,1268236288,4096
4059,1268236288,1268240384,4096
4060,1268240384,1268244480,4096
4061,1268244480,1268248576,4096
4062,1268248576,1268252672,4096
4063,1268252672,1268256768,4096
4064,1268256768,1268260864,4096
4065,1268260864,1268264960,4096
4053,1268264980,1268269056,4076
4066,1268269056,1268273152,4096
4067,1268273152,1268277248,4096
4068,1268277248,1268281344,4096
4069,1268281344,1268285440,4096
4070,1268285440,1268289536,4096
4071,1268289536,1268293632,4096
4072,1268293632,1268297728,4096
4073,1268297728,1268301824,4096
270,1268301824,1268305920,4096
271,1268305920,1268310016,4096
272,1268310016,1268314112,4096
273,1268314112,1268318208,4096
274,1268318208,1268322304,4096
275,1268322304,1268326400,4096
269,1268326400,1268330011,3611
268,1268347570,1268350976,3406
276,1268350976,1268355072,4096
277,1268355072,1268359168,4096
278,1268359168,1268363264,4096
279,1268363264,1268367360,4096
280,1268367360,1268371456,4096
281,1268371456,1268375552,4096
282,1268375552,1268379648,4096
283,1268379648,1268383744,4096
284,1268383744,1268387840,4096
285,1268387840,1268391936,4096
286,1268391936,1268396032,4096
287,1268396032,1268400128,4096
3808,1268400128,1268404224,4096
3809,1268404224,1268408320,4096
3810,1268408320,1268412416,4096
3811,1268412416,1268416512,4096
3804,1268416512,1268418614,2102
3799,1268428757,1268428800,43
3812,1268428800,1268432896,4096
3813,1268432896,1268436992,4096
3814,1268436992,1268441088,4096
3815,1268441088,1268445184,4096
3816,1268445184,1268449280,4096
3817,1268449280,1268453376,4096
3807,1268453376,1268456662,3286
3803,1268456758,1268457472,714
3805,1268457472,1268460420,2948
3802,1268473200,1268473856,656
3818,1268473856,1268477952,4096
3819,1268477952,1268482048,4096
3801,1268482048,1268482380,332
3806,1268487096,1268490240,3144
3800,1268490240,1268490335,95
5786,1268514076,1268514816,740
5785,1268514816,1268515138,322
5787,1268525568,1268527104,1536
5795,1268527104,1268531200,4096
5791,1268531200,1268533518,2318
5788,1268533558,1268535296,1738
5796,1268535296,1268539392,4096
5797,1268539392,1268543488,4096
5798,1268543488,1268547584,4096
5799,1268547584,1268551680,4096
5800,1268551680,1268555776,4096
5801,1268555776,1268559872,4096
5784,1268559872,1268560189,317
5782,1268560271,1268560361,90
5783,1268560443,1268560588,145
5792,1268561576,1268563968,2392
5802,1268563968,1268568064,4096
5793,1268568064,1268570695,2631
5794,1268580830,1268584448,3618
5803,1268584448,1268588544,4096
5790,1268588544,1268590589,2045
5789,1268590632,1268592640,2008
5804,1268592640,1268596736,4096
5805,1268596736,1268600832,4096
5272,1268600832,1268604731,3899
5268,1268610280,1268611350,1070
5271,1268614227,1268617216,2989
5273,1268617216,1268621312,4096
5274,1268621312,1268625408,4096
5275,1268625408,1268629504,4096
5276,1268629504,1268633600,4096
5277,1268633600,1268637696,4096
5278,1268637696,1268641792,4096
5279,1268641792,1268645888,4096
5280,1268645888,1268649984,4096
5281,1268649984,1268654080,4096
5282,1268654080,1268658176,4096
5283,1268658176,1268662272,4096
5284,1268662272,1268666368,4096
5285,1268666368,1268670464,4096
5286,1268670464,1268674560,4096
5287,1268674560,1268678656,4096
5270,1268678656,1268681642,2986
5269,1268684520,1268686848,2328
5288,1268686848,1268690944,4096
5289,1268690944,1268695040,4096
5290,1268695040,1268699136,4096
5291,1268699136,1268703232,4096
95,1268703232,1268707328,4096
96,1268707328,1268711424,4096
97,1268711424,1268715520,4096
98,1268715520,1268719616,4096
99,1268719616,1268723712,4096
100,1268723712,1268727808,4096
101,1268727808,1268731904,4096
102,1268731904,1268736000,4096
103,1268736000,1268740096,4096
104,1268740096,1268744192,4096
105,1268744192,1268748288,4096
106,1268748288,1268752384,4096
107,1268752384,1268756480,4096
108,1268756480,1268760576,4096
89,1268760576,1268760648,72
90,1268768240,1268768768,528
109,1268768768,1268772864,4096
93,1268772864,1268774132,1268
94,1268774207,1268776960,2753
110,1268776960,1268781056,4096
111,1268781056,1268785152,4096
112,1268785152,1268789248,4096
91,1268789248,1268789926,678
92,1268796613,1268797440,827
113,1268797440,1268801536,4096
4555,1268801536,1268805632,4096
4556,1268805632,1268809728,4096
4557,1268809728,1268813824,4096
4558,1268813824,1268817920,4096
4559,1268817920,1268822016,4096
4554,1268822016,1268825454,3438
4551,1268825843,1268826112,269
4560,1268826112,1268830208,4096
4561,1268830208,1268834304,4096
4562,1268834304,1268838400,4096
4553,1268838400,1268840534,2134
4552,1268840752,1268842496,1744
4563,1268842496,1268846592,4096
4564,1268846592,1268850688,4096
4565,1268850688,1268854784,4096
4566,1268854784,1268858880,4096
4567,1268858880,1268862976,4096
4568,1268862976,1268867072,4096
4569,1268867072,1268871168,4096
4570,1268871168,1268875264,4096
4571,1268875264,1268879360,4096
4572,1268879360,1268883456,4096
4573,1268883456,1268887552,4096
4574,1268887552,1268891648,4096
4575,1268891648,1268895744,4096
4576,1268895744,1268899840,4096
4577,1268899840,1268903936,4096
3781,1268903936,1268908032,4096
3782,1268908032,1268912128,4096
3783,1268912128,1268916224,4096
3784,1268916224,1268920320,4096
3785,1268920320,1268924416,4096
3786,1268924416,1268928512,4096
3778,1268928512,1268930493,1981
3776,1268935770,1268936704,934
3787,1268936704,1268940800,4096
3788,1268940800,1268944896,4096
3789,1268944896,1268948992,4096
3790,1268948992,1268953088,4096
3775,1268953088,1268953675,587
3779,1268963390,1268965376,1986
3791,1268965376,1268969472,4096
3792,1268969472,1268973568,4096
3793,1268973568,1268977664,4096
3794,1268977664,1268981760,4096
3777,1268981760,1268982912,1152
3780,1268983007,1268985856,2849
3795,1268985856,1268989952,4096
3796,1268989952,1268994048,4096
3797,1268994048,1268998144,4096
3798,1268998144,1269002240,4096
4604,1269002240,1269006336,4096
4605,1269006336,1269010432,4096
4606,1269010432,1269014528,4096
4607,1269014528,1269018624,4096
4601,1269018624,1269021617,2993
4603,1269027017,1269030912,3895
4608,1269030912,1269035008,4096
4598,1269035008,1269035369,361
4602,1269035504,1269039104,3600
4609,1269039104,1269043200,4096
4610,1269043200,1269047296,4096
4611,1269047296,1269051392,4096
4612,1269051392,1269055488,4096
4613,1269055488,1269059584,4096
4614,1269059584,1269063680,4096
4615,1269063680,1269067776,4096
4616,1269067776,1269071872,4096
4617,1269071872,1269075968,4096
4618,1269075968,1269080064,4096
4619,1269080064,1269084160,4096
4600,1269084160,1269086579,2419
4599,1269091658,1269092352,694
4620,1269092352,1269096448,4096
4597,1269096448,1269096522,74
46,1269114550,1269116928,2378
50,1269116928,1269121024,4096
51,1269121024,1269125120,4096
52,1269125120,1269129216,4096
53,1269129216,1269133312,4096
54,1269133312,1269137408,4096
48,1269137408,1269140331,2923
47,1269155510,1269157888,2378
55,1269157888,1269161984,4096
56,1269161984,1269166080,4096
57,1269166080,1269170176,4096
58,1269170176,1269174272,4096
59,1269174272,1269178368,4096
60,1269178368,1269182464,4096
61,1269182464,1269186560,4096
62,1269186560,1269190656,4096
63,1269190656,1269194752,4096
64,1269194752,1269198848,4096
49,1269198850,1269202944,4094
1446,1269202944,1269207040,4096
1447,1269207040,1269211136,4096
1448,1269211136,1269215232,4096
1449,1269215232,1269219328,4096
1442,1269219328,1269220459,1131
1443,1269229591,1269231616,2025
1450,1269231616,1269235712,4096
1451,1269235712,1269239808,4096
1452,1269239808,1269243904,4096
1453,1269243904,1269248000,4096
1454,1269248000,1269252096,4096
1455,1269252096,1269256192,4096
1456,1269256192,1269260288,4096
1457,1269260288,1269264384,4096
1458,1269264384,1269268480,4096
1459,1269268480,1269272576,4096
1460,1269272576,1269276672,4096
1440,1269276672,1269277120,448
1439,1269288626,1269288960,334
1461,1269288960,1269293056,4096
1445,1269293056,1269296489,3433
1441,1269296653,1269297152,499
1444,1269297152,1269299246,2094
4165,1269305892,1269309440,3548
4166,1269309440,1269313536,4096
4167,1269313536,1269317632,4096
4168,1269317632,1269321728,4096
4169,1269321728,1269325824,4096
4170,1269325824,1269329920,4096
4171,1269329920,1269334016,4096
4172,1269334016,1269338112,4096
4173,1269338112,1269342208,4096
4174,1269342208,1269346304,4096
4175,1269346304,1269350400,4096
4176,1269350400,1269354496,4096
4177,1269354496,1269358592,4096
4178,1269358592,1269362688,4096
4164,1269362688,1269363618,930
