,start,end,duration
1469,1238163456,1238167552,4096
1468,1238167552,1238170289,2737
1464,1238175433,1238175744,311
1470,1238175744,1238179840,4096
1471,1238179840,1238183936,4096
1472,1238183936,1238188032,4096
1473,1238188032,1238192128,4096
1465,1238192128,1238192569,441
1466,1238192714,1238193897,1183
1463,1238197374,1238197471,97
1467,1238197528,1238200188,2660
4031,1238202210,1238204416,2206
4029,1238204416,1238204835,419
4034,1238205073,1238208512,3439
4038,1238208512,1238212608,4096
4039,1238212608,1238216704,4096
4040,1238216704,1238220800,4096
4041,1238220800,1238224896,4096
4037,1238224896,1238228885,3989
4036,1238233224,1238237184,3960
4042,1238237184,1238241280,4096
4043,1238241280,1238245376,4096
4035,1238245376,1238248836,3460
4030,1238264818,1238265856,1038
4044,1238265856,1238269952,4096
4045,1238269952,1238274048,4096
4033,1238274048,1238277350,3302
4032,1238291342,1238294528,3186
4046,1238294528,1238298624,4096
4047,1238298624,1238302720,4096
1385,1238302720,1238306816,4096
1386,1238306816,1238310912,4096
1373,1238310912,1238312534,1622
1383,1238315218,1238319104,3886
1384,1238319104,1238323145,4041
1382,1238323810,1238327296,3486
1378,1238327296,1238330042,2746
1371,1238330177,1238331392,1215
1387,1238331392,1238335488,4096
1370,1238335488,1238336431,943
1380,1238336560,1238339584,3024
1381,1238339584,1238342822,3238
1377,1238343863,1238346382,2519
1376,1238349644,1238351872,2228
1374,1238351872,1238353775,1903
1375,1238353968,1238355968,2000
1369,1238355968,1238356849,881
1367,1238356927,1238356974,47
1379,1238357138,1238360064,2926
1368,1238360064,1238360639,575
1372,1238362764,1238364160,1396
1388,1238364160,1238368256,4096
1389,1238368256,1238372352,4096
1390,1238372352,1238376448,4096
1391,1238376448,1238380544,4096
1392,1238380544,1238384640,4096
1393,1238384640,1238388736,4096
1394,1238388736,1238392832,4096
1395,1238392832,1238396928,4096
1396,1238396928,1238401024,4096
1591,1238401024,1238405120,4096
1592,1238405120,1238409216,4096
1593,1238409216,1238413312,4096
1594,1238413312,1238417408,4096
1595,1238417408,1238421504,4096
1596,1238421504,1238425600,4096
1587,1238425600,1238426681,1081
1586,1238441899,1238441984,85
1597,1238441984,1238446080,4096
1598,1238446080,1238450176,4096
1599,1238450176,1238454272,4096
1600,1238454272,1238458368,4096
1601,1238458368,1238462464,4096
1602,1238462464,1238466560,4096
1603,1238466560,1238470656,4096
1604,1238470656,1238474752,4096
1605,1238474752,1238478848,4096
1606,1238478848,1238482944,4096
1590,1238482944,1238486894,3950
1589,1238489809,1238491136,1327
1588,1238491136,1238492229,1093
761,1238500421,1238503424,3003
764,1238503424,1238507520,4096
765,1238507520,1238511616,4096
766,1238511616,1238515712,4096
760,1238515712,1238517740,2028
756,1238532503,1238532604,101
762,1238532676,1238535880,3204
757,1238542865,1238544384,1519
767,1238544384,1238548480,4096
768,1238548480,1238552576,4096
769,1238552576,1238556672,4096
770,1238556672,1238560768,4096
771,1238560768,1238564864,4096
772,1238564864,1238568960,4096
773,1238568960,1238573056,4096
774,1238573056,1238577152,4096
775,1238577152,1238581248,4096
776,1238581248,1238585344,4096
777,1238585344,1238589440,4096
759,1238589440,1238591457,2017
758,1238591554,1238593536,1982
763,1238593536,1238596936,3400
755,1238597065,1238597119,54
4277,1238612621,1238614016,1395
4282,1238614016,1238618112,4096
4279,1238618112,1238620404,2292
4276,1238645904,1238646784,880
4283,1238646784,1238650880,4096
4284,1238650880,1238654976,4096
4285,1238654976,1238659072,4096
4286,1238659072,1238663168,4096
4287,1238663168,1238667264,4096
4288,1238667264,1238671360,4096
4280,1238671360,1238674274,2914
4278,1238677588,1238679552,1964
4289,1238679552,1238683648,4096
4290,1238683648,1238687744,4096
4291,1238687744,1238691840,4096
4292,1238691840,1238695936,4096
4281,1238695936,1238699391,3455
4275,1238699665,1238700032,367
359,1238700032,1238702204,2172
354,1238715172,1238716416,1244
361,1238716416,1238719221,2805
345,1238724450,1238724608,158
362,1238724608,1238728704,4096
363,1238728704,1238732800,4096
364,1238732800,1238736896,4096
365,1238736896,1238740992,4096
366,1238740992,1238745088,4096
367,1238745088,1238749184,4096
368,1238749184,1238753280,4096
369,1238753280,1238757376,4096
370,1238757376,1238761472,4096
371,1238761472,1238765568,4096
360,1238765568,1238768110,2542
356,1238768205,1238769589,1384
346,1238769693,1238770007,314
355,1238770084,1238771355,1271
357,1238771446,1238772909,1463
351,1238773020,1238773760,740
372,1238773760,1238777856,4096
373,1238777856,1238781952,4096
374,1238781952,1238786048,4096
358,1238786048,1238787954,1906
344,1238791338,1238791409,71
348,1238791520,1238791882,362
342,1238792079,1238792137,58
343,1238792320,1238792383,63
352,1238792729,1238793482,753
347,1238793911,1238794240,329
350,1238794240,1238794848,608
353,1238797486,1238798336,850
349,1238798336,1238798804,468
5054,1238805509,1238806528,1019
5057,1238806528,1238810624,4096
5058,1238810624,1238814720,4096
5059,1238814720,1238818816,4096
5060,1238818816,1238822912,4096
5061,1238822912,1238827008,4096
5062,1238827008,1238831104,4096
5063,1238831104,1238835200,4096
5064,1238835200,1238839296,4096
5065,1238839296,1238843392,4096
5066,1238843392,1238847488,4096
5067,1238847488,1238851584,4096
5055,1238851584,1238853963,2379
5050,1238881624,1238881664,40
5056,1238884964,1238888448,3484
5051,1238888448,1238888576,128
5053,1238888588,1238889304,716
5052,1238896163,1238896640,477
5068,1238896640,1238900736,4096
717,1238900736,1238904832,4096
718,1238904832,1238908928,4096
719,1238908928,1238913024,4096
720,1238913024,1238917120,4096
721,1238917120,1238921216,4096
722,1238921216,1238925312,4096
723,1238925312,1238929408,4096
724,1238929408,1238933504,4096
725,1238933504,1238937600,4096
726,1238937600,1238941696,4096
727,1238941696,1238945792,4096
728,1238945792,1238949888,4096
716,1238949888,1238953917,4029
711,1238958004,1238958080,76
710,1238958080,1238958127,47
714,1238958419,1238960060,1641
713,1238989402,1238990848,1446
729,1238990848,1238994944,4096
712,1238994944,1238995779,835
715,1238996840,1238999040,2200
730,1238999040,1239003136,4096
101,1239003136,1239007232,4096
97,1239007261,1239009236,1975
96,1239022037,1239023616,1579
98,1239023616,1239026184,2568
95,1239026240,1239027712,1472
94,1239027712,1239029005,1293
92,1239038327,1239038763,436
93,1239038789,1239039812,1023
99,1239041401,1239044096,2695
89,1239044096,1239044403,307
90,1239060171,1239060480,309
102,1239060480,1239064576,4096
103,1239064576,1239068672,4096
91,1239068672,1239069071,399
100,1239069668,1239072768,3100
104,1239072768,1239076864,4096
105,1239076864,1239080960,4096
106,1239080960,1239085056,4096
107,1239085056,1239089152,4096
108,1239089152,1239093248,4096
109,1239093248,1239097344,4096
110,1239097344,1239101440,4096
1239,1239101440,1239105536,4096
1235,1239105536,1239106591,1055
1232,1239128903,1239129104,201
1231,1239129199,1239129243,44
1238,1239130257,1239134208,3951
1233,1239134208,1239134819,611
1237,1239134846,1239138304,3458
1240,1239138304,1239142400,4096
1241,1239142400,1239146496,4096
1242,1239146496,1239150592,4096
1243,1239150592,1239154688,4096
1244,1239154688,1239158784,4096
1245,1239158784,1239162880,4096
1246,1239162880,1239166976,4096
1247,1239166976,1239171072,4096
1248,1239171072,1239175168,4096
1249,1239175168,1239179264,4096
1250,1239179264,1239183360,4096
1251,1239183360,1239187456,4096
1236,1239187456,1239189037,1581
1234,1239194922,1239195648,726
1252,1239195648,1239199744,4096
1253,1239199744,1239203840,4096
5456,1239203840,1239207936,4096
5457,1239207936,1239212032,4096
5458,1239212032,1239216128,4096
5459,1239216128,1239220224,4096
5455,1239220224,1239221064,840
3809,1239392735,1239396352,3617
3808,1239396352,1239398756,2404
603,1239412861,1239416832,3971
604,1239416832,1239420928,4096
605,1239420928,1239425024,4096
606,1239425024,1239429120,4096
607,1239429120,1239433216,4096
608,1239433216,1239437312,4096
609,1239437312,1239441408,4096
610,1239441408,1239445504,4096
611,1239445504,1239449600,4096
612,1239449600,1239453696,4096
613,1239453696,1239457792,4096
601,1239457792,1239458462,670
602,1239487919,1239490560,2641
614,1239490560,1239494656,4096
615,1239494656,1239498752,4096
616,1239498752,1239502848,4096
5325,1239502848,1239506944,4096
5326,1239506944,1239511040,4096
5327,1239511040,1239515136,4096
5328,1239515136,1239519232,4096
5329,1239519232,1239523328,4096
5330,1239523328,1239527424,4096
5331,1239527424,1239531520,4096
5332,1239531520,1239535616,4096
5333,1239535616,1239539712,4096
5334,1239539712,1239543808,4096
5335,1239543808,1239547904,4096
5336,1239547904,1239552000,4096
5337,1239552000,1239556096,4096
5338,1239556096,1239560192,4096
5339,1239560192,1239564288,4096
5323,1239564288,1239566417,2129
5322,1239587090,1239588864,1774
5340,1239588864,1239592960,4096
5341,1239592960,1239597056,4096
5324,1239597056,1239599734,2678
2921,1239610810,1239610849,39
2922,1239611420,1239611466,46
2928,1239611885,1239613440,1555
2931,1239613440,1239617536,4096
2932,1239617536,1239621632,4096
2933,1239621632,1239625728,4096
2934,1239625728,1239629824,4096
2935,1239629824,1239633920,4096
2936,1239633920,1239638016,4096
2929,1239638016,1239641381,3365
2926,1239669766,1239670127,361
2923,1239670246,1239670417,171
2925,1239670510,1239670784,274
2937,1239670784,1239674880,4096
2938,1239674880,1239678976,4096
2939,1239678976,1239683072,4096
2940,1239683072,1239687168,4096
2930,1239687168,1239690591,3423
2924,1239690995,1239691264,269
2927,1239691264,1239692075,811
6135,1239730999,1239732224,1225
6137,1239732224,1239734731,2507
6131,1239736176,1239736320,144
6139,1239736320,1239739351,3031
6133,1239739391,1239740416,1025
6140,1239740416,1239744062,3646
6136,1239746131,1239748608,2477
6141,1239748608,1239752704,4096
6142,1239752704,1239756800,4096
6143,1239756800,1239760896,4096
6134,1239760896,1239762092,1196
6132,1239769189,1239769392,203
6138,1239770547,1239773184,2637
6144,1239773184,1239777280,4096
6145,1239777280,1239781376,4096
6146,1239781376,1239785472,4096
6147,1239785472,1239789568,4096
6148,1239789568,1239793664,4096
6149,1239793664,1239797760,4096
6150,1239797760,1239801856,4096
2020,1239801856,1239805952,4096
2018,1239805952,1239806987,1035
2019,1239824770,1239826432,1662
2021,1239826432,1239830528,4096
2022,1239830528,1239834624,4096
2023,1239834624,1239838720,4096
2024,1239838720,1239842816,4096
2025,1239842816,1239846912,4096
2026,1239846912,1239851008,4096
2027,1239851008,1239855104,4096
2028,1239855104,1239859200,4096
2029,1239859200,1239863296,4096
2030,1239863296,1239867392,4096
2031,1239867392,1239871488,4096
2032,1239871488,1239875584,4096
2033,1239875584,1239879680,4096
2034,1239879680,1239883776,4096
2035,1239883776,1239887872,4096
2036,1239887872,1239891968,4096
2037,1239891968,1239896064,4096
2038,1239896064,1239900160,4096
6160,1239900160,1239904256,4096
6161,1239904256,1239908352,4096
6162,1239908352,1239912448,4096
6163,1239912448,1239916544,4096
6164,1239916544,1239920640,4096
6165,1239920640,1239924736,4096
6154,1239924736,1239926064,1328
6153,1239931760,1239932928,1168
6166,1239932928,1239937024,4096
6167,1239937024,1239941120,4096
6168,1239941120,1239945216,4096
6169,1239945216,1239949312,4096
6170,1239949312,1239953408,4096
6171,1239953408,1239957504,4096
6172,1239957504,1239961600,4096
6157,1239961600,1239964147,2547
6158,1239970942,1239973888,2946
6173,1239973888,1239977984,4096
6156,1239977984,1239980487,2503
6159,1239982548,1239986176,3628
6174,1239986176,1239990272,4096
6151,1239990272,1239991140,868
6152,1239993455,1239994368,913
6175,1239994368,1239998464,4096
6155,1239998464,1240000760,2296
1709,1240014303,1240014848,545
1719,1240014848,1240018944,4096
1720,1240018944,1240023040,4096
1711,1240023040,1240023887,847
1708,1240027904,1240028144,240
1706,1240028265,1240028321,56
1716,1240029030,1240031232,2202
1721,1240031232,1240035328,4096
1714,1240035328,1240036764,1436
1710,1240042865,1240043520,655
1722,1240043520,1240047616,4096
1723,1240047616,1240051712,4096
1724,1240051712,1240055808,4096
1725,1240055808,1240059904,4096
1712,1240059904,1240061297,1393
1707,1240079384,1240079482,98
1718,1240080627,1240084480,3853
1717,1240084480,1240086780,2300
1715,1240086852,1240088576,1724
1713,1240088576,1240089990,1414
3905,1240108435,1240108582,147
3909,1240109258,1240113152,3894
3910,1240113152,1240117248,4096
3911,1240117248,1240121344,4096
3912,1240121344,1240125440,4096
3913,1240125440,1240129536,4096
3914,1240129536,1240133632,4096
3915,1240133632,1240137728,4096
3916,1240137728,1240141824,4096
3917,1240141824,1240145920,4096
3918,1240145920,1240150016,4096
3919,1240150016,1240154112,4096
3920,1240154112,1240158208,4096
3921,1240158208,1240162304,4096
3922,1240162304,1240166400,4096
3923,1240166400,1240170496,4096
3906,1240170496,1240171245,749
3904,1240176221,1240176240,19
3908,1240176278,1240178398,2120
3907,1240181254,1240182784,1530
3924,1240182784,1240186880,4096
3925,1240186880,1240190976,4096
3926,1240190976,1240195072,4096
3927,1240195072,1240199168,4096
3928,1240199168,1240203264,4096
4479,1240203264,1240207360,4096
4480,1240207360,1240211456,4096
4481,1240211456,1240215552,4096
4482,1240215552,1240219648,4096
4483,1240219648,1240223744,4096
4484,1240223744,1240227840,4096
4485,1240227840,1240231936,4096
4486,1240231936,1240236032,4096
4487,1240236032,1240240128,4096
4488,1240240128,1240244224,4096
4489,1240244224,1240248320,4096
4490,1240248320,1240252416,4096
4491,1240252416,1240256512,4096
4477,1240256512,1240256853,341
4478,1240258740,1240260608,1868
4492,1240260608,1240264704,4096
4493,1240264704,1240268800,4096
4494,1240268800,1240272896,4096
4495,1240272896,1240276992,4096
4496,1240276992,1240281088,4096
4497,1240281088,1240285184,4096
4498,1240285184,1240289280,4096
4499,1240289280,1240293376,4096
4500,1240293376,1240297472,4096
4501,1240297472,1240301568,4096
1516,1240301568,1240305664,4096
1514,1240305664,1240305731,67
1515,1240305825,1240309760,3935
1517,1240309760,1240313856,4096
1518,1240313856,1240317952,4096
1519,1240317952,1240322048,4096
1520,1240322048,1240326144,4096
1521,1240326144,1240330240,4096
1522,1240330240,1240334336,4096
1523,1240334336,1240338432,4096
1524,1240338432,1240342528,4096
1525,1240342528,1240346624,4096
1526,1240346624,1240350720,4096
1527,1240350720,1240354816,4096
1528,1240354816,1240358912,4096
1529,1240358912,1240363008,4096
1530,1240363008,1240367104,4096
1531,1240367104,1240371200,4096
1532,1240371200,1240375296,4096
1533,1240375296,1240379392,4096
1534,1240379392,1240383488,4096
1535,1240383488,1240387584,4096
1536,1240387584,1240391680,4096
1537,1240391680,1240395776,4096
1538,1240395776,1240399872,4096
1539,1240399872,1240403968,4096
5984,1240403968,1240408064,4096
5985,1240408064,1240412160,4096
5986,1240412160,1240416256,4096
5987,1240416256,1240420352,4096
5988,1240420352,1240424448,4096
5989,1240424448,1240428544,4096
5990,1240428544,1240432640,4096
5991,1240432640,1240436736,4096
5992,1240436736,1240440832,4096
5993,1240440832,1240444928,4096
5994,1240444928,1240449024,4096
5995,1240449024,1240453120,4096
5996,1240453120,1240457216,4096
5997,1240457216,1240461312,4096
5998,1240461312,1240465408,4096
5999,1240465408,1240469504,4096
5983,1240469504,1240473003,3499
5982,1240479334,1240481792,2458
6000,1240481792,1240485888,4096
6001,1240485888,1240489984,4096
6002,1240489984,1240494080,4096
6003,1240494080,1240498176,4096
6004,1240498176,1240502272,4096
4014,1240502272,1240506368,4096
4015,1240506368,1240510464,4096
4016,1240510464,1240514560,4096
4017,1240514560,1240518656,4096
4018,1240518656,1240522752,4096
4019,1240522752,1240526848,4096
4020,1240526848,1240530944,4096
4012,1240530944,1240534093,3149
4003,1240540566,1240540593,27
4007,1240540693,1240540909,216
4009,1240542253,1240543232,979
4004,1240543232,1240543295,63
4005,1240551281,1240551424,143
4006,1240551424,1240551590,166
4008,1240553514,1240554241,727
4010,1240554253,1240555520,1267
4021,1240555520,1240559616,4096
4022,1240559616,1240563712,4096
4023,1240563712,1240567808,4096
4024,1240567808,1240571904,4096
4025,1240571904,1240576000,4096
4026,1240576000,1240580096,4096
4027,1240580096,1240584192,4096
4013,1240584192,1240587612,3420
4011,1240594562,1240596480,1918
4028,1240596480,1240600576,4096
2264,1240600576,1240604672,4096
2262,1240604672,1240606967,2295
2259,1240620999,1240621056,57
2265,1240621056,1240625152,4096
2266,1240625152,1240629248,4096
2267,1240629248,1240633344,4096
2268,1240633344,1240637440,4096
2269,1240637440,1240641536,4096
2270,1240641536,1240645632,4096
2271,1240645632,1240649728,4096
2272,1240649728,1240653824,4096
2260,1240653824,1240654372,548
2263,1240658942,1240662016,3074
2273,1240662016,1240666112,4096
2261,1240666112,1240668052,1940
6033,1240700690,1240702976,2286
6038,1240702976,1240707072,4096
6039,1240707072,1240711168,4096
6040,1240711168,1240715264,4096
6041,1240715264,1240719360,4096
6042,1240719360,1240723456,4096
6043,1240723456,1240727552,4096
6044,1240727552,1240731648,4096
6037,1240731648,1240735662,4014
6030,1240743328,1240743936,608
6045,1240743936,1240748032,4096
6031,1240748032,1240749001,969
6032,1240750849,1240752128,1279
6046,1240752128,1240756224,4096
6047,1240756224,1240760320,4096
6034,1240760320,1240763403,3083
6036,1240764591,1240768512,3921
6048,1240768512,1240772608,4096
6035,1240772608,1240776392,3784
6029,1240784297,1240784896,599
6049,1240784896,1240788992,4096
6050,1240788992,1240793088,4096
6051,1240793088,1240797184,4096
6052,1240797184,1240801280,4096
1065,1240801280,1240805376,4096
1066,1240805376,1240809472,4096
1067,1240809472,1240813568,4096
1068,1240813568,1240817664,4096
1069,1240817664,1240821760,4096
1070,1240821760,1240825856,4096
1071,1240825856,1240829952,4096
1060,1240829952,1240832478,2526
1057,1240838298,1240838702,404
1063,1240838811,1240842240,3429
1072,1240842240,1240846336,4096
1059,1240846336,1240847405,1069
1062,1240847501,1240850432,2931
1064,1240850432,1240854290,3858
1056,1240854334,1240854528,194
1058,1240854528,1240855238,710
1061,1240872121,1240875008,2887
1073,1240875008,1240879104,4096
1074,1240879104,1240883200,4096
1075,1240883200,1240887296,4096
1076,1240887296,1240891392,4096
1077,1240891392,1240895488,4096
1078,1240895488,1240899584,4096
1079,1240899584,1240903680,4096
5106,1240903680,1240906993,3313
5105,1240914063,1240915968,1905
5107,1240915968,1240920064,4096
5108,1240920064,1240924160,4096
5109,1240924160,1240928256,4096
5110,1240928256,1240932352,4096
5111,1240932352,1240936448,4096
5112,1240936448,1240940544,4096
5113,1240940544,1240944640,4096
5114,1240944640,1240948736,4096
5115,1240948736,1240952832,4096
5116,1240952832,1240956928,4096
5117,1240956928,1240961024,4096
5118,1240961024,1240965120,4096
5119,1240965120,1240969216,4096
5120,1240969216,1240973312,4096
5121,1240973312,1240977408,4096
5122,1240977408,1240981504,4096
5123,1240981504,1240985600,4096
5124,1240985600,1240989696,4096
5125,1240989696,1240993792,4096
5126,1240993792,1240997888,4096
5127,1240997888,1241001984,4096
515,1241001984,1241005701,3717
510,1241013955,1241014272,317
514,1241014272,1241017532,3260
512,1241020453,1241022464,2011
516,1241022464,1241026560,4096
517,1241026560,1241030656,4096
513,1241030656,1241033766,3110
511,1241045475,1241047040,1565
518,1241047040,1241051136,4096
519,1241051136,1241055232,4096
520,1241055232,1241059328,4096
521,1241059328,1241063424,4096
522,1241063424,1241067520,4096
523,1241067520,1241071616,4096
524,1241071616,1241075712,4096
525,1241075712,1241079808,4096
526,1241079808,1241083904,4096
527,1241083904,1241088000,4096
528,1241088000,1241092096,4096
529,1241092096,1241096192,4096
530,1241096192,1241100288,4096
1497,1241100288,1241104384,4096
1498,1241104384,1241108480,4096
1499,1241108480,1241112576,4096
1500,1241112576,1241116672,4096
1501,1241116672,1241120768,4096
1502,1241120768,1241124864,4096
1503,1241124864,1241128960,4096
1504,1241128960,1241133056,4096
1505,1241133056,1241137152,4096
1506,1241137152,1241141248,4096
1507,1241141248,1241145344,4096
1508,1241145344,1241149440,4096
1509,1241149440,1241153536,4096
1510,1241153536,1241157632,4096
1511,1241157632,1241161728,4096
1512,1241161728,1241165824,4096
1513,1241165824,1241169920,4096
1496,1241169920,1241173823,3903
2177,1241204831,1241206784,1953
2181,1241206784,1241210880,4096
2180,1241210880,1241214069,3189
2175,1241226395,1241227264,869
2182,1241227264,1241231360,4096
2178,1241231360,1241233640,2280
2179,1241236938,1241239552,2614
2183,1241239552,1241243648,4096
2184,1241243648,1241247744,4096
2185,1241247744,1241251840,4096
2186,1241251840,1241255936,4096
2187,1241255936,1241260032,4096
2188,1241260032,1241264128,4096
2189,1241264128,1241268224,4096
2190,1241268224,1241272320,4096
2174,1241272320,1241272618,298
2176,1241295179,1241296896,1717
2191,1241296896,1241300992,4096
3552,1241300992,1241305088,4096
3553,1241305088,1241309184,4096
3554,1241309184,1241313280,4096
3555,1241313280,1241317376,4096
3556,1241317376,1241321472,4096
3557,1241321472,1241325568,4096
3558,1241325568,1241329664,4096
3559,1241329664,1241333760,4096
3560,1241333760,1241337856,4096
3561,1241337856,1241341952,4096
3562,1241341952,1241346048,4096
3563,1241346048,1241350144,4096
3551,1241350144,1241352669,2525
3548,1241358134,1241358336,202
3549,1241358336,1241359401,1065
3550,1241393223,1241395200,1977
3564,1241395200,1241399296,4096
3565,1241399296,1241403392,4096
1086,1241403392,1241407488,4096
1087,1241407488,1241411584,4096
1088,1241411584,1241415680,4096
1089,1241415680,1241419776,4096
1090,1241419776,1241423872,4096
1091,1241423872,1241427968,4096
1092,1241427968,1241432064,4096
1093,1241432064,1241436160,4096
1094,1241436160,1241440256,4096
1095,1241440256,1241444352,4096
1096,1241444352,1241448448,4096
1097,1241448448,1241452544,4096
1083,1241452544,1241454579,2035
1080,1241460140,1241460736,596
1098,1241460736,1241464832,4096
1099,1241464832,1241468928,4096
1100,1241468928,1241473024,4096
1101,1241473024,1241477120,4096
1084,1241477120,1241479787,2667
1081,1241491760,1241493504,1744
1082,1241493504,1241495459,1955
1085,1241498544,1241501696,3152
2506,1241501696,1241505792,4096
2502,1241505792,1241508250,2458
2501,1241508295,1241509888,1593
2507,1241509888,1241513984,4096
2508,1241513984,1241518080,4096
2509,1241518080,1241522176,4096
2505,1241522176,1241525423,3247
2500,1241545751,1241546752,1001
2510,1241546752,1241550848,4096
2511,1241550848,1241554944,4096
2512,1241554944,1241559040,4096
2513,1241559040,1241563136,4096
2514,1241563136,1241567232,4096
2515,1241567232,1241571328,4096
2516,1241571328,1241575424,4096
2517,1241575424,1241579520,4096
2518,1241579520,1241583616,4096
2519,1241583616,1241587712,4096
2520,1241587712,1241591808,4096
2503,1241591808,1241594335,2527
2504,1241597285,1241600000,2715
2669,1241600000,1241604096,4096
2670,1241604096,1241608192,4096
2671,1241608192,1241612288,4096
2672,1241612288,1241616384,4096
2667,1241616384,1241616520,136
2668,1241619258,1241620480,1222
2673,1241620480,1241624576,4096
2674,1241624576,1241628672,4096
2675,1241628672,1241632768,4096
2676,1241632768,1241636864,4096
2677,1241636864,1241640960,4096
2678,1241640960,1241645056,4096
2679,1241645056,1241649152,4096
2680,1241649152,1241653248,4096
2681,1241653248,1241657344,4096
2682,1241657344,1241661440,4096
2683,1241661440,1241665536,4096
2684,1241665536,1241669632,4096
2685,1241669632,1241673728,4096
2686,1241673728,1241677824,4096
2687,1241677824,1241681920,4096
2688,1241681920,1241686016,4096
2689,1241686016,1241690112,4096
2690,1241690112,1241694208,4096
2691,1241694208,1241698304,4096
2692,1241698304,1241702400,4096
5009,1241702400,1241706496,4096
5010,1241706496,1241710592,4096
5011,1241710592,1241714688,4096
5012,1241714688,1241718784,4096
5013,1241718784,1241722880,4096
5007,1241722880,1241724616,1736
5008,1241731918,1241735168,3250
5014,1241735168,1241739264,4096
5015,1241739264,1241743360,4096
5016,1241743360,1241747456,4096
5017,1241747456,1241751552,4096
5018,1241751552,1241755648,4096
5019,1241755648,1241759744,4096
5020,1241759744,1241763840,4096
5021,1241763840,1241767936,4096
5022,1241767936,1241772032,4096
5023,1241772032,1241776128,4096
5024,1241776128,1241780224,4096
5025,1241780224,1241784320,4096
5026,1241784320,1241788416,4096
5027,1241788416,1241792512,4096
5028,1241792512,1241796608,4096
5029,1241796608,1241800704,4096
4303,1241800704,1241804800,4096
4304,1241804800,1241808896,4096
4305,1241808896,1241812992,4096
4306,1241812992,1241817088,4096
4297,1241817088,1241818103,1015
4293,1241827164,1241827167,3
4302,1241833950,1241837568,3618
4307,1241837568,1241841664,4096
4308,1241841664,1241845760,4096
4309,1241845760,1241849856,4096
4299,1241849856,1241852447,2591
4298,1241852500,1241853952,1452
4301,1241853952,1241857273,3321
4295,1241857372,1241858048,676
4310,1241858048,1241862144,4096
4311,1241862144,1241866240,4096
4312,1241866240,1241870336,4096
4313,1241870336,1241874432,4096
4296,1241874432,1241875147,715
4294,1241895041,1241895630,589
4300,1241895779,1241898383,2604
624,1241903688,1241906660,2972
618,1241912375,1241912609,234
622,1241912666,1241915392,2726
625,1241915392,1241919488,4096
626,1241919488,1241923584,4096
627,1241923584,1241927680,4096
628,1241927680,1241931776,4096
629,1241931776,1241935872,4096
620,1241935872,1241936855,983
617,1241939952,1241939968,16
630,1241939968,1241944064,4096
631,1241944064,1241948160,4096
632,1241948160,1241952256,4096
633,1241952256,1241956352,4096
634,1241956352,1241960448,4096
635,1241960448,1241964544,4096
636,1241964544,1241968640,4096
637,1241968640,1241972736,4096
638,1241972736,1241976832,4096
639,1241976832,1241980928,4096
640,1241980928,1241985024,4096
623,1241985024,1241987836,2812
621,1241987937,1241989120,1183
641,1241989120,1241993216,4096
619,1241993216,1241993474,258
3383,1242003997,1242005504,1507
3388,1242005504,1242009600,4096
3389,1242009600,1242013696,4096
3387,1242014096,1242017792,3696
3382,1242017792,1242018985,1193
3386,1242019080,1242021888,2808
3390,1242021888,1242025984,4096
3391,1242025984,1242030080,4096
3392,1242030080,1242034176,4096
3393,1242034176,1242038272,4096
3384,1242038272,1242040778,2506
3379,1242058844,1242059202,358
3385,1242064175,1242066944,2769
3394,1242066944,1242071040,4096
3395,1242071040,1242075136,4096
3396,1242075136,1242079232,4096
3397,1242079232,1242083328,4096
3381,1242083328,1242084151,823
3380,1242086990,1242087424,434
3398,1242087424,1242091520,4096
3399,1242091520,1242095616,4096
3400,1242095616,1242099712,4096
3401,1242099712,1242103808,4096
4234,1242103808,1242107904,4096
4235,1242107904,1242112000,4096
4236,1242112000,1242116096,4096
4237,1242116096,1242120192,4096
4238,1242120192,1242124288,4096
4239,1242124288,1242128384,4096
4240,1242128384,1242132480,4096
4241,1242132480,1242136576,4096
4242,1242136576,1242140672,4096
4243,1242140672,1242144768,4096
4244,1242144768,1242148864,4096
4245,1242148864,1242152960,4096
4228,1242152960,1242153099,139
4230,1242155529,1242157056,1527
4232,1242157056,1242160663,3607
4229,1242164142,1242165248,1106
4246,1242165248,1242169344,4096
4247,1242169344,1242173440,4096
4231,1242173440,1242176187,2747
4233,1242189932,1242193920,3988
4248,1242193920,1242198016,4096
4249,1242198016,1242202112,4096
1309,1242202112,1242206208,4096
1310,1242206208,1242210304,4096
1311,1242210304,1242214400,4096
1312,1242214400,1242218496,4096
1306,1242218496,1242220008,1512
1307,1242236977,1242238976,1999
1313,1242238976,1242243072,4096
1314,1242243072,1242247168,4096
1315,1242247168,1242251264,4096
1316,1242251264,1242255360,4096
1303,1242255360,1242255605,245
1305,1242258118,1242259456,1338
1317,1242259456,1242263552,4096
1308,1242263552,1242267567,4015
1304,1242279527,1242279936,409
1318,1242279936,1242284032,4096
1319,1242284032,1242288128,4096
1320,1242288128,1242292224,4096
1321,1242292224,1242296320,4096
1322,1242296320,1242300416,4096
6176,1242300416,1242300702,286
6179,1242302779,1242304512,1733
6184,1242304512,1242308608,4096
6185,1242308608,1242312704,4096
6180,1242312704,1242314885,2181
6178,1242314977,1242316392,1415
6181,1242326532,1242329088,2556
6186,1242329088,1242333184,4096
6187,1242333184,1242337280,4096
6188,1242337280,1242341376,4096
6189,1242341376,1242345472,4096
6177,1242345472,1242345888,416
6183,1242346157,1242349568,3411
6190,1242349568,1242353664,4096
6191,1242353664,1242357760,4096
6192,1242357760,1242361856,4096
6193,1242361856,1242365952,4096
6194,1242365952,1242370048,4096
6195,1242370048,1242374144,4096
6196,1242374144,1242378240,4096
6197,1242378240,1242382336,4096
6198,1242382336,1242386432,4096
6182,1242386432,1242389438,3006
3527,1242401390,1242402816,1426
3532,1242402816,1242406912,4096
3533,1242406912,1242411008,4096
3534,1242411008,1242415104,4096
3535,1242415104,1242419200,4096
3536,1242419200,1242423296,4096
3537,1242423296,1242427392,4096
3529,1242427392,1242430202,2810
3524,1242430296,1242430495,199
3523,1242430584,1242430607,23
3525,1242430758,1242431488,730
3538,1242431488,1242435584,4096
3531,1242435616,1242439680,4064
3539,1242439680,1242443776,4096
3540,1242443776,1242447872,4096
3530,1242447872,1242451080,3208
3526,1242451137,1242451968,831
3541,1242451968,1242456064,4096
3542,1242456064,1242460160,4096
3543,1242460160,1242464256,4096
3544,1242464256,1242468352,4096
3545,1242468352,1242472448,4096
3546,1242472448,1242476544,4096
3547,1242476544,1242480640,4096
3528,1242480640,1242482433,1793
4824,1242504001,1242505216,1215
4828,1242505216,1242509312,4096
4829,1242509312,1242513408,4096
4830,1242513408,1242517504,4096
4831,1242517504,1242521600,4096
4832,1242521600,1242525696,4096
4833,1242525696,1242529792,4096
4834,1242529792,1242533888,4096
4835,1242533888,1242537984,4096
4836,1242537984,1242542080,4096
4837,1242542080,1242546176,4096
4838,1242546176,1242550272,4096
4839,1242550272,1242554368,4096
4840,1242554368,1242558464,4096
4841,1242558464,1242562560,4096
4842,1242562560,1242566656,4096
4843,1242566656,1242570752,4096
4844,1242570752,1242574848,4096
4825,1242574848,1242576112,1264
4826,1242576175,1242578944,2769
4845,1242578944,1242583040,4096
4846,1242583040,1242587136,4096
4827,1242587136,1242590387,3251
5708,1242610599,1242611712,1113
5714,1242611712,1242615808,4096
5715,1242615808,1242619904,4096
5716,1242619904,1242624000,4096
5717,1242624000,1242628096,4096
5718,1242628096,1242632192,4096
5719,1242632192,1242636288,4096
5711,1242636288,1242638610,2322
5713,1242645735,1242648576,2841
5720,1242648576,1242652672,4096
5712,1242652672,1242655364,2692
5705,1242655457,1242655740,283
5710,1242658959,1242660864,1905
5721,1242660864,1242664960,4096
5722,1242664960,1242669056,4096
5723,1242669056,1242673152,4096
5703,1242673152,1242673360,208
5704,1242681136,1242681344,208
5724,1242681344,1242685440,4096
5709,1242685440,1242687267,1827
5706,1242692000,1242692574,574
5707,1242692668,1242693632,964
5725,1242693632,1242697728,4096
5726,1242697728,1242701824,4096
1209,1242701824,1242705920,4096
1210,1242705920,1242710016,4096
1211,1242710016,1242714112,4096
1212,1242714112,1242718208,4096
1213,1242718208,1242722304,4096
1214,1242722304,1242726400,4096
1215,1242726400,1242730496,4096
1216,1242730496,1242734592,4096
1217,1242734592,1242738688,4096
1218,1242738688,1242742784,4096
1219,1242742784,1242746880,4096
1220,1242746880,1242750976,4096
1221,1242750976,1242755072,4096
1222,1242755072,1242759168,4096
1223,1242759168,1242763264,4096
1224,1242763264,1242767360,4096
1225,1242767360,1242771456,4096
1226,1242771456,1242775552,4096
1227,1242775552,1242779648,4096
1208,1242779648,1242782946,3298
1207,1242787557,1242787840,283
1228,1242787840,1242791936,4096
1229,1242791936,1242796032,4096
1230,1242796032,1242800128,4096
6201,1242800128,1242804224,4096
6202,1242804224,1242808320,4096
6203,1242808320,1242812416,4096
6204,1242812416,1242816512,4096
6205,1242816512,1242820608,4096
6206,1242820608,1242824704,4096
6207,1242824704,1242828800,4096
6208,1242828800,1242832896,4096
6209,1242832896,1242836992,4096
6210,1242836992,1242841088,4096
6211,1242841088,1242845184,4096
6212,1242845184,1242849280,4096
6213,1242849280,1242853376,4096
6214,1242853376,1242857472,4096
6200,1242857536,1242861568,4032
6215,1242861568,1242865664,4096
6216,1242865664,1242869760,4096
6217,1242869760,1242873856,4096
6218,1242873856,1242877952,4096
6219,1242877952,1242882048,4096
6220,1242882048,1242886144,4096
6221,1242886144,1242890240,4096
6199,1242890240,1242892129,1889
1476,1242912494,1242914816,2322
1479,1242914816,1242918912,4096
1480,1242918912,1242923008,4096
1481,1242923008,1242927104,4096
1477,1242927104,1242930169,3065
1474,1242935290,1242935296,6
1482,1242935296,1242939392,4096
1483,1242939392,1242943488,4096
1484,1242943488,1242947584,4096
1485,1242947584,1242951680,4096
1486,1242951680,1242955776,4096
1487,1242955776,1242959872,4096
1488,1242959872,1242963968,4096
1489,1242963968,1242968064,4096
1490,1242968064,1242972160,4096
1491,1242972160,1242976256,4096
1492,1242976256,1242980352,4096
1493,1242980352,1242984448,4096
1478,1242984448,1242987752,3304
1475,1242990896,1242992640,1744
1494,1242992640,1242996736,4096
1495,1242996736,1243000832,4096
4966,1243000832,1243004928,4096
4967,1243004928,1243009024,4096
4968,1243009024,1243013120,4096
4969,1243013120,1243017216,4096
4970,1243017216,1243021312,4096
4971,1243021312,1243025408,4096
4972,1243025408,1243029504,4096
4973,1243029504,1243033600,4096
4974,1243033600,1243037696,4096
4975,1243037696,1243041792,4096
4976,1243041792,1243045888,4096
4977,1243045888,1243049984,4096
4978,1243049984,1243054080,4096
4979,1243054080,1243058176,4096
4980,1243058176,1243062272,4096
4981,1243062272,1243066368,4096
4964,1243066368,1243066759,391
4965,1243078766,1243082752,3986
4982,1243082752,1243086848,4096
4963,1243086848,1243086990,142
288,1243107601,1243111424,3823
289,1243111424,1243115520,4096
290,1243115520,1243119616,4096
291,1243119616,1243123712,4096
292,1243123712,1243127808,4096
293,1243127808,1243131904,4096
294,1243131904,1243136000,4096
295,1243136000,1243140096,4096
296,1243140096,1243144192,4096
297,1243144192,1243148288,4096
298,1243148288,1243152384,4096
299,1243152384,1243156480,4096
287,1243156480,1243158572,2092
285,1243162952,1243164672,1720
300,1243164672,1243168768,4096
301,1243168768,1243172864,4096
302,1243172864,1243176960,4096
303,1243176960,1243181056,4096
304,1243181056,1243185152,4096
305,1243185152,1243189248,4096
306,1243189248,1243193344,4096
286,1243193344,1243195239,1895
3790,1243206524,1243209728,3204
3793,1243209728,1243213824,4096
3794,1243213824,1243217920,4096
3795,1243217920,1243222016,4096
3796,1243222016,1243226112,4096
3797,1243226112,1243230208,4096
3798,1243230208,1243234304,4096
3799,1243234304,1243238400,4096
3792,1243238400,1243242468,4068
3791,1243251140,1243254784,3644
3800,1243254784,1243258880,4096
3801,1243258880,1243262976,4096
3802,1243262976,1243267072,4096
3788,1243267072,1243267347,275
3789,1243281484,1243283456,1972
3803,1243283456,1243287552,4096
3804,1243287552,1243291648,4096
3805,1243291648,1243295744,4096
3806,1243295744,1243299840,4096
3807,1243299840,1243303936,4096
4611,1243303936,1243308032,4096
4612,1243308032,1243312128,4096
4613,1243312128,1243316224,4096
4614,1243316224,1243320320,4096
4615,1243320320,1243324416,4096
4616,1243324416,1243328512,4096
4617,1243328512,1243332608,4096
4618,1243332608,1243336704,4096
4608,1243336704,1243339335,2631
4610,1243345008,1243348992,3984
4619,1243348992,1243353088,4096
4620,1243353088,1243357184,4096
4621,1243357184,1243361280,4096
4605,1243361280,1243362417,1137
4604,1243364603,1243365376,773
4607,1243365376,1243367894,2518
4606,1243375598,1243377664,2066
4603,1243377664,1243378429,765
4609,1243378772,1243381760,2988
4622,1243381760,1243385856,4096
4623,1243385856,1243389952,4096
4624,1243389952,1243394048,4096
4625,1243394048,1243398144,4096
4626,1243398144,1243402240,4096
2878,1243402240,1243406336,4096
2879,1243406336,1243410432,4096
2880,1243410432,1243414528,4096
2881,1243414528,1243418624,4096
2882,1243418624,1243422720,4096
2883,1243422720,1243426816,4096
2884,1243426816,1243430912,4096
2885,1243430912,1243435008,4096
2886,1243435008,1243439104,4096
2887,1243439104,1243443200,4096
2888,1243443200,1243447296,4096
2889,1243447296,1243451392,4096
2890,1243451392,1243455488,4096
2891,1243455488,1243459584,4096
2892,1243459584,1243463680,4096
2893,1243463680,1243467776,4096
2894,1243467776,1243471872,4096
2895,1243471872,1243475968,4096
2896,1243475968,1243480064,4096
2897,1243480064,1243484160,4096
2898,1243484160,1243488256,4096
2899,1243488256,1243492352,4096
2900,1243492352,1243496448,4096
2901,1243496448,1243500544,4096
1546,1243500544,1243504640,4096
1547,1243504640,1243508736,4096
1544,1243508736,1243510030,1294
1542,1243516425,1243516928,503
1548,1243516928,1243521024,4096
1549,1243521024,1243525120,4096
1550,1243525120,1243529216,4096
1551,1243529216,1243533312,4096
1545,1243533312,1243536269,2957
1541,1243541010,1243541504,494
1552,1243541504,1243545600,4096
1553,1243545600,1243549696,4096
1554,1243549696,1243553792,4096
1555,1243553792,1243557888,4096
1556,1243557888,1243561984,4096
1557,1243561984,1243566080,4096
1558,1243566080,1243570176,4096
1559,1243570176,1243574272,4096
1543,1243574272,1243575422,1150
1540,1243586465,1243586560,95
1560,1243586560,1243590656,4096
1561,1243590656,1243594752,4096
1562,1243594752,1243598848,4096
1563,1243598848,1243602944,4096
4110,1243602944,1243607040,4096
4111,1243607040,1243611136,4096
4112,1243611136,1243615232,4096
4113,1243615232,1243619328,4096
4114,1243619328,1243623424,4096
4115,1243623424,1243627520,4096
4108,1243627520,1243630225,2705
4105,1243630281,1243631616,1335
4116,1243631616,1243635712,4096
4117,1243635712,1243639808,4096
4106,1243639808,1243642017,2209
4107,1243645646,1243648000,2354
4118,1243648000,1243652096,4096
4119,1243652096,1243656192,4096
4120,1243656192,1243660288,4096
4121,1243660288,1243664384,4096
4122,1243664384,1243668480,4096
4123,1243668480,1243672576,4096
4124,1243672576,1243676672,4096
4125,1243676672,1243680768,4096
4126,1243680768,1243684864,4096
4127,1243684864,1243688960,4096
4109,1243688960,1243692124,3164
2299,1243710591,1243710688,97
2303,1243710993,1243713536,2543
2305,1243713536,1243717632,4096
2302,1243717632,1243719804,2172
2298,1243719876,1243719932,56
2301,1243720004,1243721728,1724
2306,1243721728,1243725824,4096
2307,1243725824,1243729920,4096
2308,1243729920,1243734016,4096
2309,1243734016,1243738112,4096
2310,1243738112,1243742208,4096
2311,1243742208,1243746304,4096
2312,1243746304,1243750400,4096
2313,1243750400,1243754496,4096
2314,1243754496,1243758592,4096
2315,1243758592,1243762688,4096
2316,1243762688,1243766784,4096
2317,1243766784,1243770880,4096
2318,1243770880,1243774976,4096
2319,1243774976,1243779072,4096
2304,1243779086,1243783168,4082
2320,1243783168,1243787264,4096
2321,1243787264,1243791360,4096
2300,1243791360,1243792458,1098
695,1243805803,1243807744,1941
693,1243807744,1243808490,746
697,1243817292,1243819355,2063
692,1243823542,1243824128,586
705,1243824128,1243828224,4096
706,1243828224,1243832320,4096
707,1243832320,1243836416,4096
704,1243836416,1243840303,3887
696,1243846719,1243848704,1985
708,1243848704,1243852800,4096
703,1243852800,1243855868,3068
698,1243858651,1243860992,2341
699,1243860992,1243863367,2375
700,1243887113,1243889664,2551
709,1243889664,1243893760,4096
701,1243893760,1243896500,2740
694,1243896538,1243897856,1318
702,1243897856,1243900818,2962
6225,1243915833,1243918336,2503
6228,1243918336,1243922432,4096
6229,1243922432,1243926528,4096
6230,1243926528,1243930624,4096
6231,1243930624,1243934720,4096
6232,1243934720,1243938816,4096
6233,1243938816,1243942912,4096
6224,1243942912,1243944819,1907
6227,1243947941,1243951104,3163
6234,1243951104,1243955200,4096
6235,1243955200,1243959296,4096
6226,1243959296,1243962236,2940
6222,1243962308,1243962364,56
6223,1243962628,1243963392,764
6236,1243963392,1243967488,4096
6237,1243967488,1243971584,4096
6238,1243971584,1243975680,4096
6239,1243975680,1243979776,4096
6240,1243979776,1243983872,4096
6241,1243983872,1243987968,4096
6242,1243987968,1243992064,4096
6243,1243992064,1243996160,4096
6244,1243996160,1244000256,4096
2350,1244000256,1244004352,4096
2351,1244004352,1244008448,4096
2352,1244008448,1244012544,4096
2353,1244012544,1244016640,4096
2354,1244016640,1244020736,4096
2355,1244020736,1244024832,4096
2356,1244024832,1244028928,4096
2357,1244028928,1244033024,4096
2358,1244033024,1244037120,4096
2359,1244037120,1244041216,4096
2360,1244041216,1244045312,4096
2361,1244045312,1244049408,4096
2348,1244049408,1244052893,3485
2345,1244056992,1244057600,608
2362,1244057600,1244061696,4096
2347,1244061696,1244064953,3257
2346,1244067105,1244069888,2783
2363,1244069888,1244073984,4096
2364,1244073984,1244078080,4096
2365,1244078080,1244082176,4096
2366,1244082176,1244086272,4096
2367,1244086272,1244090368,4096
2368,1244090368,1244094464,4096
2349,1244094464,1244098424,3960
2124,1244106426,1244106752,326
2125,1244106752,1244110848,4096
2126,1244110848,1244114944,4096
2127,1244114944,1244119040,4096
2128,1244119040,1244123136,4096
2129,1244123136,1244127232,4096
2130,1244127232,1244131328,4096
2131,1244131328,1244135424,4096
2132,1244135424,1244139520,4096
2133,1244139520,1244143616,4096
2134,1244143616,1244147712,4096
2135,1244147712,1244151808,4096
2136,1244151808,1244155904,4096
2137,1244155904,1244160000,4096
2138,1244160000,1244164096,4096
2139,1244164096,1244168192,4096
2140,1244168192,1244172288,4096
2141,1244172288,1244176384,4096
2142,1244176384,1244180480,4096
2143,1244180480,1244184576,4096
2144,1244184576,1244188672,4096
2145,1244188672,1244192768,4096
2146,1244192768,1244196864,4096
2147,1244196864,1244200960,4096
3363,1244200960,1244205056,4096
3362,1244205056,1244208889,3833
3361,1244214487,1244217344,2857
3364,1244217344,1244221440,4096
3365,1244221440,1244225536,4096
3354,1244225536,1244226085,549
3357,1244228395,1244229584,1189
3356,1244229679,1244230797,1118
3360,1244230906,1244233728,2822
3366,1244233728,1244237824,4096
3367,1244237824,1244241920,4096
3368,1244241920,1244246016,4096
3369,1244246016,1244250112,4096
3370,1244250112,1244254208,4096
3355,1244254208,1244254799,591
3359,1244259775,1244262400,2625
3371,1244262400,1244266496,4096
3372,1244266496,1244270592,4096
3373,1244270592,1244274688,4096
3374,1244274688,1244278784,4096
3375,1244278784,1244282880,4096
3376,1244282880,1244286976,4096
3377,1244286976,1244291072,4096
3378,1244291072,1244295168,4096
3358,1244295168,1244296577,1409
3632,1244317695,1244319744,2049
3633,1244319744,1244323840,4096
3634,1244323840,1244327936,4096
3635,1244327936,1244332032,4096
3636,1244332032,1244336128,4096
3637,1244336128,1244340224,4096
3638,1244340224,1244344320,4096
3639,1244344320,1244348416,4096
3640,1244348416,1244352512,4096
3641,1244352512,1244356608,4096
3642,1244356608,1244360704,4096
3643,1244360704,1244364800,4096
3644,1244364800,1244368896,4096
3645,1244368896,1244372992,4096
3646,1244372992,1244377088,4096
3647,1244377088,1244381184,4096
3648,1244381184,1244385280,4096
3649,1244385280,1244389376,4096
3650,1244389376,1244393472,4096
3651,1244393472,1244397568,4096
3652,1244397568,1244401664,4096
56,1244401664,1244405760,4096
54,1244405760,1244409133,3373
52,1244421362,1244422144,782
57,1244422144,1244426240,4096
58,1244426240,1244430336,4096
59,1244430336,1244434432,4096
60,1244434432,1244438528,4096
61,1244438528,1244442624,4096
62,1244442624,1244446720,4096
63,1244446720,1244450816,4096
64,1244450816,1244454912,4096
55,1244454912,1244458915,4003
53,1244468951,1244471296,2345
65,1244471296,1244475392,4096
66,1244475392,1244479488,4096
67,1244479488,1244483584,4096
68,1244483584,1244487680,4096
69,1244487680,1244491776,4096
70,1244491776,1244495872,4096
71,1244495872,1244499968,4096
72,1244499968,1244504064,4096
4781,1244504064,1244507920,3856
4780,1244517514,1244520448,2934
4777,1244520448,1244521852,1404
4779,1244522010,1244524544,2534
4782,1244524544,1244528640,4096
4783,1244528640,1244532736,4096
4784,1244532736,1244536832,4096
4785,1244536832,1244540928,4096
4786,1244540928,1244545024,4096
4787,1244545024,1244549120,4096
4788,1244549120,1244553216,4096
4789,1244553216,1244557312,4096
4790,1244557312,1244561408,4096
4791,1244561408,1244565504,4096
4778,1244565504,1244567243,1739
4776,1244568963,1244569600,637
4792,1244569600,1244573696,4096
4793,1244573696,1244577792,4096
4794,1244577792,1244581888,4096
4795,1244581888,1244585984,4096
4796,1244585984,1244590080,4096
4797,1244590080,1244594176,4096
4798,1244594176,1244598272,4096
4799,1244598272,1244602368,4096
5151,1244602368,1244605925,3557
5149,1244608791,1244610560,1769
5153,1244610560,1244614656,4096
5154,1244614656,1244618752,4096
5155,1244618752,1244622848,4096
5156,1244622848,1244626944,4096
5157,1244626944,1244631040,4096
5158,1244631040,1244635136,4096
5159,1244635136,1244639232,4096
5160,1244639232,1244643328,4096
5161,1244643328,1244647424,4096
5162,1244647424,1244651520,4096
5163,1244651520,1244655616,4096
5164,1244655616,1244659712,4096
5165,1244659712,1244663808,4096
5166,1244663808,1244667904,4096
5167,1244667904,1244672000,4096
5150,1244672000,1244674325,2325
5152,1244692784,1244696576,3792
5168,1244696576,1244700672,4096
2235,1244700672,1244700937,265
2236,1244704476,1244704768,292
2243,1244704768,1244708864,4096
2244,1244708864,1244712960,4096
2245,1244712960,1244717056,4096
2246,1244717056,1244721152,4096
2247,1244721152,1244725248,4096
2248,1244725248,1244729344,4096
2249,1244729344,1244733440,4096
2250,1244733440,1244737536,4096
2251,1244737536,1244741632,4096
2252,1244741632,1244745728,4096
2253,1244745728,1244749824,4096
2254,1244749824,1244753920,4096
2255,1244753920,1244758016,4096
2237,1244758016,1244760147,2131
2240,1244762856,1244766208,3352
2241,1244766208,1244769788,3580
2238,1244772088,1244774400,2312
2256,1244774400,1244778496,4096
2257,1244778496,1244782592,4096
2258,1244782592,1244786688,4096
2239,1244786688,1244789980,3292
2242,1244799444,1244803072,3628
4991,1244803072,1244807168,4096
4992,1244807168,1244811264,4096
4984,1244811264,1244812194,930
4986,1244814357,1244815360,1003
4993,1244815360,1244819456,4096
4988,1244819456,1244822586,3130
4983,1244831586,1244831744,158
4994,1244831744,1244835840,4096
4995,1244835840,1244839936,4096
4996,1244839936,1244844032,4096
4997,1244844032,1244848128,4096
4998,1244848128,1244852224,4096
4999,1244852224,1244856320,4096
4989,1244856320,1244859590,3270
4985,1244862921,1244863887,966
4987,1244865958,1244868608,2650
5000,1244868608,1244872704,4096
5001,1244872704,1244876800,4096
5002,1244876800,1244880896,4096
5003,1244880896,1244884992,4096
5004,1244884992,1244889088,4096
5005,1244889088,1244893184,4096
5006,1244893184,1244897280,4096
4990,1244897280,1244900827,3547
4873,1244933660,1244934144,484
4878,1244934144,1244938240,4096
4879,1244938240,1244942336,4096
4880,1244942336,1244946432,4096
4877,1244946432,1244949889,3457
4874,1244950003,1244950528,525
4875,1244950528,1244952638,2110
4876,1244980412,1244983296,2884
4881,1244983296,1244987392,4096
4882,1244987392,1244991488,4096
4883,1244991488,1244995584,4096
4884,1244995584,1244999680,4096
4885,1244999680,1245003776,4096
3836,1245003776,1245003959,183
3839,1245024313,1245028352,4039
3840,1245028352,1245032448,4096
3841,1245032448,1245036544,4096
3842,1245036544,1245040640,4096
3843,1245040640,1245044736,4096
3844,1245044736,1245048832,4096
3845,1245048832,1245052928,4096
3838,1245052928,1245056003,3075
3837,1245062336,1245065216,2880
3846,1245065216,1245069312,4096
3847,1245069312,1245073408,4096
3848,1245073408,1245077504,4096
3849,1245077504,1245081600,4096
3850,1245081600,1245085696,4096
3851,1245085696,1245089792,4096
3852,1245089792,1245093888,4096
3853,1245093888,1245097984,4096
3854,1245097984,1245102080,4096
2283,1245102080,1245106176,4096
2284,1245106176,1245110272,4096
2285,1245110272,1245114368,4096
2286,1245114368,1245118464,4096
2287,1245118464,1245122560,4096
2282,1245122560,1245126517,3957
2277,1245130314,1245130752,438
2288,1245130752,1245134848,4096
2289,1245134848,1245138944,4096
2290,1245138944,1245143040,4096
2280,1245143040,1245144667,1627
2274,1245155164,1245155328,164
2291,1245155328,1245159424,4096
2292,1245159424,1245163520,4096
2293,1245163520,1245167616,4096
2294,1245167616,1245171712,4096
2278,1245171712,1245172229,517
2279,1245175115,1245175808,693
2295,1245175808,1245179904,4096
2275,1245179904,1245180093,189
2281,1245180365,1245182425,2060
2276,1245191814,1245192192,378
2296,1245192192,1245196288,4096
2297,1245196288,1245200384,4096
2909,1245200384,1245204480,4096
2910,1245204480,1245208576,4096
2911,1245208576,1245212672,4096
2912,1245212672,1245216768,4096
2913,1245216768,1245220864,4096
2914,1245220864,1245224960,4096
2908,1245224960,1245228470,3510
2902,1245236554,1245237248,694
2915,1245237248,1245241344,4096
2907,1245241344,1245244434,3090
2904,1245256972,1245257728,756
2916,1245257728,1245261824,4096
2917,1245261824,1245265920,4096
2918,1245265920,1245270016,4096
2919,1245270016,1245274112,4096
2920,1245274112,1245278208,4096
2903,1245278208,1245278950,742
2906,1245292147,1245294592,2445
2905,1245294592,1245296221,1629
2696,1245307090,1245310976,3886
2697,1245310976,1245315072,4096
2698,1245315072,1245319168,4096
2699,1245319168,1245323264,4096
2700,1245323264,1245327360,4096
2694,1245327360,1245329037,1677
2695,1245332578,1245335552,2974
2701,1245335552,1245339648,4096
2702,1245339648,1245343744,4096
2703,1245343744,1245347840,4096
2704,1245347840,1245351936,4096
2705,1245351936,1245356032,4096
2706,1245356032,1245360128,4096
2707,1245360128,1245364224,4096
2708,1245364224,1245368320,4096
2693,1245368320,1245369081,761
2067,1245403400,1245405184,1784
2066,1245405184,1245406788,1604
2063,1245409221,1245409280,59
2071,1245409280,1245413376,4096
2064,1245413376,1245414540,1164
2070,1245450455,1245454336,3881
2072,1245454336,1245458432,4096
2073,1245458432,1245462528,4096
2074,1245462528,1245466624,4096
2075,1245466624,1245470720,4096
2068,1245470720,1245473182,2462
2065,1245473275,1245474816,1541
2076,1245474816,1245478912,4096
2077,1245478912,1245483008,4096
2078,1245483008,1245487104,4096
2069,1245487104,1245490522,3418
945,1245532919,1245536256,3337
948,1245536256,1245540352,4096
949,1245540352,1245544448,4096
950,1245544448,1245548544,4096
946,1245548544,1245551889,3345
947,1245569305,1245573120,3815
951,1245573120,1245577216,4096
952,1245577216,1245581312,4096
953,1245581312,1245585408,4096
954,1245585408,1245589504,4096
955,1245589504,1245593600,4096
956,1245593600,1245597696,4096
957,1245597696,1245601792,4096
1897,1245601792,1245605888,4096
1891,1245605888,1245606292,404
1890,1245606835,1245606898,63
1893,1245606938,1245607570,632
1895,1245624239,1245626368,2129
1898,1245626368,1245630464,4096
1894,1245630464,1245631528,1064
1896,1245631538,1245634560,3022
1899,1245634560,1245638656,4096
1900,1245638656,1245642752,4096
1901,1245642752,1245646848,4096
1902,1245646848,1245650944,4096
1903,1245650944,1245655040,4096
1904,1245655040,1245659136,4096
1905,1245659136,1245663232,4096
1906,1245663232,1245667328,4096
1907,1245667328,1245671424,4096
1892,1245671424,1245671989,565
5565,1245712886,1245716480,3594
5566,1245716480,1245720576,4096
5567,1245720576,1245724672,4096
5568,1245724672,1245728768,4096
5569,1245728768,1245732864,4096
5570,1245732864,1245736960,4096
5571,1245736960,1245741056,4096
5572,1245741056,1245745152,4096
5573,1245745152,1245749248,4096
5574,1245749248,1245753344,4096
5575,1245753344,1245757440,4096
5576,1245757440,1245761536,4096
5577,1245761536,1245765632,4096
5578,1245765632,1245769728,4096
5579,1245769728,1245773824,4096
5562,1245773824,1245774004,180
5563,1245781148,1245782016,868
5580,1245782016,1245786112,4096
5581,1245786112,1245790208,4096
5564,1245790208,1245792654,2446
534,1245800342,1245801020,678
533,1245801193,1245801793,600
532,1245801938,1245802496,558
538,1245802496,1245805428,2932
531,1245806770,1245807070,300
536,1245816093,1245818880,2787
539,1245818880,1245822976,4096
535,1245822976,1245824944,1968
537,1245828289,1245831168,2879
540,1245831168,1245835264,4096
541,1245835264,1245839360,4096
542,1245839360,1245843456,4096
543,1245843456,1245847552,4096
544,1245847552,1245851648,4096
545,1245851648,1245855744,4096
546,1245855744,1245859840,4096
547,1245859840,1245863936,4096
548,1245863936,1245868032,4096
549,1245868032,1245872128,4096
550,1245872128,1245876224,4096
551,1245876224,1245880320,4096
552,1245880320,1245884416,4096
553,1245884416,1245888512,4096
554,1245888512,1245892608,4096
555,1245892608,1245896704,4096
556,1245896704,1245900800,4096
261,1245900800,1245901700,900
262,1245910458,1245913088,2630
263,1245913088,1245917184,4096
264,1245917184,1245921280,4096
265,1245921280,1245925376,4096
266,1245925376,1245929472,4096
267,1245929472,1245933568,4096
268,1245933568,1245937664,4096
269,1245937664,1245941760,4096
270,1245941760,1245945856,4096
271,1245945856,1245949952,4096
272,1245949952,1245954048,4096
273,1245954048,1245958144,4096
274,1245958144,1245962240,4096
275,1245962240,1245966336,4096
276,1245966336,1245970432,4096
277,1245970432,1245974528,4096
278,1245974528,1245978624,4096
279,1245978624,1245982720,4096
280,1245982720,1245986816,4096
281,1245986816,1245990912,4096
282,1245990912,1245995008,4096
283,1245995008,1245999104,4096
284,1245999104,1246003200,4096
1659,1246003200,1246007296,4096
1660,1246007296,1246011392,4096
1661,1246011392,1246015488,4096
1662,1246015488,1246019584,4096
1663,1246019584,1246023680,4096
1664,1246023680,1246027776,4096
1665,1246027776,1246031872,4096
1666,1246031872,1246035968,4096
1667,1246035968,1246040064,4096
1658,1246040064,1246043141,3077
1657,1246048236,1246048256,20
1668,1246048256,1246052352,4096
1669,1246052352,1246056448,4096
1670,1246056448,1246060544,4096
1671,1246060544,1246064640,4096
1672,1246064640,1246068736,4096
1673,1246068736,1246072832,4096
1674,1246072832,1246076928,4096
1675,1246076928,1246081024,4096
1676,1246081024,1246085120,4096
1677,1246085120,1246089216,4096
1678,1246089216,1246093312,4096
1679,1246093312,1246097408,4096
1680,1246097408,1246101504,4096
5134,1246101504,1246105600,4096
5135,1246105600,1246109696,4096
5130,1246109696,1246111413,1717
5128,1246137944,1246138368,424
5133,1246138368,1246141421,3053
5129,1246141447,1246142464,1017
5136,1246142464,1246146560,4096
5137,1246146560,1246150656,4096
5138,1246150656,1246154752,4096
5139,1246154752,1246158848,4096
5140,1246158848,1246162944,4096
5131,1246162944,1246165567,2623
5132,1246168193,1246171136,2943
5141,1246171136,1246175232,4096
5142,1246175232,1246179328,4096
5143,1246179328,1246183424,4096
5144,1246183424,1246187520,4096
5145,1246187520,1246191616,4096
5146,1246191616,1246195712,4096
5147,1246195712,1246199808,4096
5148,1246199808,1246203904,4096
5589,1246203904,1246208000,4096
5590,1246208000,1246212096,4096
5591,1246212096,1246216192,4096
5592,1246216192,1246220288,4096
5593,1246220288,1246224384,4096
5582,1246224384,1246224657,273
5583,1246236286,1246236672,386
5594,1246236672,1246240768,4096
5595,1246240768,1246244864,4096
5596,1246244864,1246248960,4096
5585,1246248960,1246250390,1430
5586,1246259637,1246261248,1611
5597,1246261248,1246265344,4096
5598,1246265344,1246269440,4096
5599,1246269440,1246273536,4096
5600,1246273536,1246277632,4096
5601,1246277632,1246281728,4096
5584,1246281728,1246282702,974
5588,1246286031,1246289920,3889
5602,1246289920,1246294016,4096
5587,1246294016,1246297164,3148
1568,1246310442,1246314496,4054
1569,1246314496,1246318592,4096
1570,1246318592,1246322688,4096
1571,1246322688,1246326784,4096
1572,1246326784,1246330880,4096
1573,1246330880,1246334976,4096
1574,1246334976,1246339072,4096
1575,1246339072,1246343168,4096
1576,1246343168,1246347264,4096
1577,1246347264,1246351360,4096
1578,1246351360,1246355456,4096
1579,1246355456,1246359552,4096
1566,1246359552,1246360732,1180
1564,1246367525,1246367744,219
1565,1246367744,1246367974,230
1567,1246372761,1246375936,3175
1580,1246375936,1246380032,4096
1581,1246380032,1246384128,4096
1582,1246384128,1246388224,4096
1583,1246388224,1246392320,4096
1584,1246392320,1246396416,4096
1585,1246396416,1246400512,4096
2711,1246400512,1246404608,4096
2712,1246404608,1246408704,4096
2713,1246408704,1246412800,4096
2714,1246412800,1246416896,4096
2710,1246416896,1246418722,1826
2709,1246453144,1246453760,616
2715,1246453760,1246457856,4096
2716,1246457856,1246461952,4096
2717,1246461952,1246466048,4096
2718,1246466048,1246470144,4096
2719,1246470144,1246474240,4096
2720,1246474240,1246478336,4096
2721,1246478336,1246482432,4096
2722,1246482432,1246486528,4096
2723,1246486528,1246490624,4096
2724,1246490624,1246494720,4096
2725,1246494720,1246498816,4096
2726,1246498816,1246502912,4096
5618,1246502912,1246507008,4096
5619,1246507008,1246511104,4096
5620,1246511104,1246515200,4096
5621,1246515200,1246519296,4096
5622,1246519296,1246523392,4096
5623,1246523392,1246527488,4096
5624,1246527488,1246531584,4096
5625,1246531584,1246535680,4096
5626,1246535680,1246539776,4096
5627,1246539776,1246543872,4096
5617,1246543872,1246545914,2042
5614,1246548159,1246548711,552
5615,1246558495,1246560256,1761
5628,1246560256,1246564352,4096
5629,1246564352,1246568448,4096
5630,1246568448,1246572544,4096
5631,1246572544,1246576640,4096
5632,1246576640,1246580736,4096
5633,1246580736,1246584832,4096
5634,1246584832,1246588928,4096
5613,1246588928,1246588985,57
5616,1246591134,1246593024,1890
5635,1246593024,1246597120,4096
5636,1246597120,1246601216,4096
5729,1246601216,1246605312,4096
5730,1246605312,1246609408,4096
5731,1246609408,1246613504,4096
5732,1246613504,1246617600,4096
5733,1246617600,1246621696,4096
5734,1246621696,1246625792,4096
5735,1246625792,1246629888,4096
5736,1246629888,1246633984,4096
5737,1246633984,1246638080,4096
5738,1246638080,1246642176,4096
5739,1246642176,1246646272,4096
5727,1246646272,1246646477,205
5728,1246655291,1246658560,3269
5740,1246658560,1246662656,4096
5741,1246662656,1246666752,4096
5742,1246666752,1246670848,4096
5743,1246670848,1246674944,4096
5744,1246674944,1246679040,4096
5745,1246679040,1246683136,4096
5746,1246683136,1246687232,4096
5747,1246687232,1246691328,4096
5748,1246691328,1246695424,4096
5749,1246695424,1246699520,4096
5750,1246699520,1246703616,4096
134,1246703616,1246703637,21
140,1246708574,1246711808,3234
135,1246711808,1246712136,328
136,1246752405,1246752768,363
138,1246752768,1246754211,1443
141,1246757176,1246760960,3784
142,1246760960,1246765056,4096
143,1246765056,1246769152,4096
144,1246769152,1246773248,4096
145,1246773248,1246777344,4096
139,1246777344,1246779836,2492
137,1246780057,1246781440,1383
146,1246781440,1246785536,4096
147,1246785536,1246789632,4096
148,1246789632,1246793728,4096
149,1246793728,1246797824,4096
150,1246797824,1246801920,4096
3066,1246801920,1246806016,4096
3063,1246806016,1246808379,2363
3059,1246808432,1246810112,1680
3062,1246810112,1246812413,2301
3064,1246815722,1246818304,2582
3067,1246818304,1246822400,4096
3061,1246822400,1246824365,1965
3058,1246829978,1246830592,614
3068,1246830592,1246834688,4096
3069,1246834688,1246838784,4096
3070,1246838784,1246842880,4096
3071,1246842880,1246846976,4096
3072,1246846976,1246851072,4096
3073,1246851072,1246855168,4096
3065,1246855168,1246859254,4086
3060,1246865561,1246867456,1895
3074,1246867456,1246871552,4096
3075,1246871552,1246875648,4096
3076,1246875648,1246879744,4096
3077,1246879744,1246883840,4096
3078,1246883840,1246887936,4096
3079,1246887936,1246892032,4096
3057,1246892032,1246892449,417
1726,1246920362,1246920704,342
1728,1246920704,1246924800,4096
1729,1246924800,1246928896,4096
1730,1246928896,1246932992,4096
1731,1246932992,1246937088,4096
1727,1246937088,1246938606,1518
1173,1247260174,1247260672,498
1176,1247260672,1247264768,4096
1177,1247264768,1247268864,4096
1178,1247268864,1247272960,4096
1179,1247272960,1247277056,4096
1180,1247277056,1247281152,4096
1175,1247281152,1247285054,3902
1174,1247288257,1247289344,1087
1181,1247289344,1247293440,4096
1182,1247293440,1247297536,4096
1183,1247297536,1247301632,4096
6080,1247301632,1247305728,4096
6081,1247305728,1247309824,4096
6082,1247309824,1247313920,4096
6083,1247313920,1247318016,4096
6078,1247318016,1247320815,2799
6072,1247342128,1247342592,464
6076,1247342592,1247344410,1818
6077,1247344538,1247346688,2150
6074,1247346688,1247348160,1472
6079,1247350874,1247354880,4006
6084,1247354880,1247358976,4096
6085,1247358976,1247363072,4096
6086,1247363072,1247367168,4096
6087,1247367168,1247371264,4096
6075,1247371264,1247372945,1681
6073,1247378350,1247379456,1106
6088,1247379456,1247383552,4096
6089,1247383552,1247387648,4096
6090,1247387648,1247391744,4096
6091,1247391744,1247395840,4096
6092,1247395840,1247399936,4096
6093,1247399936,1247404032,4096
4322,1247404032,1247408128,4096
4321,1247408128,1247412067,3939
4317,1247414743,1247416320,1577
4323,1247416320,1247420416,4096
4314,1247420416,1247420477,61
4319,1247426589,1247428608,2019
4324,1247428608,1247432704,4096
4325,1247432704,1247436800,4096
4326,1247436800,1247440896,4096
4327,1247440896,1247444992,4096
4328,1247444992,1247449088,4096
4329,1247449088,1247453184,4096
4330,1247453184,1247457280,4096
4331,1247457280,1247461376,4096
4332,1247461376,1247465472,4096
4333,1247465472,1247469568,4096
4334,1247469568,1247473664,4096
4335,1247473664,1247477760,4096
4336,1247477760,1247481856,4096
4315,1247481856,1247482066,210
4318,1247486053,1247487802,1749
4316,1247493848,1247494144,296
4337,1247494144,1247498240,4096
4320,1247498240,1247501154,2914
1331,1247503373,1247506432,3059
1327,1247506432,1247508077,1645
1325,1247517898,1247518720,822
1332,1247518720,1247522816,4096
1333,1247522816,1247526912,4096
1334,1247526912,1247531008,4096
1335,1247531008,1247535104,4096
1323,1247535104,1247535878,774
1330,1247540885,1247543296,2411
1336,1247543296,1247547392,4096
1324,1247547392,1247548186,794
1326,1247550431,1247551488,1057
1337,1247551488,1247555584,4096
1338,1247555584,1247559680,4096
1339,1247559680,1247563776,4096
1340,1247563776,1247567872,4096
1341,1247567872,1247571968,4096
1342,1247571968,1247576064,4096
1343,1247576064,1247580160,4096
1344,1247580160,1247584256,4096
1345,1247584256,1247588352,4096
1346,1247588352,1247592448,4096
1328,1247592448,1247594133,1685
1329,1247596927,1247598625,1698
4944,1247601414,1247604736,3322
4947,1247604736,1247608832,4096
4939,1247608832,1247609526,694
4940,1247611311,1247612928,1617
4948,1247612928,1247617024,4096
4946,1247617024,1247620849,3825
4941,1247623447,1247625216,1769
4949,1247625216,1247629312,4096
4938,1247629312,1247629670,358
4942,1247639138,1247641600,2462
4950,1247641600,1247645696,4096
4945,1247645696,1247649440,3744
4943,1247651086,1247653888,2802
4951,1247653888,1247657984,4096
4952,1247657984,1247662080,4096
4953,1247662080,1247666176,4096
4954,1247666176,1247670272,4096
4955,1247670272,1247674368,4096
4956,1247674368,1247678464,4096
4957,1247678464,1247682560,4096
4958,1247682560,1247686656,4096
4959,1247686656,1247690752,4096
4960,1247690752,1247694848,4096
4961,1247694848,1247698944,4096
4962,1247698944,1247703040,4096
5755,1247703040,1247707136,4096
5756,1247707136,1247711232,4096
5757,1247711232,1247715328,4096
5758,1247715328,1247719424,4096
5759,1247719424,1247723520,4096
5760,1247723520,1247727616,4096
5761,1247727616,1247731712,4096
5762,1247731712,1247735808,4096
5752,1247735808,1247736941,1133
5754,1247741176,1247744000,2824
5763,1247744000,1247748096,4096
5764,1247748096,1247752192,4096
5765,1247752192,1247756288,4096
5753,1247756288,1247758551,2263
5751,1247763675,1247764480,805
5766,1247764480,1247768576,4096
5767,1247768576,1247772672,4096
5768,1247772672,1247776768,4096
5769,1247776768,1247780864,4096
5770,1247780864,1247784960,4096
5771,1247784960,1247789056,4096
5772,1247789056,1247793152,4096
5773,1247793152,1247797248,4096
5774,1247797248,1247801344,4096
2985,1247801344,1247805440,4096
2986,1247805440,1247809536,4096
2987,1247809536,1247813632,4096
2988,1247813632,1247817728,4096
2989,1247817728,1247821824,4096
2990,1247821824,1247825920,4096
2991,1247825920,1247830016,4096
2992,1247830016,1247834112,4096
2993,1247834112,1247838208,4096
2994,1247838208,1247842304,4096
2995,1247842304,1247846400,4096
2984,1247846400,1247848144,1744
2983,1247850449,1247850496,47
2996,1247850496,1247854592,4096
2997,1247854592,1247858688,4096
2998,1247858688,1247862784,4096
2999,1247862784,1247866880,4096
3000,1247866880,1247870976,4096
3001,1247870976,1247875072,4096
3002,1247875072,1247879168,4096
3003,1247879168,1247883264,4096
3004,1247883264,1247887360,4096
3005,1247887360,1247891456,4096
3006,1247891456,1247895552,4096
3007,1247895552,1247899648,4096
3008,1247899648,1247903744,4096
2945,1247903744,1247907840,4096
2946,1247907840,1247911936,4096
2947,1247911936,1247916032,4096
2948,1247916032,1247920128,4096
2943,1247920128,1247922398,2270
2941,1247924096,1247924224,128
2942,1247924224,1247925642,1418
2944,1247945142,1247948800,3658
2949,1247948800,1247952896,4096
2950,1247952896,1247956992,4096
2951,1247956992,1247961088,4096
2952,1247961088,1247965184,4096
2953,1247965184,1247969280,4096
2954,1247969280,1247973376,4096
2955,1247973376,1247977472,4096
2956,1247977472,1247981568,4096
2957,1247981568,1247985664,4096
2958,1247985664,1247989760,4096
2959,1247989760,1247993856,4096
2960,1247993856,1247997952,4096
2961,1247997952,1248002048,4096
3863,1248002048,1248006144,4096
3864,1248006144,1248010240,4096
3865,1248010240,1248014336,4096
3861,1248014336,1248017167,2831
3862,1248019410,1248022528,3118
3866,1248022528,1248026624,4096
3867,1248026624,1248030720,4096
3857,1248030720,1248032505,1785
3860,1248036209,1248038669,2460
3856,1248040732,1248041949,1217
3855,1248042111,1248043008,897
3868,1248043008,1248047104,4096
3869,1248047104,1248051200,4096
3870,1248051200,1248055296,4096
3871,1248055296,1248059392,4096
3872,1248059392,1248063488,4096
3873,1248063488,1248067584,4096
3858,1248067584,1248069387,1803
3859,1248073724,1248075776,2052
3874,1248075776,1248079872,4096
3875,1248079872,1248083968,4096
3876,1248083968,1248088064,4096
3877,1248088064,1248092160,4096
3878,1248092160,1248096256,4096
3879,1248096256,1248100352,4096
2081,1248100352,1248104448,4096
2082,1248104448,1248108544,4096
2083,1248108544,1248112640,4096
2084,1248112640,1248116736,4096
2085,1248116736,1248120832,4096
2079,1248120832,1248123638,2806
2080,1248130246,1248133120,2874
2086,1248133120,1248137216,4096
2087,1248137216,1248141312,4096
2088,1248141312,1248145408,4096
2089,1248145408,1248149504,4096
2090,1248149504,1248153600,4096
2091,1248153600,1248157696,4096
2092,1248157696,1248161792,4096
2093,1248161792,1248165888,4096
2094,1248165888,1248169984,4096
2095,1248169984,1248174080,4096
2096,1248174080,1248178176,4096
2097,1248178176,1248182272,4096
2098,1248182272,1248186368,4096
2099,1248186368,1248190464,4096
2100,1248190464,1248194560,4096
2101,1248194560,1248198656,4096
2102,1248198656,1248202752,4096
4918,1248202752,1248206848,4096
4919,1248206848,1248210944,4096
4920,1248210944,1248215040,4096
4916,1248215040,1248218044,3004
4912,1248218116,1248218236,120
4914,1248218308,1248219136,828
4921,1248219136,1248223232,4096
4913,1248223232,1248223935,703
4911,1248227242,1248227328,86
4922,1248227328,1248231424,4096
4923,1248231424,1248235520,4096
4924,1248235520,1248239616,4096
4925,1248239616,1248243712,4096
4926,1248243712,1248247808,4096
4927,1248247808,1248251904,4096
4915,1248251904,1248254597,2693
4917,1248256518,1248260096,3578
4928,1248260096,1248264192,4096
4929,1248264192,1248268288,4096
4930,1248268288,1248272384,4096
4931,1248272384,1248276480,4096
4932,1248276480,1248280576,4096
4933,1248280576,1248284672,4096
4934,1248284672,1248288768,4096
4935,1248288768,1248292864,4096
4936,1248292864,1248296960,4096
4937,1248296960,1248301056,4096
4431,1248301056,1248305152,4096
4432,1248305152,1248309248,4096
4433,1248309248,1248313344,4096
4434,1248313344,1248317440,4096
4435,1248317440,1248321536,4096
4436,1248321536,1248325632,4096
4437,1248325632,1248329728,4096
4438,1248329728,1248333824,4096
4439,1248333824,1248337920,4096
4440,1248337920,1248342016,4096
4441,1248342016,1248346112,4096
4442,1248346112,1248350208,4096
4443,1248350208,1248354304,4096
4429,1248354304,1248354364,60
4430,1248361425,1248362496,1071
4444,1248362496,1248366592,4096
4445,1248366592,1248370688,4096
4446,1248370688,1248374784,4096
4447,1248374784,1248378880,4096
4448,1248378880,1248382976,4096
4449,1248382976,1248387072,4096
4450,1248387072,1248391168,4096
4451,1248391168,1248395264,4096
4452,1248395264,1248399360,4096
4453,1248399360,1248403456,4096
3723,1248403456,1248407552,4096
3724,1248407552,1248411648,4096
3725,1248411648,1248415744,4096
3726,1248415744,1248419840,4096
3727,1248419840,1248423936,4096
3728,1248423936,1248428032,4096
3729,1248428032,1248432128,4096
3730,1248432128,1248436224,4096
3731,1248436224,1248440320,4096
3732,1248440320,1248444416,4096
3733,1248444416,1248448512,4096
3734,1248448512,1248452608,4096
3735,1248452608,1248456704,4096
3736,1248456704,1248460800,4096
3737,1248460800,1248464896,4096
3722,1248464896,1248467787,2891
3721,1248467853,1248468607,754
3720,1248468701,1248468992,291
3738,1248468992,1248473088,4096
3739,1248473088,1248477184,4096
3740,1248477184,1248481280,4096
3741,1248481280,1248485376,4096
3742,1248485376,1248489472,4096
3743,1248489472,1248493568,4096
3744,1248493568,1248497664,4096
3745,1248497664,1248501760,4096
4511,1248501760,1248505856,4096
4508,1248505856,1248508801,2945
4505,1248511434,1248514048,2614
4512,1248514048,1248518144,4096
4513,1248518144,1248522240,4096
4514,1248522240,1248526336,4096
4509,1248526336,1248529578,3242
4502,1248530230,1248530243,13
4510,1248563828,1248567296,3468
4515,1248567296,1248571392,4096
4504,1248571392,1248571925,533
4507,1248576873,1248579584,2711
4516,1248579584,1248583680,4096
4517,1248583680,1248587776,4096
4503,1248587776,1248587953,177
4506,1248593321,1248595968,2647
4518,1248595968,1248600064,4096
5419,1248600064,1248604160,4096
5420,1248604160,1248608256,4096
5421,1248608256,1248612352,4096
5422,1248612352,1248616448,4096
5423,1248616448,1248620544,4096
5414,1248620544,1248622344,1800
5417,1248633147,1248636928,3781
5424,1248636928,1248641024,4096
5425,1248641024,1248645120,4096
5416,1248645120,1248648328,3208
5411,1248651835,1248652553,718
5413,1248654111,1248655820,1709
5412,1248658122,1248659526,1404
5410,1248661205,1248661504,299
5418,1248661504,1248665441,3937
5415,1248671621,1248673792,2171
5426,1248673792,1248677888,4096
5427,1248677888,1248681984,4096
5428,1248681984,1248686080,4096
5429,1248686080,1248690176,4096
5430,1248690176,1248694272,4096
5431,1248694272,1248698368,4096
5432,1248698368,1248702464,4096
1856,1248702464,1248706560,4096
1857,1248706560,1248710656,4096
1858,1248710656,1248714752,4096
1849,1248714752,1248715845,1093
1848,1248734852,1248735232,380
1851,1248735232,1248736649,1417
1855,1248743583,1248747520,3937
1859,1248747520,1248751616,4096
1860,1248751616,1248755712,4096
1861,1248755712,1248759808,4096
1862,1248759808,1248763904,4096
1850,1248763904,1248765227,1323
1852,1248770158,1248772096,1938
1863,1248772096,1248776192,4096
1864,1248776192,1248780288,4096
1854,1248780288,1248783837,3549
1853,1248798689,1248800768,2079
5035,1248800768,1248804864,4096
5036,1248804864,1248808960,4096
5037,1248808960,1248813056,4096
5038,1248813056,1248817152,4096
5039,1248817152,1248821248,4096
5040,1248821248,1248825344,4096
5033,1248825344,1248828696,3352
5030,1248832887,1248833536,649
5041,1248833536,1248837632,4096
5042,1248837632,1248841728,4096
5043,1248841728,1248845824,4096
5044,1248845824,1248849920,4096
5045,1248849920,1248854016,4096
5046,1248854016,1248858112,4096
5047,1248858112,1248862208,4096
5034,1248862208,1248866121,3913
5032,1248868155,1248870400,2245
5048,1248870400,1248874496,4096
5049,1248874496,1248878592,4096
5031,1248878592,1248880532,1940
2371,1248938388,1248940032,1644
2374,1248940032,1248944128,4096
2369,1248944128,1248944173,45
2372,1248949865,1248952320,2455
2370,1248952320,1248952710,390
2373,1248957762,1248960512,2750
2375,1248960512,1248964608,4096
2376,1248964608,1248968704,4096
2377,1248968704,1248972800,4096
2378,1248972800,1248976896,4096
2379,1248976896,1248980992,4096
2380,1248980992,1248985088,4096
2381,1248985088,1248989184,4096
2382,1248989184,1248993280,4096
2383,1248993280,1248997376,4096
2384,1248997376,1249001472,4096
1803,1249001472,1249005568,4096
1804,1249005568,1249009664,4096
1805,1249009664,1249013760,4096
1806,1249013760,1249017856,4096
1807,1249017856,1249021952,4096
1808,1249021952,1249026048,4096
1809,1249026048,1249030144,4096
1810,1249030144,1249034240,4096
1811,1249034240,1249038336,4096
1812,1249038336,1249042432,4096
1813,1249042432,1249046528,4096
1814,1249046528,1249050624,4096
1815,1249050624,1249054720,4096
1816,1249054720,1249058816,4096
1817,1249058816,1249062912,4096
1818,1249062912,1249067008,4096
1819,1249067008,1249071104,4096
1820,1249071104,1249075200,4096
1821,1249075200,1249079296,4096
1800,1249079296,1249081440,2144
1802,1249087962,1249091584,3622
1822,1249091584,1249095680,4096
1823,1249095680,1249099776,4096
1801,1249099776,1249102899,3123
2965,1249106539,1249107968,1429
2971,1249107968,1249112064,4096
2972,1249112064,1249116160,4096
2973,1249116160,1249120256,4096
2974,1249120256,1249124352,4096
2975,1249124352,1249128448,4096
2976,1249128448,1249132544,4096
2966,1249132544,1249134617,2073
2962,1249157115,1249157120,5
2963,1249157120,1249158308,1188
2967,1249158566,1249161216,2650
2977,1249161216,1249165312,4096
2978,1249165312,1249169408,4096
2979,1249169408,1249173504,4096
2969,1249173504,1249176534,3030
2964,1249180365,1249181696,1331
2980,1249181696,1249185792,4096
2981,1249185792,1249189888,4096
2970,1249189888,1249192950,3062
2968,1249195391,1249198080,2689
2982,1249198080,1249202176,4096
659,1249202176,1249206272,4096
646,1249206272,1249207191,919
649,1249207370,1249208957,1587
648,1249208978,1249210368,1390
655,1249210368,1249212864,2496
654,1249216157,1249218560,2403
660,1249218560,1249222656,4096
661,1249222656,1249226752,4096
652,1249226752,1249228784,2032
644,1249229904,1249230332,428
651,1249232979,1249234944,1965
662,1249234944,1249239040,4096
663,1249239040,1249243136,4096
642,1249243136,1249243171,35
643,1249248623,1249248660,37
647,1249254413,1249255424,1011
658,1249255424,1249259198,3774
645,1249263012,1249263616,604
664,1249263616,1249267712,4096
665,1249267712,1249271808,4096
666,1249271808,1249275904,4096
667,1249275904,1249280000,4096
668,1249280000,1249284096,4096
669,1249284096,1249288192,4096
653,1249288192,1249290528,2336
650,1249290548,1249292288,1740
657,1249292288,1249295529,3241
656,1249297895,1249300480,2585
780,1249300480,1249301875,1395
782,1249305309,1249308672,3363
786,1249308672,1249312768,4096
787,1249312768,1249316864,4096
788,1249316864,1249320960,4096
789,1249320960,1249325056,4096
790,1249325056,1249329152,4096
785,1249329152,1249333201,4049
781,1249335937,1249337344,1407
791,1249337344,1249341440,4096
779,1249341440,1249342490,1050
784,1249345678,1249349632,3954
792,1249349632,1249353728,4096
793,1249353728,1249357824,4096
794,1249357824,1249361920,4096
795,1249361920,1249366016,4096
796,1249366016,1249370112,4096
797,1249370112,1249374208,4096
783,1249374208,1249377970,3762
778,1249378084,1249378304,220
798,1249378304,1249382400,4096
799,1249382400,1249386496,4096
800,1249386496,1249390592,4096
801,1249390592,1249394688,4096
802,1249394688,1249398784,4096
803,1249398784,1249402880,4096
5470,1249402880,1249406976,4096
5471,1249406976,1249411072,4096
5464,1249411072,1249413633,2561
5462,1249414449,1249415168,719
5460,1249415168,1249415568,400
5466,1249416030,1249419264,3234
5472,1249419264,1249423360,4096
5461,1249423360,1249423774,414
5465,1249428697,1249431552,2855
5473,1249431552,1249435648,4096
5474,1249435648,1249439744,4096
5475,1249439744,1249443840,4096
5476,1249443840,1249447936,4096
5467,1249447936,1249451207,3271
5463,1249455185,1249456128,943
5477,1249456128,1249460224,4096
5478,1249460224,1249464320,4096
5479,1249464320,1249468416,4096
5480,1249468416,1249472512,4096
5481,1249472512,1249476608,4096
5482,1249476608,1249480704,4096
5483,1249480704,1249484800,4096
5484,1249484800,1249488896,4096
5485,1249488896,1249492992,4096
5469,1249492992,1249497087,4095
5468,1249497199,1249501184,3985
2107,1249501184,1249505280,4096
2108,1249505280,1249509376,4096
2109,1249509376,1249513472,4096
2110,1249513472,1249517568,4096
2111,1249517568,1249521664,4096
2112,1249521664,1249525760,4096
2113,1249525760,1249529856,4096
2114,1249529856,1249533952,4096
2115,1249533952,1249538048,4096
2116,1249538048,1249542144,4096
2117,1249542144,1249546240,4096
2106,1249546240,1249549948,3708
2103,1249557838,1249558528,690
2118,1249558528,1249562624,4096
2119,1249562624,1249566720,4096
2104,1249566720,1249568715,1995
2105,1249584310,1249587200,2890
2120,1249587200,1249591296,4096
2121,1249591296,1249595392,4096
2122,1249595392,1249599488,4096
2123,1249599488,1249603584,4096
3935,1249603584,1249605197,1613
3929,1249607652,1249607680,28
3939,1249607680,1249611776,4096
3933,1249611776,1249612629,853
3931,1249615364,1249615872,508
3940,1249615872,1249619968,4096
3941,1249619968,1249624064,4096
3942,1249624064,1249628160,4096
3934,1249628160,1249629692,1532
3937,1249629764,1249632256,2492
3943,1249632256,1249636352,4096
3944,1249636352,1249640448,4096
3945,1249640448,1249644544,4096
3946,1249644544,1249648640,4096
3947,1249648640,1249652736,4096
3948,1249652736,1249656832,4096
3949,1249656832,1249660928,4096
3950,1249660928,1249665024,4096
3951,1249665024,1249669120,4096
3952,1249669120,1249673216,4096
3953,1249673216,1249677312,4096
3932,1249677312,1249677953,641
3936,1249683085,1249685504,2419
3938,1249685504,1249689093,3589
3930,1249689286,1249689600,314
3954,1249689600,1249693696,4096
3955,1249693696,1249697792,4096
3956,1249697792,1249701888,4096
3124,1249701888,1249705984,4096
3125,1249705984,1249710080,4096
3122,1249710080,1249713614,3534
3119,1249716725,1249718272,1547
3126,1249718272,1249722368,4096
3127,1249722368,1249726464,4096
3128,1249726464,1249730560,4096
3129,1249730560,1249734656,4096
3130,1249734656,1249738752,4096
3118,1249738752,1249739712,960
3120,1249763785,1249766548,2763
3123,1249767975,1249771520,3545
3117,1249771520,1249772203,683
3121,1249780837,1249783808,2971
3131,1249783808,1249787904,4096
3132,1249787904,1249792000,4096
3133,1249792000,1249796096,4096
3134,1249796096,1249800192,4096
1106,1249800192,1249804288,4096
1107,1249804288,1249808384,4096
1108,1249808384,1249812480,4096
1109,1249812480,1249816576,4096
1110,1249816576,1249820672,4096
1111,1249820672,1249824768,4096
1112,1249824768,1249828864,4096
1113,1249828864,1249832960,4096
1114,1249832960,1249837056,4096
1115,1249837056,1249841152,4096
1116,1249841152,1249845248,4096
1102,1249845248,1249845733,485
1105,1249850899,1249853440,2541
1103,1249853440,1249854012,572
1104,1249864752,1249865728,976
1117,1249865728,1249869824,4096
1118,1249869824,1249873920,4096
1119,1249873920,1249878016,4096
1120,1249878016,1249882112,4096
1121,1249882112,1249886208,4096
1122,1249886208,1249890304,4096
1123,1249890304,1249894400,4096
1124,1249894400,1249898496,4096
1125,1249898496,1249902592,4096
5376,1249902592,1249906688,4096
5377,1249906688,1249910784,4096
5378,1249910784,1249914880,4096
5379,1249914880,1249918976,4096
5380,1249918976,1249923072,4096
5370,1249923072,1249923460,388
5375,1249931608,1249935360,3752
5374,1249935360,1249938612,3252
5368,1249944070,1249944198,128
5369,1249944210,1249944520,310
5372,1249948833,1249950799,1966
5371,1249953840,1249955777,1937
5373,1249957684,1249959936,2252
5381,1249959936,1249964032,4096
5382,1249964032,1249968128,4096
5383,1249968128,1249972224,4096
5384,1249972224,1249976320,4096
5385,1249976320,1249980416,4096
5386,1249980416,1249984512,4096
5387,1249984512,1249988608,4096
5388,1249988608,1249992704,4096
5389,1249992704,1249996800,4096
5390,1249996800,1250000896,4096
1258,1250000896,1250004992,4096
1254,1250004992,1250005563,571
1257,1250009365,1250013184,3819
1259,1250013184,1250017280,4096
1260,1250017280,1250021376,4096
1261,1250021376,1250025472,4096
1262,1250025472,1250029568,4096
1263,1250029568,1250033664,4096
1264,1250033664,1250037760,4096
1256,1250037760,1250039096,1336
1255,1250041148,1250041856,708
1265,1250041856,1250045952,4096
1266,1250045952,1250050048,4096
1267,1250050048,1250054144,4096
1268,1250054144,1250058240,4096
1269,1250058240,1250062336,4096
1270,1250062336,1250066432,4096
1271,1250066432,1250070528,4096
1272,1250070528,1250074624,4096
1273,1250074624,1250078720,4096
1274,1250078720,1250082816,4096
1275,1250082816,1250086912,4096
1276,1250086912,1250091008,4096
1277,1250091008,1250095104,4096
1278,1250095104,1250099200,4096
1279,1250099200,1250103296,4096
416,1250103296,1250107392,4096
417,1250107392,1250111488,4096
418,1250111488,1250115584,4096
419,1250115584,1250119680,4096
420,1250119680,1250123776,4096
421,1250123776,1250127872,4096
422,1250127872,1250131968,4096
423,1250131968,1250136064,4096
424,1250136064,1250140160,4096
425,1250140160,1250144256,4096
414,1250144256,1250146759,2503
412,1250152305,1250152448,143
426,1250152448,1250156544,4096
427,1250156544,1250160640,4096
428,1250160640,1250164736,4096
429,1250164736,1250168832,4096
430,1250168832,1250172928,4096
415,1250172928,1250175764,2836
413,1250183461,1250185216,1755
431,1250185216,1250189312,4096
432,1250189312,1250193408,4096
433,1250193408,1250197504,4096
434,1250197504,1250201600,4096
5346,1250201600,1250205696,4096
5347,1250205696,1250209792,4096
5348,1250209792,1250213888,4096
5349,1250213888,1250217984,4096
5350,1250217984,1250222080,4096
5351,1250222080,1250226176,4096
5352,1250226176,1250230272,4096
5353,1250230272,1250234368,4096
5354,1250234368,1250238464,4096
5355,1250238464,1250242560,4096
5356,1250242560,1250246656,4096
5357,1250246656,1250250752,4096
5358,1250250752,1250254848,4096
5359,1250254848,1250258944,4096
5360,1250258944,1250263040,4096
5361,1250263040,1250267136,4096
5362,1250267136,1250271232,4096
5363,1250271232,1250275328,4096
5345,1250275328,1250279114,3786
5343,1250282339,1250283520,1181
5364,1250283520,1250287616,4096
5344,1250287616,1250290595,2979
5342,1250290646,1250291712,1066
5365,1250291712,1250295808,4096
5366,1250295808,1250299904,4096
5367,1250299904,1250304000,4096
5079,1250304000,1250308096,4096
5080,1250308096,1250312192,4096
5081,1250312192,1250316288,4096
5082,1250316288,1250320384,4096
5083,1250320384,1250324480,4096
5084,1250324480,1250328576,4096
5085,1250328576,1250332672,4096
5086,1250332672,1250336768,4096
5087,1250336768,1250340864,4096
5077,1250340864,1250344551,3687
5074,1250363440,1250365440,2000
5088,1250365440,1250369536,4096
5089,1250369536,1250373632,4096
5076,1250373632,1250377266,3634
5078,1250377947,1250381824,3877
5069,1250381824,1250382284,460
5070,1250385323,1250385920,597
5090,1250385920,1250390016,4096
5072,1250390016,1250391328,1312
5075,1250391564,1250394112,2548
5073,1250394112,1250395997,1885
5071,1250397384,1250398208,824
5091,1250398208,1250402304,4096
5965,1250402304,1250406400,4096
5966,1250406400,1250410496,4096
5967,1250410496,1250414592,4096
5963,1250414592,1250417588,2996
5960,1250422115,1250422784,669
5968,1250422784,1250426880,4096
5959,1250426880,1250427481,601
5961,1250429611,1250430976,1365
5969,1250430976,1250435072,4096
5970,1250435072,1250439168,4096
5971,1250439168,1250443264,4096
5972,1250443264,1250447360,4096
5973,1250447360,1250451456,4096
5962,1250451456,1250453547,2091
5964,1250464275,1250467840,3565
5974,1250467840,1250471936,4096
5975,1250471936,1250476032,4096
5976,1250476032,1250480128,4096
5977,1250480128,1250484224,4096
5978,1250484224,1250488320,4096
5979,1250488320,1250492416,4096
5980,1250492416,1250496512,4096
5981,1250496512,1250500608,4096
5827,1250500608,1250504704,4096
5828,1250504704,1250508800,4096
5829,1250508800,1250512896,4096
5830,1250512896,1250516992,4096
5831,1250516992,1250521088,4096
5832,1250521088,1250525184,4096
5833,1250525184,1250529280,4096
5825,1250529280,1250532669,3389
5824,1250538778,1250541568,2790
5823,1250541568,1250543178,1610
5826,1250545975,1250549760,3785
5822,1250549760,1250551095,1335
5821,1250553011,1250553856,845
5834,1250553856,1250557952,4096
5835,1250557952,1250562048,4096
5836,1250562048,1250566144,4096
5837,1250566144,1250570240,4096
5838,1250570240,1250574336,4096
5839,1250574336,1250578432,4096
5840,1250578432,1250582528,4096
5841,1250582528,1250586624,4096
5842,1250586624,1250590720,4096
5843,1250590720,1250594816,4096
5844,1250594816,1250598912,4096
5845,1250598912,1250603008,4096
6005,1250603008,1250607104,4096
6006,1250607104,1250611200,4096
6007,1250611200,1250615296,4096
6008,1250615296,1250619392,4096
6009,1250619392,1250623488,4096
6010,1250623488,1250627584,4096
6011,1250627584,1250631680,4096
6012,1250631680,1250635776,4096
6013,1250635776,1250639872,4096
6014,1250639872,1250643968,4096
6015,1250643968,1250648064,4096
6016,1250648064,1250652160,4096
6017,1250652160,1250656256,4096
6018,1250656256,1250660352,4096
6019,1250660352,1250664448,4096
6020,1250664448,1250668544,4096
6021,1250668544,1250672640,4096
6022,1250672640,1250676736,4096
6023,1250676736,1250680832,4096
6024,1250680832,1250684928,4096
6025,1250684928,1250689024,4096
6026,1250689024,1250693120,4096
6027,1250693120,1250697216,4096
6028,1250697216,1250701312,4096
3136,1250701312,1250703444,2132
3137,1250705709,1250709504,3795
3139,1250709504,1250713600,4096
3140,1250713600,1250717696,4096
3141,1250717696,1250721792,4096
3142,1250721792,1250725888,4096
3143,1250725888,1250729984,4096
3144,1250729984,1250734080,4096
3145,1250734080,1250738176,4096
3146,1250738176,1250742272,4096
3147,1250742272,1250746368,4096
3148,1250746368,1250750464,4096
3149,1250750464,1250754560,4096
3150,1250754560,1250758656,4096
3151,1250758656,1250762752,4096
3152,1250762752,1250766848,4096
3153,1250766848,1250770944,4096
3154,1250770944,1250775040,4096
3155,1250775040,1250779136,4096
3156,1250779136,1250783232,4096
3157,1250783232,1250787328,4096
3158,1250787328,1250791424,4096
3138,1250791424,1250795382,3958
3135,1250799189,1250799616,427
3159,1250799616,1250803712,4096
5193,1250803712,1250807808,4096
5194,1250807808,1250811904,4096
5195,1250811904,1250816000,4096
5190,1250816000,1250818557,2557
5189,1250821658,1250824192,2534
5196,1250824192,1250828288,4096
5197,1250828288,1250832384,4096
5198,1250832384,1250836480,4096
5199,1250836480,1250840576,4096
5200,1250840576,1250844672,4096
5201,1250844672,1250848768,4096
5202,1250848768,1250852864,4096
5203,1250852864,1250856960,4096
5204,1250856960,1250861056,4096
5187,1250861056,1250862204,1148
5188,1250863166,1250865152,1986
5205,1250865152,1250869248,4096
5206,1250869248,1250873344,4096
5207,1250873344,1250877440,4096
5208,1250877440,1250881536,4096
5209,1250881536,1250885632,4096
5210,1250885632,1250889728,4096
5191,1250889728,1250892521,2793
5192,1250894561,1250897920,3359
5211,1250897920,1250902016,4096
4416,1250902016,1250906112,4096
4417,1250906112,1250910208,4096
4418,1250910208,1250914304,4096
4419,1250914304,1250918400,4096
4420,1250918400,1250922496,4096
4421,1250922496,1250926592,4096
4422,1250926592,1250930688,4096
4423,1250930688,1250934784,4096
4424,1250934784,1250938880,4096
4425,1250938880,1250942976,4096
4426,1250942976,1250947072,4096
4413,1250947072,1250949123,2051
4412,1250975277,1250975744,467
4427,1250975744,1250979840,4096
4428,1250979840,1250983936,4096
4415,1250983936,1250987013,3077
4414,1250997649,1251000320,2671
3296,1251000320,1251004416,4096
3297,1251004416,1251008512,4096
3298,1251008512,1251012608,4096
3299,1251012608,1251016704,4096
3288,1251016704,1251018670,1966
3292,1251021662,1251024896,3234
3291,1251024896,1251027291,2395
3284,1251032009,1251033088,1079
3285,1251033088,1251034170,1082
3281,1251036709,1251037184,475
3283,1251037184,1251037903,719
3289,1251043186,1251045376,2190
3300,1251045376,1251049472,4096
3301,1251049472,1251053568,4096
3295,1251053568,1251057622,4054
3287,1251066741,1251068457,1716
3294,1251070691,1251074048,3357
3282,1251074048,1251074574,526
3286,1251079114,1251080731,1617
3290,1251088076,1251090432,2356
3293,1251090432,1251093778,3346
3280,1251098032,1251098234,202
905,1251103848,1251104649,801
908,1251136978,1251139584,2606
909,1251139584,1251143680,4096
910,1251143680,1251147776,4096
911,1251147776,1251151872,4096
907,1251151872,1251154094,2222
906,1251158288,1251160064,1776
912,1251160064,1251164160,4096
913,1251164160,1251168256,4096
914,1251168256,1251172352,4096
915,1251172352,1251176448,4096
916,1251176448,1251180544,4096
917,1251180544,1251184640,4096
918,1251184640,1251188736,4096
919,1251188736,1251192832,4096
920,1251192832,1251196928,4096
921,1251196928,1251201024,4096
4851,1251201024,1251205120,4096
4852,1251205120,1251209216,4096
4853,1251209216,1251213312,4096
4854,1251213312,1251217408,4096
4855,1251217408,1251221504,4096
4856,1251221504,1251225600,4096
4848,1251225707,1251226964,1257
4849,1251227162,1251229696,2534
4857,1251229696,1251233792,4096
4858,1251233792,1251237888,4096
4859,1251237888,1251241984,4096
4860,1251241984,1251246080,4096
4861,1251246080,1251250176,4096
4862,1251250176,1251254272,4096
4863,1251254272,1251258368,4096
4864,1251258368,1251262464,4096
4865,1251262464,1251266560,4096
4866,1251266560,1251270656,4096
4867,1251270656,1251274752,4096
4868,1251274752,1251278848,4096
4869,1251278848,1251282944,4096
4870,1251282944,1251287040,4096
4847,1251287040,1251287651,611
4850,1251292067,1251295232,3165
4871,1251295232,1251299328,4096
4872,1251299328,1251303424,4096
5853,1251303424,1251307520,4096
5854,1251307520,1251311616,4096
5855,1251311616,1251315712,4096
5856,1251315712,1251319808,4096
5857,1251319808,1251323904,4096
5858,1251323904,1251328000,4096
5859,1251328000,1251332096,4096
5860,1251332096,1251336192,4096
5861,1251336192,1251340288,4096
5862,1251340288,1251344384,4096
5863,1251344384,1251348480,4096
5847,1251348480,1251349201,721
5852,1251353031,1251356672,3641
5864,1251356672,1251360768,4096
5865,1251360768,1251364864,4096
5866,1251364864,1251368960,4096
5867,1251368960,1251373056,4096
5868,1251373056,1251377152,4096
5869,1251377152,1251381248,4096
5850,1251381248,1251383999,2751
5851,1251386664,1251389440,2776
5846,1251389440,1251389902,462
5848,1251394668,1251396079,1411
5849,1251399688,1251401728,2040
3094,1251401728,1251405824,4096
3095,1251405824,1251409920,4096
3096,1251409920,1251414016,4096
3097,1251414016,1251418112,4096
3098,1251418112,1251422208,4096
3099,1251422208,1251426304,4096
3100,1251426304,1251430400,4096
3101,1251430400,1251434496,4096
3102,1251434496,1251438592,4096
3103,1251438592,1251442688,4096
3104,1251442688,1251446784,4096
3105,1251446784,1251450880,4096
3093,1251450880,1251452693,1813
3092,1251454665,1251454976,311
3106,1251454976,1251459072,4096
3107,1251459072,1251463168,4096
3108,1251463168,1251467264,4096
3109,1251467264,1251471360,4096
3110,1251471360,1251475456,4096
3111,1251475456,1251479552,4096
3112,1251479552,1251483648,4096
3113,1251483648,1251487744,4096
3114,1251487744,1251491840,4096
3115,1251491840,1251495936,4096
3116,1251495936,1251500032,4096
6055,1251500032,1251500743,711
6056,1251507353,1251508224,871
6061,1251508224,1251512320,4096
6062,1251512320,1251516416,4096
6063,1251516416,1251520512,4096
6053,1251520512,1251520874,362
6060,1251521139,1251524608,3469
6064,1251524608,1251528704,4096
6059,1251528704,1251532168,3464
6058,1251538098,1251540992,2894
6065,1251540992,1251545088,4096
6066,1251545088,1251549184,4096
6067,1251549184,1251553280,4096
6057,1251553280,1251554433,1153
6054,1251585577,1251586048,471
6068,1251586048,1251590144,4096
6069,1251590144,1251594240,4096
6070,1251594240,1251598336,4096
6071,1251598336,1251602432,4096
3595,1251602432,1251606528,4096
3596,1251606528,1251610624,4096
3597,1251610624,1251614720,4096
3598,1251614720,1251618816,4096
3599,1251618816,1251622912,4096
3600,1251622912,1251627008,4096
3601,1251627008,1251631104,4096
3602,1251631104,1251635200,4096
3603,1251635200,1251639296,4096
3604,1251639296,1251643392,4096
3605,1251643392,1251647488,4096
3606,1251647488,1251651584,4096
3607,1251651584,1251655680,4096
3608,1251655680,1251659776,4096
3594,1251659776,1251662414,2638
3591,1251671182,1251671708,526
3593,1251678301,1251680256,1955
3609,1251680256,1251684352,4096
3610,1251684352,1251688448,4096
3611,1251688448,1251692544,4096
3612,1251692544,1251696640,4096
3592,1251696640,1251697509,869
932,1251702837,1251704832,1995
936,1251704832,1251708928,4096
937,1251708928,1251713024,4096
938,1251713024,1251717120,4096
939,1251717120,1251721216,4096
923,1251721216,1251721288,72
928,1251724365,1251725312,947
935,1251725312,1251728645,3333
925,1251731074,1251731788,714
934,1251751110,1251753969,2859
926,1251756216,1251757062,846
927,1251757152,1251758080,928
930,1251758080,1251759618,1538
929,1251773166,1251774464,1298
922,1251774464,1251774529,65
931,1251776629,1251778560,1931
924,1251778560,1251778637,77
933,1251780255,1251782656,2401
940,1251782656,1251786752,4096
941,1251786752,1251790848,4096
942,1251790848,1251794944,4096
943,1251794944,1251799040,4096
944,1251799040,1251803136,4096
2552,1251803136,1251807232,4096
2553,1251807232,1251811328,4096
2554,1251811328,1251815424,4096
2555,1251815424,1251819520,4096
2556,1251819520,1251823616,4096
2557,1251823616,1251827712,4096
2558,1251827712,1251831808,4096
2559,1251831808,1251835904,4096
2560,1251835904,1251840000,4096
2550,1251840000,1251842472,2472
2546,1251847249,1251848192,943
2561,1251848192,1251852288,4096
2562,1251852288,1251856384,4096
2549,1251856384,1251858774,2390
2545,1251861931,1251862181,250
2548,1251862299,1251864576,2277
2563,1251864576,1251868672,4096
2564,1251868672,1251872768,4096
2565,1251872768,1251876864,4096
2551,1251876864,1251880313,3449
2547,1251882840,1251885056,2216
2566,1251885056,1251889152,4096
2567,1251889152,1251893248,4096
2568,1251893248,1251897344,4096
2569,1251897344,1251901440,4096
3306,1251901440,1251905536,4096
3307,1251905536,1251909632,4096
3305,1251909632,1251913347,3715
3303,1251914179,1251914245,66
3302,1251914268,1251914303,35
3304,1251914492,1251917824,3332
3308,1251917824,1251921920,4096
3309,1251921920,1251926016,4096
3310,1251926016,1251930112,4096
3311,1251930112,1251934208,4096
3312,1251934208,1251938304,4096
3313,1251938304,1251942400,4096
3314,1251942400,1251946496,4096
3315,1251946496,1251950592,4096
3316,1251950592,1251954688,4096
3317,1251954688,1251958784,4096
3318,1251958784,1251962880,4096
3319,1251962880,1251966976,4096
3320,1251966976,1251971072,4096
3321,1251971072,1251975168,4096
3322,1251975168,1251979264,4096
3323,1251979264,1251983360,4096
3324,1251983360,1251987456,4096
3325,1251987456,1251991552,4096
3326,1251991552,1251995648,4096
3327,1251995648,1251999744,4096
3328,1251999744,1252003840,4096
3814,1252003840,1252006906,3066
3817,1252008725,1252012032,3307
3813,1252012032,1252015020,2988
3816,1252017048,1252020224,3176
3819,1252020224,1252024320,4096
3820,1252024320,1252028416,4096
3821,1252028416,1252032512,4096
3822,1252032512,1252036608,4096
3818,1252036626,1252040704,4078
3823,1252040704,1252044800,4096
3824,1252044800,1252048896,4096
3825,1252048896,1252052992,4096
3826,1252052992,1252057088,4096
3827,1252057088,1252061184,4096
3828,1252061184,1252065280,4096
3829,1252065280,1252069376,4096
3830,1252069376,1252073472,4096
3831,1252073472,1252077568,4096
3832,1252077568,1252081664,4096
3833,1252081664,1252085760,4096
3815,1252085760,1252088828,3068
3810,1252088900,1252089856,956
3811,1252089856,1252091203,1347
3812,1252091271,1252093952,2681
3834,1252093952,1252098048,4096
3835,1252098048,1252102144,4096
4762,1252102144,1252106240,4096
4763,1252106240,1252110336,4096
4764,1252110336,1252114432,4096
4765,1252114432,1252118528,4096
4766,1252118528,1252122624,4096
4767,1252122624,1252126720,4096
4768,1252126720,1252130816,4096
4769,1252130816,1252134912,4096
4770,1252134912,1252139008,4096
4771,1252139008,1252143104,4096
4772,1252143104,1252147200,4096
4773,1252147200,1252151296,4096
4758,1252151296,1252152348,1052
4760,1252152422,1252155392,2970
4759,1252155392,1252158315,2923
4757,1252183528,1252184064,536
4756,1252184064,1252184165,101
4761,1252189234,1252192256,3022
4774,1252192256,1252196352,4096
4775,1252196352,1252200448,4096
3012,1252200448,1252204544,4096
3013,1252204544,1252208640,4096
3014,1252208640,1252212736,4096
3015,1252212736,1252216832,4096
3016,1252216832,1252220928,4096
3017,1252220928,1252225024,4096
3018,1252225024,1252229120,4096
3019,1252229120,1252233216,4096
3020,1252233216,1252237312,4096
3021,1252237312,1252241408,4096
3022,1252241408,1252245504,4096
3023,1252245504,1252249600,4096
3024,1252249600,1252253696,4096
3025,1252253696,1252257792,4096
3026,1252257792,1252261888,4096
3027,1252261888,1252265984,4096
3009,1252265984,1252266339,355
3010,1252266486,1252267314,828
3011,1252280987,1252282368,1381
3028,1252282368,1252286464,4096
3029,1252286464,1252290560,4096
3030,1252290560,1252294656,4096
3031,1252294656,1252298752,4096
3032,1252298752,1252302848,4096
5306,1252302848,1252306944,4096
5307,1252306944,1252311040,4096
5308,1252311040,1252315136,4096
5297,1252315136,1252315589,453
5301,1252320846,1252323328,2482
5305,1252323328,1252327179,3851
5300,1252329468,1252331520,2052
5309,1252331520,1252335616,4096
5310,1252335616,1252339712,4096
5311,1252339712,1252343808,4096
5312,1252343808,1252347904,4096
5303,1252347904,1252350479,2575
5298,1252352156,1252353485,1329
5302,1252353541,1252356096,2555
5313,1252356096,1252360192,4096
5314,1252360192,1252364288,4096
5315,1252364288,1252368384,4096
5316,1252368384,1252372480,4096
5299,1252372480,1252374054,1574
5304,1252376928,1252380672,3744
5317,1252380672,1252384768,4096
5318,1252384768,1252388864,4096
5319,1252388864,1252392960,4096
5320,1252392960,1252397056,4096
5321,1252397056,1252401152,4096
5882,1252401152,1252405248,4096
5883,1252405248,1252409344,4096
5884,1252409344,1252413440,4096
5885,1252413440,1252417536,4096
5886,1252417536,1252421632,4096
5887,1252421632,1252425728,4096
5888,1252425728,1252429824,4096
5889,1252429824,1252433920,4096
5877,1252433920,1252435786,1866
5878,1252435892,1252438016,2124
5879,1252438016,1252440608,2592
5871,1252444588,1252444951,363
5870,1252445045,1252445143,98
5876,1252445154,1252446208,1054
5875,1252446208,1252447068,860
5880,1252447612,1252450304,2692
5890,1252450304,1252454400,4096
5873,1252454400,1252455023,623
5874,1252456911,1252457595,684
5872,1252457906,1252458496,590
5891,1252458496,1252462592,4096
5892,1252462592,1252466688,4096
5893,1252466688,1252470784,4096
5894,1252470784,1252474880,4096
5895,1252474880,1252478976,4096
5896,1252478976,1252483072,4096
5897,1252483072,1252487168,4096
5881,1252487168,1252489898,2730
830,1252501221,1252502086,865
832,1252502479,1252503552,1073
828,1252503552,1252504012,460
831,1252504316,1252505248,932
827,1252505374,1252505376,2
829,1252506806,1252507648,842
833,1252507648,1252511744,4096
834,1252511744,1252515840,4096
835,1252515840,1252519936,4096
836,1252519936,1252524032,4096
837,1252524032,1252528128,4096
838,1252528128,1252532224,4096
839,1252532224,1252536320,4096
840,1252536320,1252540416,4096
841,1252540416,1252544512,4096
842,1252544512,1252548608,4096
843,1252548608,1252552704,4096
844,1252552704,1252556800,4096
845,1252556800,1252560896,4096
846,1252560896,1252564992,4096
847,1252564992,1252569088,4096
848,1252569088,1252573184,4096
849,1252573184,1252577280,4096
850,1252577280,1252581376,4096
851,1252581376,1252585472,4096
852,1252585472,1252589568,4096
853,1252589568,1252593664,4096
854,1252593664,1252597760,4096
855,1252597760,1252601856,4096
4340,1252601856,1252605952,4096
4341,1252605952,1252610048,4096
4342,1252610048,1252614144,4096
4343,1252614144,1252618240,4096
4344,1252618240,1252622336,4096
4345,1252622336,1252626432,4096
4346,1252626432,1252630528,4096
4347,1252630528,1252634624,4096
4348,1252634624,1252638720,4096
4349,1252638720,1252642816,4096
4350,1252642816,1252646912,4096
4351,1252646912,1252651008,4096
4339,1252651008,1252651567,559
4338,1252654573,1252655104,531
4352,1252655104,1252659200,4096
4353,1252659200,1252663296,4096
4354,1252663296,1252667392,4096
4355,1252667392,1252671488,4096
4356,1252671488,1252675584,4096
4357,1252675584,1252679680,4096
4358,1252679680,1252683776,4096
4359,1252683776,1252687872,4096
4360,1252687872,1252691968,4096
4361,1252691968,1252696064,4096
4362,1252696064,1252700160,4096
5439,1252700160,1252704256,4096
5440,1252704256,1252708352,4096
5436,1252708352,1252710652,2300
5433,1252710724,1252712448,1724
5441,1252712448,1252716544,4096
5442,1252716544,1252720640,4096
5443,1252720640,1252724736,4096
5444,1252724736,1252728832,4096
5445,1252728832,1252732928,4096
5446,1252732928,1252737024,4096
5447,1252737024,1252741120,4096
5448,1252741120,1252745216,4096
5449,1252745216,1252749312,4096
5450,1252749312,1252753408,4096
5451,1252753408,1252757504,4096
5452,1252757504,1252761600,4096
5435,1252761600,1252763547,1947
5438,1252782588,1252785535,2947
5437,1252787875,1252790272,2397
5453,1252790272,1252794368,4096
5454,1252794368,1252798464,4096
5434,1252798464,1252800188,1724
1401,1252802027,1252802560,533
1404,1252802560,1252803705,1145
1405,1252805368,1252806656,1288
1414,1252806656,1252810752,4096
1415,1252810752,1252814848,4096
1416,1252814848,1252818944,4096
1417,1252818944,1252823040,4096
1411,1252823040,1252825852,2812
1408,1252833272,1252835328,2056
1412,1252835328,1252839169,3841
1400,1252842473,1252842679,206
1402,1252842857,1252843520,663
1403,1252843520,1252844234,714
1399,1252844330,1252844533,203
1398,1252844702,1252844826,124
1397,1252845358,1252845463,105
1407,1252849694,1252851712,2018
1418,1252851712,1252855808,4096
1409,1252855808,1252857878,2070
1406,1252858383,1252859904,1521
1419,1252859904,1252864000,4096
1420,1252864000,1252868096,4096
1413,1252868096,1252872044,3948
1410,1252889910,1252892672,2762
1421,1252892672,1252896768,4096
1422,1252896768,1252900864,4096
437,1252900864,1252904960,4096
438,1252904960,1252909056,4096
439,1252909056,1252913152,4096
440,1252913152,1252917248,4096
441,1252917248,1252921344,4096
442,1252921344,1252925440,4096
443,1252925440,1252929536,4096
444,1252929536,1252933632,4096
445,1252933632,1252937728,4096
446,1252937728,1252941824,4096
447,1252941824,1252945920,4096
448,1252945920,1252950016,4096
449,1252950016,1252954112,4096
450,1252954112,1252958208,4096
451,1252958208,1252962304,4096
452,1252962304,1252966400,4096
436,1252966400,1252969611,3211
435,1252971995,1252974592,2597
453,1252974592,1252978688,4096
454,1252978688,1252982784,4096
455,1252982784,1252986880,4096
456,1252986880,1252990976,4096
457,1252990976,1252995072,4096
458,1252995072,1252999168,4096
459,1252999168,1253003264,4096
3485,1253003264,1253007360,4096
3486,1253007360,1253011456,4096
3487,1253011456,1253015552,4096
3488,1253015552,1253019648,4096
3489,1253019648,1253023744,4096
3490,1253023744,1253027840,4096
3491,1253027840,1253031936,4096
3484,1253031936,1253035288,3352
3483,1253039579,1253040128,549
3492,1253040128,1253044224,4096
3493,1253044224,1253048320,4096
3494,1253048320,1253052416,4096
3495,1253052416,1253056512,4096
3496,1253056512,1253060608,4096
3497,1253060608,1253064704,4096
3498,1253064704,1253068800,4096
3499,1253068800,1253072896,4096
3500,1253072896,1253076992,4096
3501,1253076992,1253081088,4096
3502,1253081088,1253085184,4096
3503,1253085184,1253089280,4096
3504,1253089280,1253093376,4096
3505,1253093376,1253097472,4096
3506,1253097472,1253101568,4096
3684,1253101568,1253105664,4096
3683,1253105664,1253108620,2956
3681,1253141717,1253142528,811
3680,1253142528,1253142844,316
3682,1253156168,1253158912,2744
3685,1253158912,1253163008,4096
3686,1253163008,1253167104,4096
3687,1253167104,1253171200,4096
3688,1253171200,1253175296,4096
3689,1253175296,1253179392,4096
3690,1253179392,1253183488,4096
3691,1253183488,1253187584,4096
3692,1253187584,1253191680,4096
3693,1253191680,1253195776,4096
3694,1253195776,1253199872,4096
3695,1253199872,1253203968,4096
4649,1253203968,1253208064,4096
4650,1253208064,1253212160,4096
4651,1253212160,1253216256,4096
4652,1253216256,1253220352,4096
4653,1253220352,1253224448,4096
4654,1253224448,1253228544,4096
4655,1253228544,1253232640,4096
4656,1253232640,1253236736,4096
4657,1253236736,1253240832,4096
4658,1253240832,1253244928,4096
4659,1253244928,1253249024,4096
4660,1253249024,1253253120,4096
4661,1253253120,1253257216,4096
4662,1253257216,1253261312,4096
4663,1253261312,1253265408,4096
4664,1253265408,1253269504,4096
4648,1253269504,1253273000,3496
4647,1253275809,1253277696,1887
4665,1253277696,1253281792,4096
4666,1253281792,1253285888,4096
4667,1253285888,1253289984,4096
4646,1253289984,1253290821,837
4645,1253293279,1253294080,801
4668,1253294080,1253298176,4096
4669,1253298176,1253302272,4096
561,1253302272,1253306368,4096
562,1253306368,1253310464,4096
563,1253310464,1253314560,4096
564,1253314560,1253318656,4096
565,1253318656,1253322752,4096
566,1253322752,1253326848,4096
567,1253326848,1253330944,4096
558,1253330944,1253331043,99
560,1253344014,1253347328,3314
568,1253347328,1253351424,4096
569,1253351424,1253355520,4096
570,1253355520,1253359616,4096
571,1253359616,1253363712,4096
572,1253363712,1253367808,4096
557,1253367808,1253367881,73
559,1253391988,1253392384,396
573,1253392384,1253396480,4096
574,1253396480,1253400576,4096
5638,1253400576,1253404672,4096
5639,1253404672,1253408768,4096
5640,1253408768,1253412864,4096
5641,1253412864,1253416960,4096
5642,1253416960,1253421056,4096
5643,1253421056,1253425152,4096
5644,1253425152,1253429248,4096
5645,1253429248,1253433344,4096
5646,1253433344,1253437440,4096
5647,1253437440,1253441536,4096
5648,1253441536,1253445632,4096
5649,1253445632,1253449728,4096
5650,1253449728,1253453824,4096
5651,1253453824,1253457920,4096
5652,1253457920,1253462016,4096
5653,1253462016,1253466112,4096
5654,1253466112,1253470208,4096
5655,1253470208,1253474304,4096
5637,1253474304,1253476763,2459
4557,1253501813,1253502976,1163
4563,1253502976,1253507072,4096
4564,1253507072,1253511168,4096
4565,1253511168,1253515264,4096
4566,1253515264,1253519360,4096
4567,1253519360,1253523456,4096
4568,1253523456,1253527552,4096
4569,1253527552,1253531648,4096
4570,1253531648,1253535744,4096
4571,1253535744,1253539840,4096
4572,1253539840,1253543936,4096
4560,1253543936,1253546748,2812
4558,1253546820,1253548032,1212
4573,1253548032,1253552128,4096
4561,1253552128,1253555900,3772
4562,1253560462,1253564416,3954
4574,1253564416,1253568512,4096
4575,1253568512,1253572608,4096
4556,1253572608,1253572848,240
4559,1253575402,1253576704,1302
4576,1253576704,1253580800,4096
4577,1253580800,1253584896,4096
4578,1253584896,1253588992,4096
4579,1253588992,1253593088,4096
4580,1253593088,1253597184,4096
4581,1253597184,1253601280,4096
4367,1253601280,1253605376,4096
4368,1253605376,1253609472,4096
4369,1253609472,1253613568,4096
4370,1253613568,1253617664,4096
4371,1253617664,1253621760,4096
4372,1253621760,1253625856,4096
4373,1253625856,1253629952,4096
4374,1253629952,1253634048,4096
4375,1253634048,1253638144,4096
4376,1253638144,1253642240,4096
4366,1253642240,1253646087,3847
4363,1253648765,1253650432,1667
4377,1253650432,1253654528,4096
4364,1253654528,1253656842,2314
4365,1253659264,1253662720,3456
4378,1253662720,1253666816,4096
4379,1253666816,1253670912,4096
4380,1253670912,1253675008,4096
4381,1253675008,1253679104,4096
4382,1253679104,1253683200,4096
4383,1253683200,1253687296,4096
4384,1253687296,1253691392,4096
4385,1253691392,1253695488,4096
4386,1253695488,1253699584,4096
4387,1253699584,1253703680,4096
5777,1253703680,1253707776,4096
5778,1253707776,1253711872,4096
5779,1253711872,1253715968,4096
5780,1253715968,1253720064,4096
5781,1253720064,1253724160,4096
5782,1253724160,1253728256,4096
5783,1253728256,1253732352,4096
5784,1253732352,1253736448,4096
5785,1253736448,1253740544,4096
5786,1253740544,1253744640,4096
5787,1253744640,1253748736,4096
5788,1253748736,1253752832,4096
5789,1253752832,1253756928,4096
5775,1253756928,1253759129,2201
5776,1253765972,1253769216,3244
5790,1253769216,1253773312,4096
5791,1253773312,1253777408,4096
5792,1253777408,1253781504,4096
5793,1253781504,1253785600,4096
5794,1253785600,1253789696,4096
5795,1253789696,1253793792,4096
5796,1253793792,1253797888,4096
5797,1253797888,1253801984,4096
3194,1253801984,1253806080,4096
3191,1253806080,1253808552,2472
3186,1253821476,1253822464,988
3195,1253822464,1253826560,4096
3196,1253826560,1253830656,4096
3187,1253830656,1253831959,1303
3188,1253841301,1253842944,1643
3197,1253842944,1253847040,4096
3198,1253847040,1253851136,4096
3199,1253851136,1253855232,4096
3200,1253855232,1253859328,4096
3201,1253859328,1253863424,4096
3190,1253863424,1253865609,2185
3192,1253867770,1253871616,3846
3202,1253871616,1253875712,4096
3203,1253875712,1253879808,4096
3204,1253879808,1253883904,4096
3205,1253883904,1253888000,4096
3189,1253888000,1253890043,2043
3193,1253892344,1253896192,3848
3206,1253896192,1253900288,4096
1910,1253900288,1253902732,2444
1911,1253909160,1253912576,3416
1913,1253912576,1253916672,4096
1914,1253916672,1253920768,4096
1915,1253920768,1253924864,4096
1916,1253924864,1253928960,4096
1917,1253928960,1253933056,4096
1918,1253933056,1253937152,4096
1919,1253937152,1253941248,4096
1920,1253941248,1253945344,4096
1909,1253945344,1253946511,1167
1908,1253948378,1253949440,1062
1921,1253949440,1253953536,4096
1922,1253953536,1253957632,4096
1923,1253957632,1253961728,4096
1924,1253961728,1253965824,4096
1925,1253965824,1253969920,4096
1912,1253969920,1253973796,3876
3082,1256655666,1256656896,1230
3080,1256656896,1256657739,843
3081,1256663958,1256665088,1130
3085,1256665088,1256669184,4096
3084,1256669184,1256673192,4008
3083,1256673691,1256677376,3685
3086,1256677376,1256681472,4096
3087,1256681472,1256685568,4096
3088,1256685568,1256689664,4096
3089,1256689664,1256693760,4096
3090,1256693760,1256697856,4096
3091,1256697856,1256701952,4096
1931,1256701952,1256706048,4096
1932,1256706048,1256710144,4096
1933,1256710144,1256714240,4096
1934,1256714240,1256718336,4096
1935,1256718336,1256722432,4096
1936,1256722432,1256726528,4096
1937,1256726528,1256730624,4096
1938,1256730624,1256734720,4096
1939,1256734720,1256738816,4096
1940,1256738816,1256742912,4096
1941,1256742912,1256747008,4096
1942,1256747008,1256751104,4096
1943,1256751104,1256755200,4096
1929,1256755200,1256756709,1509
1927,1256766682,1256767488,806
1944,1256767488,1256771584,4096
1928,1256771584,1256772748,1164
1926,1256775368,1256775680,312
1945,1256775680,1256779776,4096
1946,1256779776,1256783872,4096
1947,1256783872,1256787968,4096
1948,1256787968,1256792064,4096
1949,1256792064,1256796160,4096
1930,1256796160,1256798949,2789
6102,1256809201,1256812544,3343
6105,1256812544,1256816640,4096
6106,1256816640,1256820736,4096
6097,1256820736,1256821151,415
6094,1256821199,1256821222,23
6100,1256827739,1256828928,1189
6107,1256828928,1256833024,4096
6101,1256833024,1256835798,2774
6096,1256838093,1256838252,159
6098,1256838369,1256838835,466
6095,1256838869,1256838895,26
6104,1256874558,1256878080,3522
6108,1256878080,1256882176,4096
6109,1256882176,1256886272,4096
6110,1256886272,1256890368,4096
6099,1256890368,1256890940,572
6103,1256891012,1256894464,3452
6111,1256894464,1256898560,4096
6112,1256898560,1256902656,4096
2435,1256902656,1256903452,796
2445,1256903719,1256906752,3033
2446,1256906752,1256910777,4025
2437,1256915116,1256916066,950
2433,1256918388,1256919040,652
2438,1256919040,1256920060,1020
2431,1256920132,1256920380,248
2444,1256920452,1256923136,2684
2432,1256923136,1256923518,382
2442,1256958170,1256959868,1698
2443,1256965469,1256967668,2199
2440,1256971138,1256972288,1150
2434,1256972288,1256973055,767
2439,1256975290,1256976384,1094
2441,1256976384,1256977603,1219
2436,1256983637,1256984576,939
2447,1256984576,1256988672,4096
2448,1256988672,1256992768,4096
2449,1256992768,1256996864,4096
2450,1256996864,1257000960,4096
1349,1257000960,1257001290,330
1347,1257022015,1257022063,48
1351,1257023096,1257024772,1676
1352,1257026995,1257029632,2637
1353,1257029632,1257033728,4096
1354,1257033728,1257037824,4096
1355,1257037824,1257041920,4096
1356,1257041920,1257046016,4096
1357,1257046016,1257050112,4096
1358,1257050112,1257054208,4096
1359,1257054208,1257058304,4096
1360,1257058304,1257062400,4096
1361,1257062400,1257066496,4096
1362,1257066496,1257070592,4096
1350,1257070592,1257071417,825
1348,1257086693,1257086976,283
1363,1257086976,1257091072,4096
1364,1257091072,1257095168,4096
1365,1257095168,1257099264,4096
1366,1257099264,1257103360,4096
1451,1257103360,1257107456,4096
1447,1257107456,1257109230,1774
1443,1257126433,1257126610,177
1445,1257126704,1257127936,1232
1452,1257127936,1257132032,4096
1453,1257132032,1257136128,4096
1454,1257136128,1257140224,4096
1455,1257140224,1257144320,4096
1456,1257144320,1257148416,4096
1457,1257148416,1257152512,4096
1458,1257152512,1257156608,4096
1459,1257156608,1257160704,4096
1460,1257160704,1257164800,4096
1461,1257164800,1257168896,4096
1444,1257168896,1257169291,395
1449,1257169443,1257172992,3549
1462,1257172992,1257177088,4096
1450,1257177088,1257180792,3704
1446,1257192110,1257193472,1362
1448,1257193472,1257195915,2443
6113,1257223095,1257223103,8
6117,1257223476,1257226240,2764
6119,1257226240,1257230336,4096
6118,1257230336,1257233958,3622
6115,1257241534,1257242362,828
6114,1257257516,1257257833,317
6116,1257257880,1257259008,1128
6120,1257259008,1257263104,4096
6121,1257263104,1257267200,4096
6122,1257267200,1257271296,4096
6123,1257271296,1257275392,4096
6124,1257275392,1257279488,4096
6125,1257279488,1257283584,4096
6126,1257283584,1257287680,4096
6127,1257287680,1257291776,4096
6128,1257291776,1257295872,4096
6129,1257295872,1257299968,4096
6130,1257299968,1257304064,4096
77,1257304064,1257308160,4096
78,1257308160,1257312256,4096
79,1257312256,1257316352,4096
80,1257316352,1257320448,4096
81,1257320448,1257324544,4096
75,1257324544,1257326803,2259
73,1257360643,1257361408,765
82,1257361408,1257365504,4096
83,1257365504,1257369600,4096
84,1257369600,1257373696,4096
85,1257373696,1257377792,4096
86,1257377792,1257381888,4096
87,1257381888,1257385984,4096
74,1257385984,1257387255,1271
76,1257395960,1257398272,2312
88,1257398272,1257402368,4096
2646,1257402368,1257406464,4096
2647,1257406464,1257410560,4096
2643,1257410560,1257412445,1885
2644,1257415979,1257418752,2773
2648,1257418752,1257422848,4096
2649,1257422848,1257426944,4096
2650,1257426944,1257431040,4096
2651,1257431040,1257435136,4096
2652,1257435136,1257439232,4096
2653,1257439232,1257443328,4096
2654,1257443328,1257447424,4096
2655,1257447424,1257451520,4096
2656,1257451520,1257455616,4096
2657,1257455616,1257459712,4096
2658,1257459712,1257463808,4096
2659,1257463808,1257467904,4096
2660,1257467904,1257472000,4096
2661,1257472000,1257476096,4096
2662,1257476096,1257480192,4096
2663,1257480192,1257484288,4096
2664,1257484288,1257488384,4096
2665,1257488384,1257492480,4096
2666,1257492480,1257496576,4096
2645,1257496576,1257499836,3260
2870,1257531026,1257531580,554
2872,1257531662,1257533440,1778
2874,1257533440,1257537536,4096
2875,1257537536,1257541632,4096
2873,1257541632,1257544861,3229
2869,1257549313,1257549824,511
2868,1257549824,1257550140,316
2871,1257560411,1257562112,1701
2876,1257562112,1257566208,4096
2877,1257566208,1257570304,4096
2867,1257570304,1257570585,281
4519,1257642805,1257644032,1227
4523,1257644032,1257648128,4096
4524,1257648128,1257652224,4096
4525,1257652224,1257656320,4096
4526,1257656320,1257660416,4096
4527,1257660416,1257664512,4096
4528,1257664512,1257668608,4096
4529,1257668608,1257672704,4096
4530,1257672704,1257676800,4096
4531,1257676800,1257680896,4096
4532,1257680896,1257684992,4096
4521,1257684992,1257687187,2195
4520,1257687249,1257689088,1839
4522,1257689088,1257693061,3973
5095,1257738906,1257742336,3430
5096,1257742336,1257746432,4096
5097,1257746432,1257750528,4096
5098,1257750528,1257754624,4096
5094,1257754624,1257757910,3286
5092,1257758193,1257758720,527
5099,1257758720,1257762816,4096
5100,1257762816,1257766912,4096
5101,1257766912,1257771008,4096
5102,1257771008,1257775104,4096
5103,1257775104,1257779200,4096
5104,1257779200,1257783296,4096
5093,1257783296,1257784787,1491
1780,1257816219,1257820160,3941
1781,1257820160,1257824256,4096
1782,1257824256,1257828352,4096
1783,1257828352,1257832448,4096
1784,1257832448,1257836544,4096
1785,1257836544,1257840640,4096
1786,1257840640,1257844736,4096
1787,1257844736,1257848832,4096
1788,1257848832,1257852928,4096
1789,1257852928,1257857024,4096
1790,1257857024,1257861120,4096
1791,1257861120,1257865216,4096
1792,1257865216,1257869312,4096
1793,1257869312,1257873408,4096
1794,1257873408,1257877504,4096
1795,1257877504,1257881600,4096
1796,1257881600,1257885696,4096
1797,1257885696,1257889792,4096
1798,1257889792,1257893888,4096
1799,1257893888,1257897984,4096
1778,1257897984,1257899409,1425
1779,1257899421,1257902080,2659
5800,1257902080,1257906176,4096
5801,1257906176,1257910272,4096
5802,1257910272,1257914368,4096
5803,1257914368,1257918464,4096
5804,1257918464,1257922560,4096
5805,1257922560,1257926656,4096
5806,1257926656,1257930752,4096
5807,1257930752,1257934848,4096
5808,1257934848,1257938944,4096
5809,1257938944,1257943040,4096
5810,1257943040,1257947136,4096
5811,1257947136,1257951232,4096
5812,1257951232,1257955328,4096
5813,1257955328,1257959424,4096
5814,1257959424,1257963520,4096
5815,1257963520,1257967616,4096
5816,1257967616,1257971712,4096
5817,1257971712,1257975808,4096
5818,1257975808,1257979904,4096
5819,1257979904,1257984000,4096
5798,1257984000,1257985356,1356
5799,1257992320,1257996288,3968
5820,1257996288,1258000384,4096
2849,1258000384,1258004480,4096
2850,1258004480,1258008576,4096
2851,1258008576,1258012672,4096
2852,1258012672,1258016768,4096
2853,1258016768,1258020864,4096
2854,1258020864,1258024960,4096
2855,1258024960,1258029056,4096
2856,1258029056,1258033152,4096
2842,1258033152,1258033994,842
2847,1258034281,1258036580,2299
2843,1258052692,1258053632,940
2857,1258053632,1258057728,4096
2848,1258057728,1258060601,2873
2844,1258060623,1258061824,1201
2858,1258061824,1258065920,4096
2859,1258065920,1258070016,4096
2860,1258070016,1258074112,4096
2846,1258074112,1258076212,2100
2845,1258076663,1258078208,1545
2861,1258078208,1258082304,4096
2862,1258082304,1258086400,4096
2863,1258086400,1258090496,4096
2864,1258090496,1258094592,4096
2865,1258094592,1258098688,4096
2866,1258098688,1258102784,4096
3986,1258102784,1258106880,4096
3984,1258106880,1258110327,3447
3985,1258111092,1258115072,3980
3987,1258115072,1258119168,4096
3988,1258119168,1258123264,4096
3989,1258123264,1258127360,4096
3981,1258127360,1258128953,1593
3979,1258141647,1258141661,14
3982,1258141693,1258143744,2051
3990,1258143744,1258147840,4096
3991,1258147840,1258151936,4096
3992,1258151936,1258156032,4096
3993,1258156032,1258160128,4096
3983,1258160128,1258162837,2709
3980,1258162973,1258164224,1251
3994,1258164224,1258168320,4096
3995,1258168320,1258172416,4096
3996,1258172416,1258176512,4096
3997,1258176512,1258180608,4096
3998,1258180608,1258184704,4096
3999,1258184704,1258188800,4096
4000,1258188800,1258192896,4096
4001,1258192896,1258196992,4096
4002,1258196992,1258201088,4096
5553,1258201088,1258205184,4096
5551,1258205184,1258208151,2967
5544,1258245192,1258245335,143
5546,1258245387,1258246144,757
5554,1258246144,1258250240,4096
5555,1258250240,1258254336,4096
5556,1258254336,1258258432,4096
5548,1258258432,1258259482,1050
5547,1258274014,1258274816,802
5543,1258274816,1258274939,123
5550,1258275379,1258277164,1785
5549,1258277493,1258278912,1419
5557,1258278912,1258283008,4096
5558,1258283008,1258287104,4096
5559,1258287104,1258291200,4096
5560,1258291200,1258295296,4096
5552,1258295296,1258298411,3115
5545,1258298938,1258299392,454
5561,1258299392,1258303488,4096
205,1258303488,1258307584,4096
204,1258307584,1258311548,3964
203,1258311926,1258315776,3850
201,1258315776,1258318837,3061
202,1258324856,1258328064,3208
206,1258328064,1258332160,4096
199,1258332160,1258333588,1428
200,1258338367,1258340352,1985
207,1258340352,1258344448,4096
208,1258344448,1258348544,4096
209,1258348544,1258352640,4096
210,1258352640,1258356736,4096
211,1258356736,1258360832,4096
212,1258360832,1258364928,4096
213,1258364928,1258369024,4096
214,1258369024,1258373120,4096
215,1258373120,1258377216,4096
216,1258377216,1258381312,4096
217,1258381312,1258385408,4096
218,1258385408,1258389504,4096
219,1258389504,1258393600,4096
220,1258393600,1258397696,4096
221,1258397696,1258401792,4096
2158,1258401792,1258405888,4096
2157,1258405888,1258409788,3900
2148,1258409860,1258409984,124
2159,1258409984,1258414080,4096
2160,1258414080,1258418176,4096
2149,1258418176,1258418554,378
2152,1258421604,1258422272,668
2161,1258422272,1258426368,4096
2162,1258426368,1258430464,4096
2163,1258430464,1258434560,4096
2164,1258434560,1258438656,4096
2153,1258438656,1258439383,727
2151,1258446227,1258446848,621
2165,1258446848,1258450944,4096
2155,1258450944,1258453276,2332
2156,1258456705,1258459136,2431
2166,1258459136,1258463232,4096
2167,1258463232,1258467328,4096
2168,1258467328,1258471424,4096
2169,1258471424,1258475520,4096
2170,1258475520,1258479616,4096
2150,1258479616,1258480168,552
2154,1258487006,1258487808,802
2171,1258487808,1258491904,4096
2172,1258491904,1258496000,4096
2173,1258496000,1258500096,4096
5658,1258500096,1258504192,4096
5659,1258504192,1258508288,4096
5660,1258508288,1258512384,4096
5661,1258512384,1258516480,4096
5662,1258516480,1258520576,4096
5663,1258520576,1258524672,4096
5664,1258524672,1258528768,4096
5665,1258528768,1258532864,4096
5666,1258532864,1258536960,4096
5667,1258536960,1258541056,4096
5668,1258541056,1258545152,4096
5669,1258545152,1258549248,4096
5670,1258549248,1258553344,4096
5671,1258553344,1258557440,4096
5672,1258557440,1258561536,4096
5673,1258561536,1258565632,4096
5674,1258565632,1258569728,4096
5675,1258569728,1258573824,4096
5676,1258573824,1258577920,4096
5677,1258577920,1258582016,4096
5678,1258582016,1258586112,4096
5679,1258586112,1258590208,4096
5657,1258590208,1258592941,2733
5656,1258593143,1258594298,1155
2451,1258605337,1258606592,1255
2452,1258606592,1258610688,4096
2453,1258610688,1258614784,4096
2454,1258614784,1258618880,4096
2455,1258618880,1258622976,4096
2456,1258622976,1258627072,4096
2457,1258627072,1258631168,4096
2458,1258631168,1258635264,4096
2459,1258635264,1258639360,4096
2460,1258639360,1258643456,4096
2461,1258643456,1258647552,4096
2462,1258647552,1258651648,4096
2463,1258651648,1258655744,4096
2464,1258655744,1258659840,4096
2465,1258659840,1258663936,4096
2466,1258663936,1258668032,4096
2467,1258668032,1258672128,4096
2468,1258672128,1258676224,4096
2469,1258676224,1258680320,4096
2470,1258680320,1258684416,4096
2471,1258684416,1258688512,4096
2472,1258688512,1258692608,4096
2473,1258692608,1258696704,4096
2474,1258696704,1258700800,4096
2045,1258700800,1258704896,4096
2046,1258704896,1258708992,4096
2047,1258708992,1258713088,4096
2048,1258713088,1258717184,4096
2049,1258717184,1258721280,4096
2050,1258721280,1258725376,4096
2051,1258725376,1258729472,4096
2052,1258729472,1258733568,4096
2053,1258733568,1258737664,4096
2054,1258737664,1258741760,4096
2055,1258741760,1258745856,4096
2044,1258745856,1258749120,3264
2040,1258749140,1258749952,812
2041,1258749952,1258750775,823
2039,1258758110,1258758144,34
2056,1258758144,1258762240,4096
2057,1258762240,1258766336,4096
2058,1258766336,1258770432,4096
2043,1258770432,1258773462,3030
2042,1258784522,1258786816,2294
2059,1258786816,1258790912,4096
2060,1258790912,1258795008,4096
2061,1258795008,1258799104,4096
2062,1258799104,1258803200,4096
182,1258803200,1258807296,4096
183,1258807296,1258811392,4096
184,1258811392,1258815488,4096
178,1258815488,1258815801,313
177,1258837423,1258837531,108
181,1258837564,1258840064,2500
185,1258840064,1258844160,4096
179,1258844160,1258846012,1852
180,1258846084,1258848256,2172
186,1258848256,1258852352,4096
187,1258852352,1258856448,4096
188,1258856448,1258860544,4096
189,1258860544,1258864640,4096
190,1258864640,1258868736,4096
191,1258868736,1258872832,4096
192,1258872832,1258876928,4096
193,1258876928,1258881024,4096
194,1258881024,1258885120,4096
195,1258885120,1258889216,4096
196,1258889216,1258893312,4096
197,1258893312,1258897408,4096
198,1258897408,1258901504,4096
3884,1258901504,1258905600,4096
3885,1258905600,1258909696,4096
3886,1258909696,1258913792,4096
3887,1258913792,1258917888,4096
3888,1258917888,1258921984,4096
3882,1258921984,1258923614,1630
3880,1258929433,1258930176,743
3889,1258930176,1258934272,4096
3890,1258934272,1258938368,4096
3891,1258938368,1258942464,4096
3892,1258942464,1258946560,4096
3893,1258946560,1258950656,4096
3894,1258950656,1258954752,4096
3895,1258954752,1258958848,4096
3896,1258958848,1258962944,4096
3897,1258962944,1258967040,4096
3898,1258967040,1258971136,4096
3899,1258971136,1258975232,4096
3900,1258975232,1258979328,4096
3901,1258979328,1258983424,4096
3881,1258983424,1258984172,748
3883,1258992472,1258995712,3240
3902,1258995712,1258999808,4096
3903,1258999808,1259003904,4096
5488,1259003904,1259006681,2777
5486,1259006811,1259008000,1189
5490,1259008000,1259012096,4096
5491,1259012096,1259016192,4096
5492,1259016192,1259020288,4096
5493,1259020288,1259024384,4096
5494,1259024384,1259028480,4096
5495,1259028480,1259032576,4096
5496,1259032576,1259036672,4096
5497,1259036672,1259040768,4096
5498,1259040768,1259044864,4096
5499,1259044864,1259048960,4096
5500,1259048960,1259053056,4096
5489,1259053056,1259056815,3759
5487,1259059382,1259061248,1866
5501,1259061248,1259065344,4096
5502,1259065344,1259069440,4096
5503,1259069440,1259073536,4096
5504,1259073536,1259077632,4096
5505,1259077632,1259081728,4096
5506,1259081728,1259085824,4096
5507,1259085824,1259089920,4096
5508,1259089920,1259094016,4096
5509,1259094016,1259098112,4096
5510,1259098112,1259102208,4096
1741,1259102208,1259106304,4096
1742,1259106304,1259110400,4096
1743,1259110400,1259114496,4096
1744,1259114496,1259118592,4096
1745,1259118592,1259122688,4096
1737,1259122688,1259126052,3364
1739,1259131422,1259134976,3554
1733,1259134976,1259136095,1119
1738,1259139755,1259143168,3413
1735,1259143168,1259145212,2044
1734,1259145729,1259147264,1535
1746,1259147264,1259151360,4096
1747,1259151360,1259155456,4096
1748,1259155456,1259159552,4096
1749,1259159552,1259163648,4096
1750,1259163648,1259167744,4096
1751,1259167744,1259171840,4096
1752,1259171840,1259175936,4096
1753,1259175936,1259180032,4096
1740,1259180032,1259183804,3772
1732,1259183876,1259184008,132
1736,1259197893,1259200512,2619
2741,1259200512,1259204608,4096
2742,1259204608,1259208704,4096
2743,1259208704,1259212800,4096
2744,1259212800,1259216896,4096
2745,1259216896,1259220992,4096
2746,1259220992,1259225088,4096
2747,1259225088,1259229184,4096
2738,1259229184,1259231990,2806
2732,1259232082,1259233280,1198
2730,1259233280,1259233786,506
2729,1259233877,1259234140,263
2739,1259234282,1259237376,3094
2727,1259237376,1259237522,146
2740,1259237611,1259241472,3861
2736,1259241472,1259243779,2307
2734,1259243869,1259245568,1699
2748,1259245568,1259249664,4096
2731,1259249664,1259250772,1108
2737,1259251398,1259253760,2362
2749,1259253760,1259257856,4096
2750,1259257856,1259261952,4096
2751,1259261952,1259266048,4096
2752,1259266048,1259270144,4096
2753,1259270144,1259274240,4096
2754,1259274240,1259278336,4096
2755,1259278336,1259282432,4096
2756,1259282432,1259286528,4096
2757,1259286528,1259290624,4096
2758,1259290624,1259294720,4096
2728,1259294720,1259294923,203
2733,1259297510,1259298816,1306
2735,1259298816,1259300639,1823
2324,1259309010,1259311104,2094
2326,1259311104,1259315200,4096
2327,1259315200,1259319296,4096
2328,1259319296,1259323392,4096
2329,1259323392,1259327488,4096
2330,1259327488,1259331584,4096
2331,1259331584,1259335680,4096
2332,1259335680,1259339776,4096
2333,1259339776,1259343872,4096
2334,1259343872,1259347968,4096
2335,1259347968,1259352064,4096
2336,1259352064,1259356160,4096
2322,1259356160,1259357517,1357
2323,1259362537,1259364284,1747
2325,1259364420,1259368448,4028
2337,1259368448,1259372544,4096
2338,1259372544,1259376640,4096
2339,1259376640,1259380736,4096
2340,1259380736,1259384832,4096
2341,1259384832,1259388928,4096
2342,1259388928,1259393024,4096
2343,1259393024,1259397120,4096
2344,1259397120,1259401216,4096
477,1259401216,1259405312,4096
478,1259405312,1259409408,4096
479,1259409408,1259413504,4096
480,1259413504,1259417600,4096
472,1259417600,1259420626,3026
460,1259441610,1259441658,48
461,1259441695,1259442176,481
481,1259442176,1259446272,4096
482,1259446272,1259450368,4096
483,1259450368,1259454464,4096
484,1259454464,1259458560,4096
465,1259458560,1259459382,822
476,1259462773,1259466752,3979
471,1259466752,1259469031,2279
469,1259469207,1259470848,1641
485,1259470848,1259474944,4096
462,1259474944,1259475473,529
475,1259475559,1259479040,3481
470,1259479040,1259481051,2011
463,1259481147,1259481824,677
467,1259481907,1259483136,1229
486,1259483136,1259487232,4096
466,1259487232,1259488174,942
473,1259488256,1259491328,3072
474,1259491328,1259494523,3195
464,1259494604,1259495424,820
487,1259495424,1259499520,4096
468,1259499520,1259500872,1352
5526,1259500955,1259503616,2661
5529,1259503616,1259507220,3604
5514,1259507346,1259507712,366
5533,1259507712,1259511808,4096
5518,1259511808,1259513609,1801
5521,1259513705,1259515904,2199
5532,1259515904,1259519969,4065
5528,1259520915,1259524096,3181
5523,1259524096,1259526363,2267
5517,1259526469,1259528192,1723
5512,1259528192,1259528433,241
5522,1259534118,1259536384,2266
5531,1259536384,1259540341,3957
5511,1259540442,1259540480,38
5534,1259540480,1259544576,4096
5520,1259544576,1259546707,2131
5519,1259546810,1259548672,1862
5535,1259548672,1259552768,4096
5513,1259552768,1259553076,308
5530,1259553174,1259556864,3690
5524,1259556864,1259559440,2576
5516,1259559521,1259560960,1439
5536,1259560960,1259565056,4096
5515,1259565056,1259565789,733
5525,1259565870,1259568495,2625
5527,1259574343,1259577344,3001
5537,1259577344,1259581440,4096
5538,1259581440,1259585536,4096
5539,1259585536,1259589632,4096
5540,1259589632,1259593728,4096
5541,1259593728,1259597824,4096
5542,1259597824,1259601920,4096
2571,1259601920,1259605756,3836
2573,1259606139,1259610112,3973
2574,1259610112,1259614208,4096
2575,1259614208,1259618304,4096
2576,1259618304,1259622400,4096
2577,1259622400,1259626496,4096
2578,1259626496,1259630592,4096
2570,1259630592,1259631316,724
2572,1259639019,1259642880,3861
2579,1259642880,1259646976,4096
2580,1259646976,1259651072,4096
2581,1259651072,1259655168,4096
2582,1259655168,1259659264,4096
2583,1259659264,1259663360,4096
2584,1259663360,1259667456,4096
2585,1259667456,1259671552,4096
2586,1259671552,1259675648,4096
2587,1259675648,1259679744,4096
2588,1259679744,1259683840,4096
2589,1259683840,1259687936,4096
2590,1259687936,1259692032,4096
2591,1259692032,1259696128,4096
2592,1259696128,1259700224,4096
2534,1259700224,1259704320,4096
2535,1259704320,1259708416,4096
2536,1259708416,1259712512,4096
2537,1259712512,1259716608,4096
2538,1259716608,1259720704,4096
2539,1259720704,1259724800,4096
2540,1259724800,1259728896,4096
2541,1259728896,1259732992,4096
2524,1259732992,1259733891,899
2530,1259733983,1259737088,3105
2531,1259737088,1259740251,3163
2523,1259740336,1259741184,848
2542,1259741184,1259745280,4096
2525,1259745280,1259746599,1319
2529,1259746679,1259749376,2697
2532,1259749376,1259752947,3571
2522,1259753028,1259753472,444
2543,1259753472,1259757568,4096
2527,1259757568,1259759296,1728
2528,1259759377,1259761664,2287
2533,1259761664,1259765641,3977
2526,1259791400,1259792900,1500
2521,1259798434,1259798528,94
2544,1259798528,1259802624,4096
2477,1259802624,1259806720,4096
2478,1259806720,1259810816,4096
2479,1259810816,1259814912,4096
2480,1259814912,1259819008,4096
2481,1259819008,1259823104,4096
2482,1259823104,1259827200,4096
2483,1259827200,1259831296,4096
2484,1259831296,1259835392,4096
2485,1259835392,1259839488,4096
2486,1259839488,1259843584,4096
2487,1259843584,1259847680,4096
2488,1259847680,1259851776,4096
2476,1259851776,1259854875,3099
2475,1259855839,1259855872,33
2489,1259855872,1259859968,4096
2490,1259859968,1259864064,4096
2491,1259864064,1259868160,4096
2492,1259868160,1259872256,4096
2493,1259872256,1259876352,4096
2494,1259876352,1259880448,4096
2495,1259880448,1259884544,4096
2496,1259884544,1259888640,4096
2497,1259888640,1259892736,4096
2498,1259892736,1259896832,4096
2499,1259896832,1259900928,4096
4886,1259900928,1259905024,4096
4887,1259905024,1259909120,4096
4888,1259909120,1259913216,4096
4889,1259913216,1259917312,4096
4890,1259917312,1259921408,4096
4891,1259921408,1259925504,4096
4892,1259925504,1259929600,4096
4893,1259929600,1259933696,4096
4894,1259933696,1259937792,4096
4895,1259937792,1259941888,4096
4896,1259941888,1259945984,4096
4897,1259945984,1259950080,4096
4898,1259950080,1259954176,4096
4899,1259954176,1259958272,4096
4900,1259958272,1259962368,4096
4901,1259962368,1259966464,4096
4902,1259966464,1259970560,4096
4903,1259970560,1259974656,4096
4904,1259974656,1259978752,4096
4905,1259978752,1259982848,4096
4906,1259982848,1259986944,4096
4907,1259986944,1259991040,4096
4908,1259991040,1259995136,4096
4909,1259995136,1259999232,4096
4910,1259999232,1260003328,4096
5216,1260003328,1260007424,4096
5217,1260007424,1260011520,4096
5218,1260011520,1260015616,4096
5219,1260015616,1260019712,4096
5220,1260019712,1260023808,4096
5215,1260023808,1260025304,1496
5212,1260025351,1260025439,88
5213,1260087386,1260087621,235
5214,1260088004,1260089344,1340
5221,1260089344,1260093440,4096
5222,1260093440,1260097536,4096
5223,1260097536,1260101632,4096
2410,1260101632,1260105728,4096
2411,1260105728,1260109824,4096
2412,1260109824,1260113920,4096
2413,1260113920,1260118016,4096
2414,1260118016,1260122112,4096
2415,1260122112,1260126208,4096
2416,1260126208,1260130304,4096
2408,1260130304,1260133265,2961
2409,1260143085,1260146688,3603
2417,1260146688,1260150784,4096
2418,1260150784,1260154880,4096
2419,1260154880,1260158976,4096
2420,1260158976,1260163072,4096
2421,1260163072,1260167168,4096
2422,1260167168,1260171264,4096
2423,1260171264,1260175360,4096
2424,1260175360,1260179456,4096
2425,1260179456,1260183552,4096
2426,1260183552,1260187648,4096
2427,1260187648,1260191744,4096
2428,1260191744,1260195840,4096
2429,1260195840,1260199936,4096
2430,1260199936,1260204032,4096
1826,1260204032,1260208128,4096
1827,1260208128,1260212224,4096
1828,1260212224,1260216320,4096
1829,1260216320,1260220416,4096
1824,1260220416,1260221430,1014
1825,1260225011,1260228608,3597
1830,1260228608,1260232704,4096
1831,1260232704,1260236800,4096
1832,1260236800,1260240896,4096
1833,1260240896,1260244992,4096
1834,1260244992,1260249088,4096
1835,1260249088,1260253184,4096
1836,1260253184,1260257280,4096
1837,1260257280,1260261376,4096
1838,1260261376,1260265472,4096
1839,1260265472,1260269568,4096
1840,1260269568,1260273664,4096
1841,1260273664,1260277760,4096
1842,1260277760,1260281856,4096
1843,1260281856,1260285952,4096
1844,1260285952,1260290048,4096
1845,1260290048,1260294144,4096
1846,1260294144,1260298240,4096
1847,1260298240,1260302336,4096
3402,1260302336,1260306432,4096
3403,1260306432,1260310528,4096
3404,1260310528,1260314624,4096
3405,1260314624,1260318720,4096
3406,1260318720,1260322816,4096
3407,1260322816,1260326912,4096
3408,1260326912,1260331008,4096
3409,1260331008,1260335104,4096
3410,1260335104,1260339200,4096
3411,1260339200,1260343296,4096
3412,1260343296,1260347392,4096
3413,1260347392,1260351488,4096
3414,1260351488,1260355584,4096
3415,1260355584,1260359680,4096
3416,1260359680,1260363776,4096
3417,1260363776,1260367872,4096
3418,1260367872,1260371968,4096
3419,1260371968,1260376064,4096
3420,1260376064,1260380160,4096
3421,1260380160,1260384256,4096
3422,1260384256,1260388352,4096
3423,1260388352,1260392448,4096
3424,1260392448,1260396544,4096
3425,1260396544,1260400640,4096
806,1260400640,1260404736,4096
807,1260404736,1260408832,4096
808,1260408832,1260412928,4096
809,1260412928,1260417024,4096
810,1260417024,1260421120,4096
811,1260421120,1260425216,4096
805,1260425216,1260428434,3218
804,1260438984,1260441600,2616
812,1260441600,1260445696,4096
813,1260445696,1260449792,4096
814,1260449792,1260453888,4096
815,1260453888,1260457984,4096
816,1260457984,1260462080,4096
817,1260462080,1260466176,4096
818,1260466176,1260470272,4096
819,1260470272,1260474368,4096
820,1260474368,1260478464,4096
821,1260478464,1260482560,4096
822,1260482560,1260486656,4096
823,1260486656,1260490752,4096
824,1260490752,1260494848,4096
825,1260494848,1260498944,4096
826,1260498944,1260503040,4096
5604,1260503040,1260507136,4096
5605,1260507136,1260511232,4096
5606,1260511232,1260515328,4096
5607,1260515328,1260519424,4096
5608,1260519424,1260523520,4096
5609,1260523520,1260527616,4096
5610,1260527616,1260531712,4096
5611,1260531712,1260535808,4096
5612,1260535808,1260539904,4096
5603,1260539904,1260540983,1079
4723,1260756883,1260756992,109
4725,1260756992,1260761088,4096
4726,1260761088,1260765184,4096
4727,1260765184,1260769280,4096
4728,1260769280,1260773376,4096
4729,1260773376,1260777472,4096
4730,1260777472,1260781568,4096
4731,1260781568,1260785664,4096
4732,1260785664,1260789760,4096
4733,1260789760,1260793856,4096
4724,1260793856,1260794938,1082
3443,1260802424,1260806144,3720
3445,1260806144,1260810240,4096
3446,1260810240,1260814336,4096
3447,1260814336,1260818432,4096
3448,1260818432,1260822528,4096
3449,1260822528,1260826624,4096
3450,1260826624,1260830720,4096
3451,1260830720,1260834816,4096
3452,1260834816,1260838912,4096
3442,1260838912,1260840860,1948
3444,1260843278,1260847104,3826
3453,1260847104,1260851200,4096
3454,1260851200,1260855296,4096
3455,1260855296,1260859392,4096
3456,1260859392,1260863488,4096
3457,1260863488,1260867584,4096
3458,1260867584,1260871680,4096
3459,1260871680,1260875776,4096
3460,1260875776,1260879872,4096
3461,1260879872,1260883968,4096
3462,1260883968,1260888064,4096
3463,1260888064,1260892160,4096
3464,1260892160,1260896256,4096
3465,1260896256,1260900352,4096
1620,1260900352,1260904448,4096
1608,1260904448,1260904975,527
1611,1260907617,1260908544,927
1613,1260908544,1260910015,1471
1612,1260919391,1260920832,1441
1621,1260920832,1260924928,4096
1622,1260924928,1260929024,4096
1623,1260929024,1260933120,4096
1624,1260933120,1260937216,4096
1607,1260937216,1260937455,239
1619,1260937721,1260941312,3591
1625,1260941312,1260945408,4096
1626,1260945408,1260949504,4096
1627,1260949504,1260953600,4096
1628,1260953600,1260957696,4096
1629,1260957696,1260961792,4096
1610,1260961792,1260962668,876
1617,1260962926,1260965888,2962
1618,1260965888,1260969189,3301
1609,1260969328,1260969984,656
1630,1260969984,1260974080,4096
1614,1260974080,1260975569,1489
1616,1260975859,1260978176,2317
1615,1260978176,1260980139,1963
4456,1261007858,1261010944,3086
4459,1261010944,1261015040,4096
4460,1261015040,1261019136,4096
4461,1261019136,1261023232,4096
4458,1261023232,1261026570,3338
4455,1261034390,1261035520,1130
4462,1261035520,1261039616,4096
4463,1261039616,1261043712,4096
4464,1261043712,1261047808,4096
4465,1261047808,1261051904,4096
4466,1261051904,1261056000,4096
4467,1261056000,1261060096,4096
4468,1261060096,1261064192,4096
4469,1261064192,1261068288,4096
4470,1261068288,1261072384,4096
4471,1261072384,1261076480,4096
4472,1261076480,1261080576,4096
4473,1261080576,1261084672,4096
4457,1261084672,1261087984,3312
4454,1261088031,1261088768,737
4474,1261088768,1261092864,4096
4475,1261092864,1261096960,4096
4476,1261096960,1261101056,4096
4588,1261101056,1261105152,4096
4589,1261105152,1261109248,4096
4590,1261109248,1261113344,4096
4591,1261113344,1261117440,4096
4592,1261117440,1261121536,4096
4593,1261121536,1261125632,4096
4594,1261125632,1261129728,4096
4595,1261129728,1261133824,4096
4596,1261133824,1261137920,4096
4582,1261137920,1261139463,1543
4587,1261142925,1261146112,3187
4597,1261146112,1261150208,4096
4584,1261150208,1261151978,1770
4586,1261160474,1261162496,2022
4585,1261162496,1261164511,2015
4583,1261181249,1261182976,1727
4598,1261182976,1261187072,4096
4599,1261187072,1261191168,4096
4600,1261191168,1261195264,4096
4601,1261195264,1261199360,4096
4602,1261199360,1261203456,4096
2005,1261203456,1261207552,4096
2006,1261207552,1261211648,4096
2007,1261211648,1261215744,4096
2008,1261215744,1261219840,4096
2009,1261219840,1261223936,4096
2010,1261223936,1261228032,4096
2011,1261228032,1261232128,4096
2012,1261232128,1261236224,4096
2013,1261236224,1261240320,4096
1999,1261240320,1261241600,1280
1997,1261242145,1261242303,158
1998,1261243755,1261244416,661
2014,1261244416,1261248512,4096
2000,1261248512,1261250375,1863
2001,1261266023,1261268992,2969
1996,1261268992,1261269052,60
2004,1261269124,1261273088,3964
2015,1261273088,1261277184,4096
2002,1261277184,1261280590,3406
2003,1261289929,1261293568,3639
2016,1261293568,1261297664,4096
2017,1261297664,1261301760,4096
2623,1261301760,1261305856,4096
2624,1261305856,1261309952,4096
2625,1261309952,1261314048,4096
2626,1261314048,1261318144,4096
2627,1261318144,1261322240,4096
2628,1261322240,1261326336,4096
2629,1261326336,1261330432,4096
2630,1261330432,1261334528,4096
2631,1261334528,1261338624,4096
2618,1261338624,1261338933,309
2621,1261339028,1261342640,3612
2620,1261344271,1261346816,2545
2632,1261346816,1261350912,4096
2633,1261350912,1261355008,4096
2634,1261355008,1261359104,4096
2635,1261359104,1261363200,4096
2636,1261363200,1261367296,4096
2637,1261367296,1261371392,4096
2638,1261371392,1261375488,4096
2639,1261375488,1261379584,4096
2619,1261379584,1261380199,615
2622,1261384155,1261387776,3621
2640,1261387776,1261391872,4096
2641,1261391872,1261395968,4096
2642,1261395968,1261400064,4096
5230,1261400064,1261404160,4096
5231,1261404160,1261408256,4096
5232,1261408256,1261412352,4096
5233,1261412352,1261416448,4096
5226,1261416448,1261418127,1679
5228,1261422713,1261424640,1927
5234,1261424640,1261428736,4096
5235,1261428736,1261432832,4096
5225,1261432832,1261432943,111
5224,1261436872,1261436928,56
5236,1261436928,1261441024,4096
5229,1261441024,1261443310,2286
5227,1261447326,1261449216,1890
5237,1261449216,1261453312,4096
5238,1261453312,1261457408,4096
5239,1261457408,1261461504,4096
5240,1261461504,1261465600,4096
5241,1261465600,1261469696,4096
5242,1261469696,1261473792,4096
5243,1261473792,1261477888,4096
5244,1261477888,1261481984,4096
5245,1261481984,1261486080,4096
5246,1261486080,1261490176,4096
5247,1261490176,1261494272,4096
5248,1261494272,1261498368,4096
5249,1261498368,1261502464,4096
860,1261502464,1261506560,4096
861,1261506560,1261510656,4096
862,1261510656,1261514752,4096
863,1261514752,1261518848,4096
864,1261518848,1261522944,4096
865,1261522944,1261527040,4096
866,1261527040,1261531136,4096
857,1261531136,1261531617,481
859,1261535312,1261539328,4016
867,1261539328,1261543424,4096
868,1261543424,1261547520,4096
869,1261547520,1261551616,4096
870,1261551616,1261555712,4096
871,1261555712,1261559808,4096
872,1261559808,1261563904,4096
873,1261563904,1261568000,4096
874,1261568000,1261572096,4096
875,1261572096,1261576192,4096
876,1261576192,1261580288,4096
856,1261580288,1261580528,240
858,1261583854,1261584384,530
877,1261584384,1261588480,4096
878,1261588480,1261592576,4096
879,1261592576,1261596672,4096
880,1261596672,1261600768,4096
1187,1261600768,1261604864,4096
1188,1261604864,1261608960,4096
1189,1261608960,1261613056,4096
1190,1261613056,1261617152,4096
1191,1261617152,1261621248,4096
1192,1261621248,1261625344,4096
1193,1261625344,1261629440,4096
1194,1261629440,1261633536,4096
1195,1261633536,1261637632,4096
1186,1261637632,1261641084,3452
1196,1261654016,1261658112,4096
1197,1261658112,1261662208,4096
1184,1261662208,1261663763,1555
1185,1261663915,1261666304,2389
1198,1261666304,1261670400,4096
1199,1261670400,1261674496,4096
1200,1261674496,1261678592,4096
1201,1261678592,1261682688,4096
1202,1261682688,1261686784,4096
1203,1261686784,1261690880,4096
1204,1261690880,1261694976,4096
1205,1261694976,1261699072,4096
1206,1261699072,1261703168,4096
4800,1261703168,1261707264,4096
4801,1261707264,1261711360,4096
4802,1261711360,1261715456,4096
4803,1261715456,1261719552,4096
4804,1261719552,1261723648,4096
4805,1261723648,1261727744,4096
4806,1261727744,1261731840,4096
4807,1261731840,1261735936,4096
4808,1261735936,1261740032,4096
4809,1261740032,1261744128,4096
4810,1261744128,1261748224,4096
4811,1261748224,1261752320,4096
4812,1261752320,1261756416,4096
4813,1261756416,1261760512,4096
4814,1261760512,1261764608,4096
4815,1261764608,1261768704,4096
4816,1261768704,1261772800,4096
4817,1261772800,1261776896,4096
4818,1261776896,1261780992,4096
4819,1261780992,1261785088,4096
4820,1261785088,1261789184,4096
4821,1261789184,1261793280,4096
4822,1261793280,1261797376,4096
4823,1261797376,1261801472,4096
1635,1261801472,1261805568,4096
1636,1261805568,1261809664,4096
1637,1261809664,1261813760,4096
1638,1261813760,1261817856,4096
1639,1261817856,1261821952,4096
1640,1261821952,1261826048,4096
1641,1261826048,1261830144,4096
1642,1261830144,1261834240,4096
1643,1261834240,1261838336,4096
1644,1261838336,1261842432,4096
1645,1261842432,1261846528,4096
1633,1261846528,1261848138,1610
1631,1261854659,1261854720,61
1646,1261854720,1261858816,4096
1632,1261858816,1261859271,455
1634,1261859291,1261862912,3621
1647,1261862912,1261867008,4096
1648,1261867008,1261871104,4096
1649,1261871104,1261875200,4096
1650,1261875200,1261879296,4096
1651,1261879296,1261883392,4096
1652,1261883392,1261887488,4096
1653,1261887488,1261891584,4096
1654,1261891584,1261895680,4096
1655,1261895680,1261899776,4096
1656,1261899776,1261903872,4096
4388,1261903872,1261907968,4096
4389,1261907968,1261912064,4096
4390,1261912064,1261916160,4096
4391,1261916160,1261920256,4096
4392,1261920256,1261924352,4096
4393,1261924352,1261928448,4096
4394,1261928448,1261932544,4096
4395,1261932544,1261936640,4096
4396,1261936640,1261940736,4096
4397,1261940736,1261944832,4096
4398,1261944832,1261948928,4096
4399,1261948928,1261953024,4096
4400,1261953024,1261957120,4096
4401,1261957120,1261961216,4096
4402,1261961216,1261965312,4096
4403,1261965312,1261969408,4096
4404,1261969408,1261973504,4096
4405,1261973504,1261977600,4096
4406,1261977600,1261981696,4096
4407,1261981696,1261985792,4096
4408,1261985792,1261989888,4096
4409,1261989888,1261993984,4096
4410,1261993984,1261998080,4096
4411,1261998080,1262002176,4096
3207,1262002176,1262006272,4096
3208,1262006272,1262010368,4096
3209,1262010368,1262014464,4096
3210,1262014464,1262018560,4096
3211,1262018560,1262022656,4096
3212,1262022656,1262026752,4096
3213,1262026752,1262030848,4096
3214,1262030848,1262034944,4096
3215,1262034944,1262039040,4096
3216,1262039040,1262043136,4096
3217,1262043136,1262047232,4096
3218,1262047232,1262051328,4096
3219,1262051328,1262055424,4096
3220,1262055424,1262059520,4096
3221,1262059520,1262063616,4096
3222,1262063616,1262067712,4096
3223,1262067712,1262071808,4096
3224,1262071808,1262075904,4096
3225,1262075904,1262080000,4096
3226,1262080000,1262084096,4096
3227,1262084096,1262088192,4096
3228,1262088192,1262092288,4096
3229,1262092288,1262096384,4096
3230,1262096384,1262100480,4096
1012,1262100480,1262104576,4096
1013,1262104576,1262108672,4096
1014,1262108672,1262112768,4096
1011,1262112774,1262116864,4090
1015,1262116864,1262120960,4096
1016,1262120960,1262125056,4096
1017,1262125056,1262129152,4096
1018,1262129152,1262133248,4096
1019,1262133248,1262137344,4096
1020,1262137344,1262141440,4096
1021,1262141440,1262145536,4096
1022,1262145536,1262149632,4096
1023,1262149632,1262153728,4096
1024,1262153728,1262157824,4096
1025,1262157824,1262161920,4096
1026,1262161920,1262166016,4096
1027,1262166016,1262170112,4096
1028,1262170112,1262174208,4096
1029,1262174208,1262178304,4096
1030,1262178304,1262182400,4096
1031,1262182400,1262186496,4096
1010,1262186496,1262188728,2232
1009,1262198078,1262198784,706
1008,1262198784,1262198857,73
3568,1262200958,1262202880,1922
3574,1262202880,1262206976,4096
3575,1262206976,1262211072,4096
3576,1262211072,1262215168,4096
3577,1262215168,1262219264,4096
3578,1262219264,1262223360,4096
3579,1262223360,1262227456,4096
3571,1262227456,1262230488,3032
3570,1262232415,1262234666,2251
3566,1262239461,1262239744,283
3580,1262239744,1262243840,4096
3581,1262243840,1262247936,4096
3582,1262247936,1262252032,4096
3583,1262252032,1262256128,4096
3584,1262256128,1262260224,4096
3585,1262260224,1262264320,4096
3586,1262264320,1262268416,4096
3587,1262268416,1262272512,4096
3588,1262272512,1262276608,4096
3567,1262276608,1262278048,1440
3572,1262281048,1262284800,3752
3589,1262284800,1262288896,4096
3569,1262288896,1262291081,2185
3573,1262293167,1262297088,3921
3590,1262297088,1262301184,4096
3772,1262301184,1262305280,4096
3773,1262305280,1262309376,4096
3774,1262309376,1262313472,4096
3775,1262313472,1262317568,4096
3776,1262317568,1262321664,4096
3777,1262321664,1262325760,4096
3770,1262325760,1262329171,3411
3765,1262333141,1262333952,811
3767,1262333952,1262335223,1271
3769,1262339557,1262342144,2587
3763,1262342144,1262342302,158
3768,1262352751,1262354432,1681
3778,1262354432,1262358528,4096
3779,1262358528,1262362624,4096
3780,1262362624,1262366720,4096
3781,1262366720,1262370816,4096
3782,1262370816,1262374912,4096
3783,1262374912,1262379008,4096
3764,1262379008,1262379546,538
3766,1262382134,1262383104,970
3784,1262383104,1262387200,4096
3785,1262387200,1262391296,4096
3771,1262391445,1262395392,3947
3786,1262395392,1262399488,4096
3787,1262399488,1262403584,4096
3433,1262403584,1262407680,4096
3434,1262407680,1262411776,4096
3427,1262411776,1262412742,966
3432,1262440555,1262444417,3862
3428,1262459639,1262460928,1289
3426,1262460928,1262461451,523
3431,1262461493,1262465024,3531
3429,1262465024,1262466428,1404
3430,1262471488,1262473216,1728
3435,1262473216,1262477312,4096
3436,1262477312,1262481408,4096
3437,1262481408,1262485504,4096
3438,1262485504,1262489600,4096
3439,1262489600,1262493696,4096
3440,1262493696,1262497792,4096
3441,1262497792,1262501888,4096
1281,1262501888,1262505984,4096
1282,1262505984,1262510080,4096
1283,1262510080,1262514176,4096
1284,1262514176,1262518272,4096
1285,1262518272,1262522368,4096
1286,1262522368,1262526464,4096
1287,1262526464,1262530560,4096
1288,1262530560,1262534656,4096
1289,1262534656,1262538752,4096
1290,1262538752,1262542848,4096
1291,1262542848,1262546944,4096
1292,1262546944,1262551040,4096
1293,1262551040,1262555136,4096
1294,1262555136,1262559232,4096
1295,1262559232,1262563328,4096
1296,1262563328,1262567424,4096
1297,1262567424,1262571520,4096
1298,1262571520,1262575616,4096
1299,1262575616,1262579712,4096
1300,1262579712,1262583808,4096
1301,1262583808,1262587904,4096
1302,1262587904,1262592000,4096
1280,1262592000,1262595363,3363
4672,1262607622,1262608384,762
4678,1262608384,1262612480,4096
4679,1262612480,1262616576,4096
4680,1262616576,1262620672,4096
4670,1262620672,1262620957,285
4676,1262621078,1262624768,3690
4681,1262624768,1262628864,4096
4682,1262628864,1262632960,4096
4683,1262632960,1262637056,4096
4671,1262637056,1262637575,519
4673,1262637758,1262638867,1109
4674,1262642747,1262645248,2501
4684,1262645248,1262649344,4096
4677,1262649344,1262653204,3860
4675,1262653854,1262657536,3682
4685,1262657536,1262661632,4096
4686,1262661632,1262665728,4096
4687,1262665728,1262669824,4096
4688,1262669824,1262673920,4096
4689,1262673920,1262678016,4096
4690,1262678016,1262682112,4096
4691,1262682112,1262686208,4096
4692,1262686208,1262690304,4096
4693,1262690304,1262694400,4096
4694,1262694400,1262698496,4096
4695,1262698496,1262702592,4096
2195,1262702592,1262705801,3209
2193,1262711712,1262713645,1933
2194,1262716081,1262718976,2895
2196,1262718976,1262723072,4096
2197,1262723072,1262727168,4096
2198,1262727168,1262731264,4096
2199,1262731264,1262735360,4096
2200,1262735360,1262739456,4096
2201,1262739456,1262743552,4096
2202,1262743552,1262747648,4096
2203,1262747648,1262751744,4096
2204,1262751744,1262755840,4096
2205,1262755840,1262759936,4096
2206,1262759936,1262764032,4096
2207,1262764032,1262768128,4096
2208,1262768128,1262772224,4096
2192,1262772224,1262772751,527
3467,1262833726,1262837760,4034
3468,1262837760,1262841856,4096
3469,1262841856,1262845952,4096
3470,1262845952,1262850048,4096
3471,1262850048,1262854144,4096
3472,1262854144,1262858240,4096
3473,1262858240,1262862336,4096
3474,1262862336,1262866432,4096
3475,1262866432,1262870528,4096
3476,1262870528,1262874624,4096
3477,1262874624,1262878720,4096
3478,1262878720,1262882816,4096
3479,1262882816,1262886912,4096
3480,1262886912,1262891008,4096
3481,1262891008,1262895104,4096
3482,1262895104,1262899200,4096
3466,1262899200,1262899765,565
1756,1262908706,1262911488,2782
1759,1262911488,1262915584,4096
1760,1262915584,1262919680,4096
1761,1262919680,1262923776,4096
1762,1262923776,1262927872,4096
1763,1262927872,1262931968,4096
1764,1262931968,1262936064,4096
1765,1262936064,1262940160,4096
1766,1262940160,1262944256,4096
1754,1262944256,1262944534,278
1755,1262947448,1262948352,904
1767,1262948352,1262952448,4096
1768,1262952448,1262956544,4096
1769,1262956544,1262960640,4096
1770,1262960640,1262964736,4096
1771,1262964736,1262968832,4096
1757,1262968832,1262972491,3659
1758,1262973087,1262977024,3937
1772,1262977024,1262981120,4096
1773,1262981120,1262985216,4096
1774,1262985216,1262989312,4096
1775,1262989312,1262993408,4096
1776,1262993408,1262997504,4096
1777,1262997504,1263001600,4096
3617,1263001600,1263005696,4096
3618,1263005696,1263009792,4096
3619,1263009792,1263013888,4096
3620,1263013888,1263017984,4096
3621,1263017984,1263022080,4096
3622,1263022080,1263026176,4096
3623,1263026176,1263030272,4096
3624,1263030272,1263034368,4096
3625,1263034368,1263038464,4096
3626,1263038464,1263042560,4096
3627,1263042560,1263046656,4096
3614,1263046656,1263049216,2560
3613,1263077149,1263079424,2275
3616,1263079424,1263083381,3957
3615,1263084917,1263087616,2699
3628,1263087616,1263091712,4096
3629,1263091712,1263095808,4096
3630,1263095808,1263099904,4096
3631,1263099904,1263104000,4096
1685,1263104000,1263108096,4096
1686,1263108096,1263112192,4096
1687,1263112192,1263116288,4096
1688,1263116288,1263120384,4096
1689,1263120384,1263124480,4096
1690,1263124480,1263128576,4096
1691,1263128576,1263132672,4096
1692,1263132672,1263136768,4096
1693,1263136768,1263140864,4096
1694,1263140864,1263144960,4096
1695,1263144960,1263149056,4096
1696,1263149056,1263153152,4096
1697,1263153152,1263157248,4096
1684,1263157248,1263160133,2885
1682,1263164625,1263165440,815
1698,1263165440,1263169536,4096
1699,1263169536,1263173632,4096
1700,1263173632,1263177728,4096
1701,1263177728,1263181824,4096
1681,1263181824,1263181869,45
1683,1263184089,1263185920,1831
1702,1263185920,1263190016,4096
1703,1263190016,1263194112,4096
1704,1263194112,1263198208,4096
1705,1263198208,1263202304,4096
2775,1263202304,1263206400,4096
2776,1263206400,1263210496,4096
2777,1263210496,1263214592,4096
2778,1263214592,1263218688,4096
2779,1263218688,1263222784,4096
2780,1263222784,1263226880,4096
2781,1263226880,1263230976,4096
2772,1263230976,1263233351,2375
2774,1263235820,1263239168,3348
2782,1263239168,1263243264,4096
2770,1263243264,1263245308,2044
2769,1263245572,1263247360,1788
2771,1263247360,1263249495,2135
2768,1263254173,1263255552,1379
2783,1263255552,1263259648,4096
2784,1263259648,1263263744,4096
2785,1263263744,1263267840,4096
2786,1263267840,1263271936,4096
2787,1263271936,1263276032,4096
2788,1263276032,1263280128,4096
2789,1263280128,1263284224,4096
2773,1263284224,1263287036,2812
2762,1263288960,1263289024,64
2763,1263289024,1263289088,64
2764,1263289088,1263289344,256
2765,1263289344,1263290368,1024
2766,1263290368,1263291392,1024
2767,1263291392,1263292416,1024
2790,1263292416,1263296512,4096
2791,1263296512,1263300608,4096
3749,1263300608,1263304704,4096
3750,1263304704,1263308800,4096
3751,1263308800,1263312896,4096
3752,1263312896,1263316992,4096
3753,1263316992,1263321088,4096
3754,1263321088,1263325184,4096
3755,1263325184,1263329280,4096
3746,1263329280,1263330551,1271
3748,1263333826,1263337472,3646
3756,1263337472,1263341568,4096
3757,1263341568,1263345664,4096
3758,1263345664,1263349760,4096
3759,1263349760,1263353856,4096
3760,1263353856,1263357952,4096
3761,1263357952,1263362048,4096
3762,1263362048,1263366144,4096
3747,1263366144,1263368221,2077
2761,1263588386,1263591424,3038
2760,1263591424,1263594319,2895
2759,1263597982,1263599374,1392
673,1263601587,1263601875,288
681,1263612488,1263616000,3512
672,1263616000,1263616279,279
675,1263618943,1263620096,1153
684,1263620096,1263624192,4096
685,1263624192,1263628288,4096
686,1263628288,1263632384,4096
677,1263632384,1263634588,2204
679,1263637798,1263640576,2778
687,1263640576,1263644672,4096
688,1263644672,1263648768,4096
689,1263648768,1263652864,4096
670,1263652864,1263652910,46
678,1263674773,1263677440,2667
680,1263677440,1263680830,3390
674,1263680852,1263681536,684
682,1263681536,1263685120,3584
676,1263688328,1263689728,1400
690,1263689728,1263693824,4096
683,1263693824,1263697638,3814
671,1263697770,1263697920,150
691,1263697920,1263702016,4096
5255,1263702016,1263706112,4096
5256,1263706112,1263710208,4096
5257,1263710208,1263714304,4096
5258,1263714304,1263718400,4096
5259,1263718400,1263722496,4096
5260,1263722496,1263726592,4096
5261,1263726592,1263730688,4096
5262,1263730688,1263734784,4096
5263,1263734784,1263738880,4096
5264,1263738880,1263742976,4096
5265,1263742976,1263747072,4096
5266,1263747072,1263751168,4096
5250,1263751168,1263751884,716
5253,1263752127,1263755264,3137
5267,1263755264,1263759360,4096
5268,1263759360,1263763456,4096
5254,1263763456,1263767422,3966
5251,1263777550,1263779840,2290
5269,1263779840,1263783936,4096
5270,1263783936,1263788032,4096
5271,1263788032,1263792128,4096
5252,1263792128,1263795012,2884
3035,1263806320,1263808512,2192
3036,1263808512,1263812608,4096
3037,1263812608,1263816704,4096
3038,1263816704,1263820800,4096
3039,1263820800,1263824896,4096
3040,1263824896,1263828992,4096
3041,1263828992,1263833088,4096
3042,1263833088,1263837184,4096
3043,1263837184,1263841280,4096
3044,1263841280,1263845376,4096
3045,1263845376,1263849472,4096
3033,1263849472,1263850547,1075
3034,1263855607,1263857664,2057
3046,1263857664,1263861760,4096
3047,1263861760,1263865856,4096
3048,1263865856,1263869952,4096
3049,1263869952,1263874048,4096
3050,1263874048,1263878144,4096
3051,1263878144,1263882240,4096
3052,1263882240,1263886336,4096
3053,1263886336,1263890432,4096
3054,1263890432,1263894528,4096
3055,1263894528,1263898624,4096
3056,1263898624,1263902720,4096
4091,1263902720,1263906816,4096
4092,1263906816,1263910912,4096
4093,1263910912,1263915008,4096
4094,1263915008,1263919104,4096
4095,1263919104,1263923200,4096
4087,1263923200,1263924944,1744
4084,1263942972,1263943680,708
4096,1263943680,1263947776,4096
4097,1263947776,1263951872,4096
4098,1263951872,1263955968,4096
4099,1263955968,1263960064,4096
4086,1263960064,1263961796,1732
4085,1263966840,1263968256,1416
4100,1263968256,1263972352,4096
4101,1263972352,1263976448,4096
4102,1263976448,1263980544,4096
4090,1263980544,1263983837,3293
4088,1263986569,1263988736,2167
4103,1263988736,1263992832,4096
4104,1263992832,1263996928,4096
4089,1263996928,1264000089,3161
4157,1264001857,1264005120,3263
4159,1264005120,1264009216,4096
4154,1264009216,1264011284,2068
4152,1264013167,1264013312,145
4160,1264013312,1264017408,4096
4161,1264017408,1264021504,4096
4162,1264021504,1264025600,4096
4163,1264025600,1264029696,4096
4164,1264029696,1264033792,4096
4165,1264033792,1264037888,4096
4166,1264037888,1264041984,4096
4167,1264041984,1264046080,4096
4153,1264046080,1264046619,539
4151,1264046648,1264046666,18
4158,1264050328,1264054272,3944
4155,1264054272,1264056807,2535
4156,1264063444,1264066560,3116
4168,1264066560,1264070656,4096
4169,1264070656,1264074752,4096
4170,1264074752,1264078848,4096
4171,1264078848,1264082944,4096
4172,1264082944,1264087040,4096
4173,1264087040,1264091136,4096
4174,1264091136,1264095232,4096
4175,1264095232,1264099328,4096
4176,1264099328,1264103424,4096
1156,1264103424,1264107520,4096
1157,1264107520,1264111616,4096
1158,1264111616,1264115712,4096
1150,1264115712,1264115964,252
1151,1264119483,1264119808,325
1159,1264119808,1264123904,4096
1160,1264123904,1264128000,4096
1161,1264128000,1264132096,4096
1162,1264132096,1264136192,4096
1153,1264136192,1264137658,1466
1155,1264145647,1264148480,2833
1163,1264148480,1264152576,4096
1164,1264152576,1264156672,4096
1165,1264156672,1264160768,4096
1166,1264160768,1264164864,4096
1167,1264164864,1264168960,4096
1168,1264168960,1264173056,4096
1169,1264173056,1264177152,4096
1170,1264177152,1264181248,4096
1171,1264181248,1264185344,4096
1152,1264185344,1264186707,1363
1154,1264195637,1264197632,1995
1172,1264197632,1264201728,4096
3509,1264201728,1264205824,4096
3510,1264205824,1264209920,4096
3511,1264209920,1264214016,4096
3512,1264214016,1264218112,4096
3513,1264218112,1264222208,4096
3514,1264222208,1264226304,4096
3515,1264226304,1264230400,4096
3516,1264230400,1264234496,4096
3517,1264234496,1264238592,4096
3518,1264238592,1264242688,4096
3519,1264242688,1264246784,4096
3520,1264246784,1264250880,4096
3521,1264250880,1264254976,4096
3508,1264254976,1264258532,3556
3507,1264294887,1264295936,1049
3522,1264295936,1264300032,4096
2792,1264300032,1264304128,4096
2793,1264304128,1264308224,4096
2794,1264308224,1264312320,4096
2795,1264312320,1264316416,4096
2796,1264316416,1264320512,4096
2797,1264320512,1264324608,4096
2798,1264324608,1264328704,4096
2799,1264328704,1264332800,4096
2800,1264332800,1264336896,4096
2801,1264336896,1264340992,4096
2802,1264340992,1264345088,4096
2803,1264345088,1264349184,4096
2804,1264349184,1264353280,4096
2805,1264353280,1264357376,4096
2806,1264357376,1264361472,4096
2807,1264361472,1264365568,4096
2808,1264365568,1264369664,4096
2809,1264369664,1264373760,4096
2810,1264373760,1264377856,4096
2811,1264377856,1264381952,4096
2812,1264381952,1264386048,4096
2813,1264386048,1264390144,4096
2814,1264390144,1264394240,4096
2815,1264394240,1264398336,4096
2816,1264398336,1264402432,4096
4737,1264402432,1264406528,4096
4738,1264406528,1264410624,4096
4739,1264410624,1264414720,4096
4740,1264414720,1264418816,4096
4741,1264418816,1264422912,4096
4742,1264422912,1264427008,4096
4743,1264427008,1264431104,4096
4744,1264431104,1264435200,4096
4745,1264435200,1264439296,4096
4746,1264439296,1264443392,4096
4747,1264443392,1264447488,4096
4748,1264447488,1264451584,4096
4735,1264451584,1264452541,957
4734,1264468070,1264468276,206
4736,1264468484,1264472064,3580
4749,1264472064,1264476160,4096
4750,1264476160,1264480256,4096
4751,1264480256,1264484352,4096
4752,1264484352,1264488448,4096
4753,1264488448,1264492544,4096
4754,1264492544,1264496640,4096
4755,1264496640,1264500736,4096
990,1264500736,1264504832,4096
991,1264504832,1264508928,4096
992,1264508928,1264513024,4096
993,1264513024,1264517120,4096
994,1264517120,1264521216,4096
995,1264521216,1264525312,4096
986,1264525312,1264528206,2894
987,1264534237,1264537600,3363
996,1264537600,1264541696,4096
997,1264541696,1264545792,4096
984,1264545792,1264547741,1949
985,1264547790,1264549888,2098
998,1264549888,1264553984,4096
999,1264553984,1264558080,4096
1000,1264558080,1264562176,4096
1001,1264562176,1264566272,4096
1002,1264566272,1264570368,4096
982,1264570368,1264570812,444
988,1264570898,1264574464,3566
983,1264574464,1264575694,1230
989,1264578718,1264582656,3938
1003,1264582656,1264586752,4096
1004,1264586752,1264590848,4096
1005,1264590848,1264594944,4096
1006,1264594944,1264599040,4096
1007,1264599040,1264603136,4096
3335,1264603136,1264607232,4096
3332,1264607232,1264610469,3237
3334,1264612159,1264615424,3265
3336,1264615424,1264619520,4096
3337,1264619520,1264623616,4096
3338,1264623616,1264627712,4096
3339,1264627712,1264631808,4096
3340,1264631808,1264635904,4096
3341,1264635904,1264640000,4096
3342,1264640000,1264644096,4096
3343,1264644096,1264648192,4096
3331,1264648192,1264651022,2830
3333,1264653129,1264656384,3255
3344,1264656384,1264660480,4096
3345,1264660480,1264664576,4096
3346,1264664576,1264668672,4096
3347,1264668672,1264672768,4096
3348,1264672768,1264676864,4096
3349,1264676864,1264680960,4096
3329,1264680960,1264682801,1841
3330,1264682991,1264685056,2065
3350,1264685056,1264689152,4096
3351,1264689152,1264693248,4096
3352,1264693248,1264697344,4096
3353,1264697344,1264701440,4096
963,1264701440,1264705536,4096
964,1264705536,1264709632,4096
965,1264709632,1264713728,4096
966,1264713728,1264717824,4096
967,1264717824,1264721920,4096
968,1264721920,1264726016,4096
969,1264726016,1264730112,4096
970,1264730112,1264734208,4096
971,1264734208,1264738304,4096
972,1264738304,1264742400,4096
973,1264742400,1264746496,4096
974,1264746496,1264750592,4096
975,1264750592,1264754688,4096
976,1264754688,1264758784,4096
977,1264758784,1264762880,4096
978,1264762880,1264766976,4096
960,1264766976,1264769385,2409
959,1264783968,1264784647,679
961,1264784753,1264787456,2703
979,1264787456,1264791552,4096
958,1264791552,1264791696,144
962,1264792615,1264795648,3033
980,1264795648,1264799744,4096
981,1264799744,1264803840,4096
493,1264803840,1264805905,2065
492,1264806007,1264807936,1929
496,1264807936,1264812032,4096
497,1264812032,1264816128,4096
498,1264816128,1264820224,4096
488,1264820224,1264820328,104
491,1264822400,1264824320,1920
499,1264824320,1264828416,4096
500,1264828416,1264832512,4096
501,1264832512,1264836608,4096
502,1264836608,1264840704,4096
503,1264840704,1264844800,4096
504,1264844800,1264848896,4096
505,1264848896,1264852992,4096
506,1264852992,1264857088,4096
507,1264857088,1264861184,4096
494,1264861184,1264863307,2123
490,1264885288,1264885760,472
508,1264885760,1264889856,4096
489,1264889856,1264889985,129
495,1264895816,1264898048,2232
509,1264898048,1264902144,4096
2391,1264902144,1264906240,4096
2392,1264906240,1264910336,4096
2393,1264910336,1264914432,4096
2394,1264914432,1264918528,4096
2395,1264918528,1264922624,4096
2386,1264922624,1264924637,2013
2389,1264927797,1264930816,3019
2396,1264930816,1264934912,4096
2397,1264934912,1264939008,4096
2398,1264939008,1264943104,4096
2399,1264943104,1264947200,4096
2400,1264947200,1264951296,4096
2401,1264951296,1264955392,4096
2402,1264955392,1264959488,4096
2390,1264959488,1264962693,3205
2385,1264967213,1264967680,467
2388,1264967680,1264970252,2572
2387,1264977676,1264979968,2292
2403,1264979968,1264984064,4096
2404,1264984064,1264988160,4096
2405,1264988160,1264992256,4096
2406,1264992256,1264996352,4096
2407,1264996352,1265000448,4096
4068,1265000448,1265004544,4096
4069,1265004544,1265008640,4096
4070,1265008640,1265012736,4096
4071,1265012736,1265016832,4096
4072,1265016832,1265020928,4096
4073,1265020928,1265025024,4096
4063,1265025024,1265025129,105
4064,1265046699,1265046949,250
4067,1265047349,1265049600,2251
4066,1265049600,1265050822,1222
4065,1265061519,1265061888,369
4074,1265061888,1265065984,4096
4075,1265065984,1265070080,4096
4076,1265070080,1265074176,4096
4077,1265074176,1265078272,4096
4078,1265078272,1265082368,4096
4079,1265082368,1265086464,4096
4080,1265086464,1265090560,4096
4081,1265090560,1265094656,4096
4082,1265094656,1265098752,4096
4083,1265098752,1265102848,4096
4208,1265102848,1265106172,3324
4202,1265106244,1265106944,700
4210,1265106944,1265111040,4096
4211,1265111040,1265115136,4096
4212,1265115136,1265119232,4096
4213,1265119232,1265123328,4096
4214,1265123328,1265127424,4096
4215,1265127424,1265131520,4096
4205,1265131520,1265133146,1626
4209,1265140477,1265143808,3331
4216,1265143808,1265147904,4096
4203,1265147904,1265148772,868
4207,1265148816,1265152000,3184
4204,1265152000,1265152964,964
4206,1265153188,1265156096,2908
4217,1265156096,1265160192,4096
4218,1265160192,1265164288,4096
4219,1265164288,1265168384,4096
4220,1265168384,1265172480,4096
4221,1265172480,1265176576,4096
4222,1265176576,1265180672,4096
4223,1265180672,1265184768,4096
4224,1265184768,1265188864,4096
4225,1265188864,1265192960,4096
4226,1265192960,1265197056,4096
4227,1265197056,1265201152,4096
2213,1265201152,1265205248,4096
2212,1265205248,1265209024,3776
2209,1265212711,1265213440,729
2214,1265213440,1265217536,4096
2215,1265217536,1265221632,4096
2216,1265221632,1265225728,4096
2217,1265225728,1265229824,4096
2218,1265229824,1265233920,4096
2219,1265233920,1265238016,4096
2220,1265238016,1265242112,4096
2221,1265242112,1265246208,4096
2222,1265246208,1265250304,4096
2223,1265250304,1265254400,4096
2224,1265254400,1265258496,4096
2225,1265258496,1265262592,4096
2211,1265262592,1265265256,2664
2210,1265265425,1265266688,1263
2226,1265266688,1265270784,4096
2227,1265270784,1265274880,4096
2228,1265274880,1265278976,4096
2229,1265278976,1265283072,4096
2230,1265283072,1265287168,4096
2231,1265287168,1265291264,4096
2232,1265291264,1265295360,4096
2233,1265295360,1265299456,4096
2234,1265299456,1265303552,4096
3697,1265303552,1265307648,4096
3698,1265307648,1265311744,4096
3699,1265311744,1265315840,4096
3700,1265315840,1265319936,4096
3701,1265319936,1265324032,4096
3702,1265324032,1265328128,4096
3703,1265328128,1265332224,4096
3704,1265332224,1265336320,4096
3705,1265336320,1265340416,4096
3706,1265340416,1265344512,4096
3707,1265344512,1265348608,4096
3708,1265348608,1265352704,4096
3709,1265352704,1265356800,4096
3710,1265356800,1265360896,4096
3711,1265360896,1265364992,4096
3712,1265364992,1265369088,4096
3713,1265369088,1265373184,4096
3714,1265373184,1265377280,4096
3715,1265377280,1265381376,4096
3716,1265381376,1265385472,4096
3717,1265385472,1265389568,4096
3718,1265389568,1265393664,4096
3719,1265393664,1265397760,4096
3696,1265397760,1265400128,2368
378,1265414825,1265418240,3415
380,1265418240,1265422336,4096
381,1265422336,1265426432,4096
382,1265426432,1265430528,4096
376,1265430528,1265431561,1033
379,1265435146,1265438720,3574
383,1265438720,1265442816,4096
384,1265442816,1265446912,4096
385,1265446912,1265451008,4096
386,1265451008,1265455104,4096
387,1265455104,1265459200,4096
388,1265459200,1265463296,4096
389,1265463296,1265467392,4096
375,1265467392,1265468268,876
377,1265488975,1265491968,2993
390,1265491968,1265496064,4096
391,1265496064,1265500160,4096
3166,1265500160,1265502571,2411
3167,1265505452,1265508352,2900
3162,1265508352,1265509298,946
3168,1265509533,1265512448,2915
3173,1265512448,1265516544,4096
3174,1265516544,1265520640,4096
3161,1265520640,1265521063,423
3170,1265525301,1265528832,3531
3175,1265528832,1265532928,4096
3176,1265532928,1265537024,4096
3177,1265537024,1265541120,4096
3178,1265541120,1265545216,4096
3171,1265545216,1265548849,3633
3164,1265555332,1265557504,2172
3179,1265557504,1265561600,4096
3163,1265561600,1265563391,1791
3172,1265565920,1265569792,3872
3169,1265569792,1265572779,2987
3160,1265575568,1265575649,81
3165,1265575691,1265577984,2293
3180,1265577984,1265582080,4096
3181,1265582080,1265586176,4096
3182,1265586176,1265590272,4096
3183,1265590272,1265594368,4096
3184,1265594368,1265598464,4096
3185,1265598464,1265602560,4096
5904,1265602560,1265606656,4096
5898,1265606656,1265607164,508
5900,1265616712,1265618944,2232
5905,1265618944,1265623040,4096
5902,1265623040,1265626074,3034
5901,1265649130,1265651712,2582
5906,1265651712,1265655808,4096
5903,1265655808,1265659812,4004
5899,1265661846,1265664000,2154
5907,1265664000,1265668096,4096
5908,1265668096,1265672192,4096
5909,1265672192,1265676288,4096
5910,1265676288,1265680384,4096
5911,1265680384,1265684480,4096
5912,1265684480,1265688576,4096
5913,1265688576,1265692672,4096
5914,1265692672,1265696768,4096
5915,1265696768,1265700864,4096
250,1265700864,1265704960,4096
251,1265704960,1265709056,4096
252,1265709056,1265713152,4096
253,1265713152,1265717248,4096
254,1265717248,1265721344,4096
255,1265721344,1265725440,4096
256,1265725440,1265729536,4096
257,1265729536,1265733632,4096
258,1265733632,1265737728,4096
259,1265737728,1265741824,4096
260,1265741824,1265745920,4096
248,1265745920,1265747952,2032
247,1265752605,1265754112,1507
249,1265754112,1265756344,2232
308,1265853330,1265856512,3182
310,1265856512,1265860608,4096
311,1265860608,1265864704,4096
307,1265864704,1265865245,541
309,1265865273,1265868800,3527
312,1265868800,1265872896,4096
313,1265872896,1265876992,4096
314,1265876992,1265881088,4096
315,1265881088,1265885184,4096
316,1265885184,1265889280,4096
317,1265889280,1265893376,4096
318,1265893376,1265897472,4096
319,1265897472,1265901568,4096
1866,1265901568,1265905664,4096
1867,1265905664,1265909760,4096
1868,1265909760,1265913856,4096
1869,1265913856,1265917952,4096
1870,1265917952,1265922048,4096
1871,1265922048,1265926144,4096
1872,1265926144,1265930240,4096
1873,1265930240,1265934336,4096
1874,1265934336,1265938432,4096
1875,1265938432,1265942528,4096
1876,1265942528,1265946624,4096
1877,1265946624,1265950720,4096
1878,1265950720,1265954816,4096
1879,1265954816,1265958912,4096
1880,1265958912,1265963008,4096
1881,1265963008,1265967104,4096
1882,1265967104,1265971200,4096
1883,1265971200,1265975296,4096
1884,1265975296,1265979392,4096
1885,1265979392,1265983488,4096
1886,1265983488,1265987584,4096
1887,1265987584,1265991680,4096
1888,1265991680,1265995776,4096
1889,1265995776,1265999872,4096
1865,1265999872,1266001262,1390
4628,1266006420,1266008064,1644
4635,1266008064,1266012160,4096
4636,1266012160,1266016256,4096
4637,1266016256,1266020352,4096
4638,1266020352,1266024448,4096
4639,1266024448,1266028544,4096
4640,1266028544,1266032640,4096
4641,1266032640,1266036736,4096
4642,1266036736,1266040832,4096
4643,1266040832,1266044928,4096
4632,1266044928,1266048279,3351
4631,1266054049,1266057216,3167
4644,1266057216,1266061312,4096
4633,1266061312,1266064786,3474
4629,1266067317,1266069504,2187
4634,1266069504,1266073316,3812
4627,1266097079,1266098176,1097
4630,1266098176,1266100380,2204
1034,1266100641,1266102272,1631
1037,1266102272,1266106368,4096
1038,1266106368,1266110464,4096
1039,1266110464,1266114560,4096
1035,1266114560,1266116302,1742
1036,1266124319,1266126848,2529
1040,1266126848,1266130944,4096
1041,1266130944,1266135040,4096
1042,1266135040,1266139136,4096
1043,1266139136,1266143232,4096
1044,1266143232,1266147328,4096
1045,1266147328,1266151424,4096
1046,1266151424,1266155520,4096
1047,1266155520,1266159616,4096
1048,1266159616,1266163712,4096
1049,1266163712,1266167808,4096
1050,1266167808,1266171904,4096
1051,1266171904,1266176000,4096
1052,1266176000,1266180096,4096
1053,1266180096,1266184192,4096
1054,1266184192,1266188288,4096
1033,1266188288,1266188642,354
1032,1266196469,1266196480,11
1055,1266196480,1266200576,4096
5684,1266200576,1266204672,4096
5685,1266204672,1266208768,4096
5686,1266208768,1266212864,4096
5687,1266212864,1266216960,4096
5688,1266216960,1266221056,4096
5689,1266221056,1266225152,4096
5690,1266225152,1266229248,4096
5682,1266229248,1266232566,3318
5680,1266232751,1266233344,593
5691,1266233344,1266237440,4096
5692,1266237440,1266241536,4096
5693,1266241536,1266245632,4096
5694,1266245632,1266249728,4096
5695,1266249728,1266253824,4096
5681,1266253824,1266257083,3259
5683,1266270670,1266274304,3634
5696,1266274304,1266278400,4096
5697,1266278400,1266282496,4096
5698,1266282496,1266286592,4096
5699,1266286592,1266290688,4096
5700,1266290688,1266294784,4096
5701,1266294784,1266298880,4096
5702,1266298880,1266302976,4096
4130,1266302976,1266307072,4096
4131,1266307072,1266311168,4096
4132,1266311168,1266315264,4096
4133,1266315264,1266319360,4096
4134,1266319360,1266323456,4096
4135,1266323456,1266327552,4096
4136,1266327552,1266331648,4096
4137,1266331648,1266335744,4096
4138,1266335744,1266339840,4096
4129,1266339840,1266342818,2978
4128,1266350404,1266352128,1724
4139,1266352128,1266356224,4096
4140,1266356224,1266360320,4096
4141,1266360320,1266364416,4096
4142,1266364416,1266368512,4096
4143,1266368512,1266372608,4096
4144,1266372608,1266376704,4096
4145,1266376704,1266380800,4096
4146,1266380800,1266384896,4096
4147,1266384896,1266388992,4096
4148,1266388992,1266393088,4096
4149,1266393088,1266397184,4096
4150,1266397184,1266401280,4096
155,1266401280,1266405376,4096
156,1266405376,1266409472,4096
157,1266409472,1266413568,4096
158,1266413568,1266417664,4096
159,1266417664,1266421760,4096
160,1266421760,1266425856,4096
161,1266425856,1266429952,4096
162,1266429952,1266434048,4096
163,1266434048,1266438144,4096
164,1266438144,1266442240,4096
165,1266442240,1266446336,4096
166,1266446336,1266450432,4096
167,1266450432,1266454528,4096
168,1266454528,1266458624,4096
154,1266458624,1266460304,1680
151,1266466233,1266466816,583
169,1266466816,1266470912,4096
170,1266470912,1266475008,4096
171,1266475008,1266479104,4096
172,1266479104,1266483200,4096
173,1266483200,1266487296,4096
174,1266487296,1266491392,4096
152,1266491392,1266492220,828
153,1266493809,1266495488,1679
175,1266495488,1266499584,4096
176,1266499584,1266503680,4096
883,1266503680,1266507776,4096
884,1266507776,1266511872,4096
882,1266511872,1266514074,2202
881,1266519189,1266520064,875
885,1266520064,1266524160,4096
886,1266524160,1266528256,4096
887,1266528256,1266532352,4096
888,1266532352,1266536448,4096
889,1266536448,1266540544,4096
890,1266540544,1266544640,4096
891,1266544640,1266548736,4096
892,1266548736,1266552832,4096
893,1266552832,1266556928,4096
894,1266556928,1266561024,4096
895,1266561024,1266565120,4096
896,1266565120,1266569216,4096
897,1266569216,1266573312,4096
898,1266573312,1266577408,4096
899,1266577408,1266581504,4096
900,1266581504,1266585600,4096
901,1266585600,1266589696,4096
902,1266589696,1266593792,4096
903,1266593792,1266597888,4096
904,1266597888,1266601984,4096
5394,1266601984,1266606021,4037
5391,1266613720,1266614272,552
5395,1266614272,1266618368,4096
5396,1266618368,1266622464,4096
5397,1266622464,1266626560,4096
5398,1266626560,1266630656,4096
5399,1266630656,1266634752,4096
5400,1266634752,1266638848,4096
5401,1266638848,1266642944,4096
5402,1266642944,1266647040,4096
5403,1266647040,1266651136,4096
5404,1266651136,1266655232,4096
5405,1266655232,1266659328,4096
5406,1266659328,1266663424,4096
5407,1266663424,1266667520,4096
5408,1266667520,1266671616,4096
5409,1266671616,1266675712,4096
5393,1266675712,1266677801,2089
5392,1266699635,1266700288,653
5274,1266700288,1266704384,4096
5275,1266704384,1266708480,4096
5276,1266708480,1266712576,4096
5277,1266712576,1266716672,4096
5278,1266716672,1266720768,4096
5279,1266720768,1266724864,4096
5280,1266724864,1266728960,4096
5281,1266728960,1266733056,4096
5282,1266733056,1266737152,4096
5283,1266737152,1266741248,4096
5284,1266741248,1266745344,4096
5285,1266745344,1266749440,4096
5286,1266749440,1266753536,4096
5287,1266753536,1266757632,4096
5288,1266757632,1266761728,4096
5289,1266761728,1266765824,4096
5290,1266765824,1266769920,4096
5291,1266769920,1266774016,4096
5292,1266774016,1266778112,4096
5293,1266778112,1266782208,4096
5294,1266782208,1266786304,4096
5273,1266786304,1266789671,3367
5272,1266793981,1266794496,515
5295,1266794496,1266798592,4096
5296,1266798592,1266802688,4096
1958,1266802688,1266806784,4096
1952,1266806784,1266806995,211
1954,1266821620,1266823168,1548
1955,1266823168,1266824931,1763
1956,1266825099,1266827264,2165
1953,1266827264,1266828197,933
1957,1266832906,1266835456,2550
1959,1266835456,1266839552,4096
1960,1266839552,1266843648,4096
1961,1266843648,1266847744,4096
1962,1266847744,1266851840,4096
1963,1266851840,1266855936,4096
1964,1266855936,1266860032,4096
1965,1266860032,1266864128,4096
1966,1266864128,1266868224,4096
1950,1266868224,1266868240,16
1951,1266884413,1266884608,195
1967,1266884608,1266888704,4096
1968,1266888704,1266892800,4096
1969,1266892800,1266896896,4096
1970,1266896896,1266900992,4096
4250,1266900992,1266905088,4096
4251,1266905088,1266909184,4096
4252,1266909184,1266913280,4096
4253,1266913280,1266917376,4096
4254,1266917376,1266921472,4096
4255,1266921472,1266925568,4096
4256,1266925568,1266929664,4096
4257,1266929664,1266933760,4096
4258,1266933760,1266937856,4096
4259,1266937856,1266941952,4096
4260,1266941952,1266946048,4096
4261,1266946048,1266950144,4096
4262,1266950144,1266954240,4096
4263,1266954240,1266958336,4096
4264,1266958336,1266962432,4096
4265,1266962432,1266966528,4096
4266,1266966528,1266970624,4096
4267,1266970624,1266974720,4096
4268,1266974720,1266978816,4096
4269,1266978816,1266982912,4096
4270,1266982912,1266987008,4096
4271,1266987008,1266991104,4096
4272,1266991104,1266995200,4096
4273,1266995200,1266999296,4096
4274,1266999296,1267003392,4096
28,1267003392,1267007488,4096
29,1267007488,1267011584,4096
30,1267011584,1267015680,4096
31,1267015680,1267019776,4096
32,1267019776,1267023872,4096
33,1267023872,1267027968,4096
34,1267027968,1267032064,4096
35,1267032064,1267036160,4096
36,1267036160,1267040256,4096
37,1267040256,1267044352,4096
38,1267044352,1267048448,4096
39,1267048448,1267052544,4096
40,1267052544,1267056640,4096
41,1267056640,1267060736,4096
42,1267060736,1267064832,4096
43,1267064832,1267068928,4096
44,1267068928,1267073024,4096
45,1267073024,1267077120,4096
46,1267077120,1267081216,4096
47,1267081216,1267085312,4096
48,1267085312,1267089408,4096
49,1267089408,1267093504,4096
50,1267093504,1267097600,4096
51,1267097600,1267101696,4096
394,1267101696,1267105792,4096
395,1267105792,1267109888,4096
396,1267109888,1267113984,4096
397,1267113984,1267118080,4096
398,1267118080,1267122176,4096
399,1267122176,1267126272,4096
400,1267126272,1267130368,4096
401,1267130368,1267134464,4096
402,1267134464,1267138560,4096
392,1267138560,1267140540,1980
393,1267159681,1267163136,3455
403,1267163136,1267167232,4096
404,1267167232,1267171328,4096
405,1267171328,1267175424,4096
406,1267175424,1267179520,4096
407,1267179520,1267183616,4096
408,1267183616,1267187712,4096
409,1267187712,1267191808,4096
410,1267191808,1267195904,4096
411,1267195904,1267200000,4096
5919,1267200000,1267204096,4096
5920,1267204096,1267208192,4096
5917,1267208192,1267210881,2689
5918,1267216697,1267220480,3783
5921,1267220480,1267224576,4096
5922,1267224576,1267228672,4096
5923,1267228672,1267232768,4096
5924,1267232768,1267236864,4096
5925,1267236864,1267240960,4096
5926,1267240960,1267245056,4096
5927,1267245056,1267249152,4096
5928,1267249152,1267253248,4096
5929,1267253248,1267257344,4096
5930,1267257344,1267261440,4096
5931,1267261440,1267265536,4096
5932,1267265536,1267269632,4096
5933,1267269632,1267273728,4096
5934,1267273728,1267277824,4096
5935,1267277824,1267281920,4096
5916,1267281920,1267282830,910
3958,1267318201,1267318694,493
3960,1267320520,1267322880,2360
3962,1267322880,1267326976,4096
3963,1267326976,1267331072,4096
3964,1267331072,1267335168,4096
3965,1267335168,1267339264,4096
3966,1267339264,1267343360,4096
3967,1267343360,1267347456,4096
3968,1267347456,1267351552,4096
3969,1267351552,1267355648,4096
3970,1267355648,1267359744,4096
3971,1267359744,1267363840,4096
3972,1267363840,1267367936,4096
3973,1267367936,1267372032,4096
3974,1267372032,1267376128,4096
3961,1267376128,1267378579,2451
3957,1267380081,1267380224,143
3975,1267380224,1267384320,4096
3976,1267384320,1267388416,4096
3977,1267388416,1267392512,4096
3978,1267392512,1267396608,4096
3959,1267396608,1267397652,1044
3255,1267404266,1267404800,534
3258,1267404800,1267408896,4096
3259,1267408896,1267412992,4096
3260,1267412992,1267417088,4096
3261,1267417088,1267421184,4096
3262,1267421184,1267425280,4096
3263,1267425280,1267429376,4096
3264,1267429376,1267433472,4096
3265,1267433472,1267437568,4096
3266,1267437568,1267441664,4096
3267,1267441664,1267445760,4096
3268,1267445760,1267449856,4096
3269,1267449856,1267453952,4096
3270,1267453952,1267458048,4096
3271,1267458048,1267462144,4096
3272,1267462144,1267466240,4096
3273,1267466240,1267470336,4096
3274,1267470336,1267474432,4096
3275,1267474432,1267478528,4096
3276,1267478528,1267482624,4096
3277,1267482624,1267486720,4096
3257,1267486720,1267489102,2382
3256,1267493646,1267494912,1266
3278,1267494912,1267499008,4096
3279,1267499008,1267503104,4096
1134,1267503104,1267507200,4096
1135,1267507200,1267511296,4096
1136,1267511296,1267515392,4096
1129,1267515392,1267518707,3315
1126,1267519404,1267519488,84
1137,1267519488,1267523584,4096
1138,1267523584,1267527680,4096
1132,1267527680,1267531708,4028
1130,1267532228,1267535872,3644
1139,1267535872,1267539968,4096
1140,1267539968,1267544064,4096
1141,1267544064,1267548160,4096
1142,1267548160,1267552256,4096
1127,1267552256,1267553052,796
1131,1267556504,1267560448,3944
1143,1267560448,1267564544,4096
1144,1267564544,1267568640,4096
1145,1267568640,1267572736,4096
1146,1267572736,1267576832,4096
1147,1267576832,1267580928,4096
1148,1267580928,1267585024,4096
1133,1267585024,1267589093,4069
1128,1267594722,1267597312,2590
1149,1267597312,1267601408,4096
1971,1267601408,1267605504,4096
1972,1267605504,1267609600,4096
1973,1267609600,1267613696,4096
1974,1267613696,1267617792,4096
1975,1267617792,1267621888,4096
1976,1267621888,1267625984,4096
1977,1267625984,1267630080,4096
1978,1267630080,1267634176,4096
1979,1267634176,1267638272,4096
1980,1267638272,1267642368,4096
1981,1267642368,1267646464,4096
1982,1267646464,1267650560,4096
1983,1267650560,1267654656,4096
1984,1267654656,1267658752,4096
1985,1267658752,1267662848,4096
1986,1267662848,1267666944,4096
1987,1267666944,1267671040,4096
1988,1267671040,1267675136,4096
1989,1267675136,1267679232,4096
1990,1267679232,1267683328,4096
1991,1267683328,1267687424,4096
1992,1267687424,1267691520,4096
1993,1267691520,1267695616,4096
1994,1267695616,1267699712,4096
1995,1267699712,1267703808,4096
5940,1267703808,1267707904,4096
5941,1267707904,1267712000,4096
5942,1267712000,1267716096,4096
5943,1267716096,1267720192,4096
5944,1267720192,1267724288,4096
5945,1267724288,1267728384,4096
5946,1267728384,1267732480,4096
5947,1267732480,1267736576,4096
5948,1267736576,1267740672,4096
5949,1267740672,1267744768,4096
5950,1267744768,1267748864,4096
5951,1267748864,1267752960,4096
5952,1267752960,1267757056,4096
5937,1267757056,1267758249,1193
5939,1267766243,1267769344,3101
5953,1267769344,1267773440,4096
5936,1267773440,1267774189,749
5938,1267779304,1267781632,2328
5954,1267781632,1267785728,4096
5955,1267785728,1267789824,4096
5956,1267789824,1267793920,4096
5957,1267793920,1267798016,4096
5958,1267798016,1267802112,4096
119,1267802112,1267806208,4096
120,1267806208,1267810304,4096
116,1267810304,1267812037,1733
115,1267817638,1267818496,858
118,1267818496,1267821274,2778
114,1267822123,1267822592,469
121,1267822592,1267826688,4096
122,1267826688,1267830784,4096
123,1267830784,1267834880,4096
113,1267834880,1267835278,398
112,1267840602,1267840989,387
117,1267841084,1267843072,1988
124,1267843072,1267847168,4096
125,1267847168,1267851264,4096
126,1267851264,1267855360,4096
127,1267855360,1267859456,4096
128,1267859456,1267863552,4096
129,1267863552,1267867648,4096
130,1267867648,1267871744,4096
131,1267871744,1267875840,4096
132,1267875840,1267879936,4096
133,1267879936,1267884032,4096
111,1267884032,1267884092,60
4180,1267911345,1267912704,1359
4186,1267912704,1267916800,4096
4187,1267916800,1267920896,4096
4188,1267920896,1267924992,4096
4189,1267924992,1267929088,4096
4182,1267929088,1267931307,2219
4181,1267931347,1267933184,1837
4190,1267933184,1267937280,4096
4191,1267937280,1267941376,4096
4192,1267941376,1267945472,4096
4193,1267945472,1267949568,4096
4194,1267949568,1267953664,4096
4195,1267953664,1267957760,4096
4196,1267957760,1267961856,4096
4183,1267961856,1267964860,3004
4177,1267965721,1267965952,231
4197,1267965952,1267970048,4096
4198,1267970048,1267974144,4096
4199,1267974144,1267978240,4096
4200,1267978240,1267982336,4096
4201,1267982336,1267986432,4096
4184,1267986432,1267989555,3123
4179,1267998057,1267998720,663
4178,1267998720,1267999077,357
4185,1267999308,1268002816,3508
3238,1268002816,1268006912,4096
3239,1268006912,1268011008,4096
3240,1268011008,1268015104,4096
3241,1268015104,1268019200,4096
3242,1268019200,1268023296,4096
3243,1268023296,1268027392,4096
3244,1268027392,1268031488,4096
3245,1268031488,1268035584,4096
3246,1268035584,1268039680,4096
3237,1268039680,1268042986,3306
3234,1268045773,1268047872,2099
3247,1268047872,1268051968,4096
3248,1268051968,1268056064,4096
3249,1268056064,1268060160,4096
3250,1268060160,1268064256,4096
3233,1268064256,1268066034,1778
3236,1268078136,1268080640,2504
3232,1268080640,1268081990,1350
3231,1268082318,1268082494,176
3235,1268082513,1268084736,2223
3251,1268084736,1268088832,4096
3252,1268088832,1268092928,4096
3253,1268092928,1268097024,4096
3254,1268097024,1268101120,4096
2825,1268101120,1268105216,4096
2826,1268105216,1268109312,4096
2827,1268109312,1268113408,4096
2828,1268113408,1268117504,4096
2818,1268117504,1268118524,1020
2820,1268118596,1268121600,3004
2824,1268121600,1268125093,3493
2817,1268125184,1268125696,512
2829,1268125696,1268129792,4096
2830,1268129792,1268133888,4096
2831,1268133888,1268137984,4096
2832,1268137984,1268142080,4096
2833,1268142080,1268146176,4096
2822,1268146176,1268149397,3221
2819,1268160587,1268162560,1973
2834,1268162560,1268166656,4096
2835,1268166656,1268170752,4096
2836,1268170752,1268174848,4096
2837,1268174848,1268178944,4096
2838,1268178944,1268183040,4096
2821,1268183040,1268186242,3202
2823,1268187806,1268191232,3426
2839,1268191232,1268195328,4096
2840,1268195328,1268199424,4096
2841,1268199424,1268203520,4096
326,1268203520,1268207616,4096
327,1268207616,1268211712,4096
328,1268211712,1268215808,4096
320,1268215808,1268215903,95
322,1268230068,1268232192,2124
329,1268232192,1268236288,4096
323,1268236288,1268238822,2534
324,1268241608,1268244480,2872
330,1268244480,1268248576,4096
331,1268248576,1268252672,4096
332,1268252672,1268256768,4096
333,1268256768,1268260864,4096
334,1268260864,1268264960,4096
335,1268264960,1268269056,4096
336,1268269056,1268273152,4096
337,1268273152,1268277248,4096
321,1268277248,1268279299,2051
325,1268281886,1268285440,3554
338,1268285440,1268289536,4096
339,1268289536,1268293632,4096
340,1268293632,1268297728,4096
341,1268297728,1268301824,4096
3660,1268301824,1268305920,4096
3661,1268305920,1268310016,4096
3655,1268310016,1268311356,1340
3658,1268312132,1268314112,1980
3662,1268314112,1268318208,4096
3663,1268318208,1268322304,4096
3664,1268322304,1268326400,4096
3665,1268326400,1268330496,4096
3656,1268330496,1268331861,1365
3654,1268334202,1268334592,390
3666,1268334592,1268338688,4096
3667,1268338688,1268342784,4096
3668,1268342784,1268346880,4096
3669,1268346880,1268350976,4096
3670,1268350976,1268355072,4096
3671,1268355072,1268359168,4096
3672,1268359168,1268363264,4096
3673,1268363264,1268367360,4096
3653,1268367360,1268367603,243
3657,1268369593,1268371456,1863
3674,1268371456,1268375552,4096
3675,1268375552,1268379648,4096
3676,1268379648,1268383744,4096
3677,1268383744,1268387840,4096
3678,1268387840,1268391936,4096
3679,1268391936,1268396032,4096
3659,1268396032,1268400028,3996
1426,1268404792,1268408320,3528
1428,1268408320,1268412416,4096
1429,1268412416,1268416512,4096
1427,1268416512,1268420276,3764
1423,1268429063,1268430908,1845
1424,1268431044,1268432896,1852
1430,1268432896,1268436992,4096
1431,1268436992,1268441088,4096
1432,1268441088,1268445184,4096
1433,1268445184,1268449280,4096
1434,1268449280,1268453376,4096
1435,1268453376,1268457472,4096
1436,1268457472,1268461568,4096
1437,1268461568,1268465664,4096
1438,1268465664,1268469760,4096
1439,1268469760,1268473856,4096
1440,1268473856,1268477952,4096
1441,1268477952,1268482048,4096
1442,1268482048,1268486144,4096
1425,1268486144,1268488827,2683
9,1268503993,1268506624,2631
11,1268506624,1268510720,4096
1,1268510720,1268511207,487
10,1268511261,1268514816,3555
4,1268514816,1268516284,1468
8,1268516633,1268518912,2279
12,1268518912,1268523008,4096
13,1268523008,1268527104,4096
14,1268527104,1268531200,4096
15,1268531200,1268535296,4096
16,1268535296,1268539392,4096
17,1268539392,1268543488,4096
18,1268543488,1268547584,4096
19,1268547584,1268551680,4096
20,1268551680,1268555776,4096
7,1268555776,1268557824,2048
0,1268557920,1268558108,188
5,1268558291,1268559872,1581
21,1268559872,1268563968,4096
22,1268563968,1268568064,4096
23,1268568064,1268572160,4096
2,1268572160,1268572755,595
3,1268578962,1268580352,1390
24,1268580352,1268584448,4096
25,1268584448,1268588544,4096
26,1268588544,1268592640,4096
27,1268592640,1268596736,4096
6,1268596736,1268598701,1965
4700,1268603444,1268604928,1484
4703,1268604928,1268609024,4096
4704,1268609024,1268613120,4096
4705,1268613120,1268617216,4096
4706,1268617216,1268621312,4096
4696,1268621312,1268621879,567
4698,1268624226,1268625408,1182
4707,1268625408,1268629504,4096
4708,1268629504,1268633600,4096
4709,1268633600,1268637696,4096
4710,1268637696,1268641792,4096
4697,1268641792,1268642751,959
4702,1268642844,1268645888,3044
4711,1268645888,1268649984,4096
4712,1268649984,1268654080,4096
4713,1268654080,1268658176,4096
4714,1268658176,1268662272,4096
4715,1268662272,1268666368,4096
4716,1268666368,1268670464,4096
4717,1268670464,1268674560,4096
4718,1268674560,1268678656,4096
4701,1268678656,1268681516,2860
4699,1268685500,1268686848,1348
4719,1268686848,1268690944,4096
4720,1268690944,1268695040,4096
4721,1268695040,1268699136,4096
4722,1268699136,1268703232,4096
581,1268703232,1268707328,4096
582,1268707328,1268711424,4096
579,1268711424,1268714488,3064
577,1268714540,1268715520,980
583,1268715520,1268719616,4096
584,1268719616,1268723712,4096
585,1268723712,1268727808,4096
586,1268727808,1268731904,4096
587,1268731904,1268736000,4096
588,1268736000,1268740096,4096
589,1268740096,1268744192,4096
590,1268744192,1268748288,4096
591,1268748288,1268752384,4096
592,1268752384,1268756480,4096
593,1268756480,1268760576,4096
575,1268760576,1268760671,95
576,1268764432,1268764672,240
594,1268764672,1268768768,4096
578,1268768768,1268770944,2176
580,1268772994,1268776960,3966
595,1268776960,1268781056,4096
596,1268781056,1268785152,4096
597,1268785152,1268789248,4096
598,1268789248,1268793344,4096
599,1268793344,1268797440,4096
600,1268797440,1268801536,4096
224,1268801536,1268805632,4096
225,1268805632,1268809728,4096
226,1268809728,1268813824,4096
227,1268813824,1268817920,4096
228,1268817920,1268822016,4096
229,1268822016,1268826112,4096
230,1268826112,1268830208,4096
231,1268830208,1268834304,4096
232,1268834304,1268838400,4096
233,1268838400,1268842496,4096
234,1268842496,1268846592,4096
235,1268846592,1268850688,4096
236,1268850688,1268854784,4096
237,1268854784,1268858880,4096
238,1268858880,1268862976,4096
239,1268862976,1268867072,4096
223,1268867072,1268870186,3114
222,1268872549,1268875264,2715
240,1268875264,1268879360,4096
241,1268879360,1268883456,4096
242,1268883456,1268887552,4096
243,1268887552,1268891648,4096
244,1268891648,1268895744,4096
245,1268895744,1268899840,4096
246,1268899840,1268903936,4096
2595,1268903936,1268908032,4096
2596,1268908032,1268912128,4096
2597,1268912128,1268916224,4096
2598,1268916224,1268920320,4096
2599,1268920320,1268924416,4096
2600,1268924416,1268928512,4096
2601,1268928512,1268932608,4096
2602,1268932608,1268936704,4096
2603,1268936704,1268940800,4096
2604,1268940800,1268944896,4096
2605,1268944896,1268948992,4096
2606,1268948992,1268953088,4096
2594,1268953088,1268955520,2432
2593,1268955745,1268957184,1439
2607,1268957184,1268961280,4096
2608,1268961280,1268965376,4096
2609,1268965376,1268969472,4096
2610,1268969472,1268973568,4096
2611,1268973568,1268977664,4096
2612,1268977664,1268981760,4096
2613,1268981760,1268985856,4096
2614,1268985856,1268989952,4096
2615,1268989952,1268994048,4096
2616,1268994048,1268998144,4096
2617,1268998144,1269002240,4096
4545,1269002240,1269006336,4096
4546,1269006336,1269010432,4096
4538,1269010432,1269012465,2033
4540,1269016329,1269018624,2295
4542,1269018624,1269021641,3017
4544,1269026954,1269030912,3958
4547,1269030912,1269035008,4096
4541,1269035008,1269037525,2517
4535,1269046699,1269047296,597
4548,1269047296,1269051392,4096
4549,1269051392,1269055488,4096
4550,1269055488,1269059584,4096
4551,1269059584,1269063680,4096
4552,1269063680,1269067776,4096
4553,1269067776,1269071872,4096
4554,1269071872,1269075968,4096
4543,1269075968,1269079656,3688
4533,1269083691,1269083731,40
4534,1269083783,1269084160,377
4555,1269084160,1269088256,4096
4539,1269088256,1269090294,2038
4536,1269091036,1269092352,1316
4537,1269092352,1269093715,1363
5172,1269119289,1269121024,1735
5175,1269121024,1269125120,4096
5176,1269125120,1269129216,4096
5177,1269129216,1269133312,4096
5178,1269133312,1269137408,4096
5173,1269137408,1269140506,3098
5169,1269158380,1269158680,300
5174,1269158768,1269161984,3216
5179,1269161984,1269166080,4096
5180,1269166080,1269170176,4096
5181,1269170176,1269174272,4096
5182,1269174272,1269178368,4096
5171,1269178368,1269179793,1425
5170,1269186184,1269186560,376
5183,1269186560,1269190656,4096
5184,1269190656,1269194752,4096
5185,1269194752,1269198848,4096
5186,1269198848,1269202944,4096
740,1269202944,1269207040,4096
738,1269207040,1269210423,3383
739,1269215272,1269219328,4056
733,1269219328,1269220522,1194
734,1269220720,1269223424,2704
741,1269223424,1269227520,4096
742,1269227520,1269231616,4096
743,1269231616,1269235712,4096
744,1269235712,1269239808,4096
745,1269239808,1269243904,4096
746,1269243904,1269248000,4096
747,1269248000,1269252096,4096
748,1269252096,1269256192,4096
749,1269256192,1269260288,4096
750,1269260288,1269264384,4096
751,1269264384,1269268480,4096
736,1269268480,1269271634,3154
731,1269271730,1269272576,846
752,1269272576,1269276672,4096
753,1269276672,1269280768,4096
754,1269280768,1269284864,4096
732,1269284864,1269285851,987
737,1269289707,1269293056,3349
735,1269293056,1269296084,3028
4049,1269307031,1269309440,2409
4050,1269309440,1269313536,4096
4051,1269313536,1269317632,4096
4052,1269317632,1269321728,4096
4053,1269321728,1269325824,4096
4054,1269325824,1269329920,4096
4055,1269329920,1269334016,4096
4056,1269334016,1269338112,4096
4057,1269338112,1269342208,4096
4058,1269342208,1269346304,4096
4059,1269346304,1269350400,4096
4060,1269350400,1269354496,4096
4061,1269354496,1269358592,4096
4062,1269358592,1269362688,4096
4048,1269362688,1269363615,927
