,slideH,slideL,slideV,timeH,timeL,timeL,timeHL,timeHV,timeLV,timeHLV
0,0.0,3.0,9.0,0.6737764776763064,0.9888550545408422,0.6959225012683917,0.5619998097412481,0.6958416412988331,0.6737380136986302,0.5619613457635718
1,0.0,6.0,12.0,0.6737764776763064,0.9888550545408422,0.6959225012683917,0.5619994926433283,0.6958416412988331,0.6737379185692541,0.561960933536276
2,0.0,9.0,15.0,0.6737764776763064,0.9888550545408422,0.6959225012683917,0.5619991121258244,0.6958416412988331,0.6737378234398782,0.5619604578893962
3,0.0,12.0,18.0,0.6737764776763064,0.9888550545408422,0.6959225012683917,0.5619986364789447,0.6958416412988331,0.6737377283105023,0.5619598871131405
4,0.0,15.0,21.0,0.6737764776763064,0.9888550545408422,0.6959225012683917,0.561998160832065,0.6958416412988331,0.6737376331811263,0.5619593163368848
5,0.0,18.0,24.0,0.6737764776763064,0.9888550545408422,0.6959225012683917,0.5619977168949771,0.6958416412988331,0.6737375380517504,0.5619587772704211
6,0.0,21.0,27.0,0.6737764776763064,0.9888550545408422,0.6959225012683917,0.5619972412480975,0.6958416412988331,0.6737374429223745,0.5619582064941654
7,0.0,24.0,30.0,0.6737764776763064,0.9888550545408422,0.6959225012683917,0.5619967021816337,0.6958416412988331,0.6737373477929984,0.5619575722983258
8,0.0,27.0,33.0,0.6737764776763064,0.9888550545408422,0.6959225012683917,0.56199616311517,0.6958416412988331,0.6737372526636225,0.561956938102486
9,0.0,30.0,36.0,0.6737764776763064,0.9888550545408422,0.6959225012683917,0.5619955923389143,0.6958416412988331,0.6737371575342466,0.5619562721968544
10,0.0,33.0,39.0,0.6737764776763064,0.9888550545408422,0.6959225012683917,0.5619950215626586,0.6958416412988331,0.6737370624048706,0.5619556062912228
11,0.0,36.0,42.0,0.6737764776763064,0.9888550545408422,0.6959225012683917,0.5619943873668188,0.6958416412988331,0.6737369672754947,0.5619548769660071
12,0.0,39.0,45.0,0.6737764776763064,0.9888550545408422,0.6959225012683917,0.5619937214611872,0.6958416412988331,0.6737368721461188,0.5619541159309995
13,0.0,42.0,48.0,0.6737764776763064,0.9888550545408422,0.6959225012683917,0.5619930555555556,0.6958416412988331,0.6737367770167427,0.5619533548959919
14,0.0,45.0,51.0,0.6737764776763064,0.9888550545408422,0.6959225012683917,0.5619923896499239,0.6958416412988331,0.6737366818873668,0.5619525938609843
15,0.0,48.0,54.0,0.6737764776763064,0.9888550545408422,0.6959225012683917,0.5619917237442922,0.6958416412988331,0.6737365867579909,0.5619518328259767
16,0.0,51.0,57.0,0.6737764776763064,0.9888550545408422,0.6959225012683917,0.5619910261288686,0.6958416412988331,0.6737364916286149,0.561951040081177
17,0.0,54.0,60.0,0.6737764776763064,0.9888550545408422,0.6959225012683917,0.5619903602232369,0.6958416412988331,0.673736396499239,0.5619502790461695
18,0.0,57.0,63.0,0.6737764776763064,0.9888550545408422,0.6959225012683917,0.5619895991882293,0.6958416412988331,0.6737363013698631,0.5619494228817858
19,0.0,60.0,66.0,0.6737764776763064,0.9888550545408422,0.6959225012683917,0.5619888064434297,0.6958416412988331,0.673736206240487,0.5619485350076103
20,0.0,63.0,69.0,0.6737764776763064,0.9888550545408422,0.6959225012683917,0.5619879502790461,0.6958416412988331,0.6737361111111111,0.5619475837138508
21,0.0,66.0,72.0,0.6737764776763064,0.9888550545408422,0.6959225012683917,0.5619870941146626,0.6958416412988331,0.6737360159817352,0.5619466324200914
22,0.0,69.0,75.0,0.6737764776763064,0.9888550545408422,0.6959225012683917,0.5619861428209031,0.6958416412988331,0.6737359208523592,0.5619455859969559
23,0.0,72.0,78.0,0.6737764776763064,0.9888550545408422,0.6959225012683917,0.5619851915271435,0.6958416412988331,0.6737358257229833,0.5619445395738204
24,0.0,75.0,81.0,0.6737764776763064,0.9888550545408422,0.6959225012683917,0.5619842402333841,0.6958416412988331,0.6737357305936073,0.5619434931506849
25,0.0,78.0,84.0,0.6737764776763064,0.9888550545408422,0.6959225012683917,0.5619832889396246,0.6958416412988331,0.6737356354642313,0.5619424467275494
26,0.0,81.0,87.0,0.6737764776763064,0.9888550545408422,0.6959225012683917,0.561982337645865,0.6958416412988331,0.6737355403348554,0.561941400304414
27,0.0,84.0,90.0,0.6737764776763064,0.9888550545408422,0.6959225012683917,0.5619814180618975,0.6958416412988331,0.6737354452054795,0.5619403855910705
28,0.0,87.0,93.0,0.6737764776763064,0.9888550545408422,0.6959225012683917,0.561980561897514,0.6958416412988331,0.6737353500761035,0.561939434297311
29,0.0,90.0,96.0,0.6737764776763064,0.9888550545408422,0.6959225012683917,0.5619797057331304,0.6958416412988331,0.6737352549467276,0.5619384830035515
30,0.0,93.0,99.0,0.6737764776763064,0.9888550545408422,0.6959225012683917,0.5619788495687468,0.6958416412988331,0.6737351598173515,0.561937531709792
31,0.0,96.0,102.0,0.6737764776763064,0.9888550545408422,0.6959225012683917,0.5619779299847792,0.6958416412988331,0.6737350646879756,0.5619365169964485
32,0.0,99.0,105.0,0.6737764776763064,0.9888550545408422,0.6959225012683917,0.5619768835616439,0.6958416412988331,0.6737349695585997,0.5619353754439371
33,0.0,102.0,108.0,0.6737764776763064,0.9888550545408422,0.6959225012683917,0.5619758371385084,0.6958416412988331,0.6737348744292238,0.5619342338914257
34,0.0,105.0,111.0,0.6737764776763064,0.9888550545408422,0.6959225012683917,0.5619747907153729,0.6958416412988331,0.6737347792998478,0.5619330923389143
35,0.0,108.0,114.0,0.6737764776763064,0.9888550545408422,0.6959225012683917,0.5619736808726534,0.6958416412988331,0.6737346841704719,0.5619318873668189
36,0.0,111.0,117.0,0.6737764776763064,0.9888550545408422,0.6959225012683917,0.561972539320142,0.6958416412988331,0.6737345890410958,0.5619306506849315
37,0.0,114.0,120.0,0.6737764776763064,0.9888550545408422,0.6959225012683917,0.5619713977676306,0.6958416412988331,0.6737344939117199,0.5619294140030442
38,0.0,117.0,123.0,0.6737764776763064,0.9888550545408422,0.6959225012683917,0.5619701610857433,0.6958416412988331,0.673734398782344,0.5619280821917808
39,0.0,120.0,126.0,0.6737764776763064,0.9888550545408422,0.6959225012683917,0.56196882927448,0.6958416412988331,0.673734303652968,0.5619266552511416
40,0.0,123.0,129.0,0.6737764776763064,0.9888550545408422,0.6959225012683917,0.5619674974632166,0.6958416412988331,0.6737342085235921,0.5619252283105023
41,0.0,126.0,132.0,0.6737764776763064,0.9888550545408422,0.6959225012683917,0.5619662607813293,0.6958416412988331,0.6737341133942162,0.561923896499239
42,0.0,129.0,135.0,0.6737764776763064,0.9888550545408422,0.6959225012683917,0.561964865550482,0.6958416412988331,0.6737340182648401,0.5619224061390157
43,0.0,132.0,138.0,0.6737764776763064,0.9888550545408422,0.6959225012683917,0.5619634386098428,0.6958416412988331,0.6737339231354642,0.5619208840690005
44,0.0,135.0,141.0,0.6737764776763064,0.9888550545408422,0.6959225012683917,0.5619620116692035,0.6958416412988331,0.6737338280060883,0.5619193619989853
45,0.0,138.0,144.0,0.6737764776763064,0.9888550545408422,0.6959225012683917,0.5619606798579402,0.6958416412988331,0.6737337328767123,0.561917935058346
46,0.0,141.0,147.0,0.6737764776763064,0.9888550545408422,0.6959225012683917,0.5619592846270929,0.6958416412988331,0.6737336377473364,0.5619164446981227
47,0.0,144.0,150.0,0.6737764776763064,0.9888550545408422,0.6959225012683917,0.5619577625570776,0.6958416412988331,0.6737335426179605,0.5619148274987316
48,0.0,147.0,153.0,0.6737764776763064,0.9888550545408422,0.6959225012683917,0.5619562721968544,0.6958416412988331,0.6737334474885844,0.5619132420091324
49,0.0,150.0,156.0,0.6737764776763064,0.9888550545408422,0.6959225012683917,0.561954940385591,0.6958416412988331,0.6737333523592085,0.5619118150684932
50,0.0,153.0,159.0,0.6737764776763064,0.9888550545408422,0.6959225012683917,0.5619538305428716,0.6958416412988331,0.6737332572298326,0.5619106100963978
51,0.0,156.0,162.0,0.6737764776763064,0.9888550545408422,0.6959225012683917,0.5619527841197361,0.6958416412988331,0.6737331621004566,0.5619094685438863
52,0.0,159.0,165.0,0.6737764776763064,0.9888550545408422,0.6959225012683917,0.5619516425672247,0.6958416412988331,0.6737330669710807,0.561908231861999
53,0.0,162.0,168.0,0.6737764776763064,0.9888550545408422,0.6959225012683917,0.5619505644342974,0.6958416412988331,0.6737329718417047,0.5619070585996956
54,0.0,165.0,171.0,0.6737764776763064,0.9888550545408422,0.6959225012683917,0.5619495180111619,0.6958416412988331,0.6737328767123287,0.5619059170471842
55,0.0,168.0,174.0,0.6737764776763064,0.9888550545408422,0.6959225012683917,0.5619483447488585,0.6958416412988331,0.6737327815829528,0.5619046486555048
56,0.0,171.0,177.0,0.6737764776763064,0.9888550545408422,0.6959225012683917,0.5619471080669711,0.6958416412988331,0.6737326864535769,0.5619033168442416
57,0.0,174.0,180.0,0.6737764776763064,0.9888550545408422,0.6959225012683917,0.5619458396752918,0.6958416412988331,0.6737325913242009,0.5619019533231862
58,0.0,177.0,183.0,0.6737764776763064,0.9888550545408422,0.6959225012683917,0.5619445078640284,0.6958416412988331,0.673732496194825,0.561900526382547
59,0.0,180.0,186.0,0.6737764776763064,0.9888550545408422,0.6959225012683917,0.5619431760527651,0.6958416412988331,0.673732401065449,0.5618990994419076
60,0.0,183.0,189.0,0.6737764776763064,0.9888550545408422,0.6959225012683917,0.5619416856925419,0.6958416412988331,0.673732305936073,0.5618975139523085
61,0.0,186.0,192.0,0.6737764776763064,0.9888550545408422,0.6959225012683917,0.5619401636225266,0.6958416412988331,0.6737322108066971,0.5618958967529173
62,0.0,189.0,195.0,0.6737764776763064,0.9888550545408422,0.6959225012683917,0.5619386415525114,0.6958416412988331,0.6737321156773212,0.5618942795535261
63,0.0,192.0,198.0,0.6737764776763064,0.9888550545408422,0.6959225012683917,0.5619370243531202,0.6958416412988331,0.6737320205479452,0.561892567224759
64,0.0,195.0,201.0,0.6737764776763064,0.9888550545408422,0.6959225012683917,0.5619353120243531,0.6958416412988331,0.6737319254185693,0.561890759766616
65,0.0,198.0,204.0,0.6737764776763064,0.9888550545408422,0.6959225012683917,0.56193350456621,0.6958416412988331,0.6737318302891933,0.5618888571790969
66,0.0,201.0,207.0,0.6737764776763064,0.9888550545408422,0.6959225012683917,0.561931697108067,0.6958416412988331,0.6737317351598173,0.5618869545915779
67,0.0,204.0,210.0,0.6737764776763064,0.9888550545408422,0.6959225012683917,0.5619298896499239,0.6958416412988331,0.6737316400304414,0.5618850520040588
68,0.0,207.0,213.0,0.6737764776763064,0.9888550545408422,0.6959225012683917,0.5619280821917808,0.6958416412988331,0.6737315449010655,0.5618831494165398
69,0.0,210.0,216.0,0.6737764776763064,0.9888550545408422,0.6959225012683917,0.5619262747336378,0.6958416412988331,0.6737314497716895,0.5618812468290209
70,0.0,213.0,219.0,0.6737764776763064,0.9888550545408422,0.6959225012683917,0.5619244989852866,0.6958416412988331,0.6737313546423136,0.5618793759512938
71,0.0,216.0,222.0,0.6737764776763064,0.9888550545408422,0.6959225012683917,0.5619227549467275,0.6958416412988331,0.6737312595129376,0.5618775367833587
72,0.0,219.0,225.0,0.6737764776763064,0.9888550545408422,0.6959225012683917,0.5619208206494165,0.6958416412988331,0.6737311643835616,0.5618755073566717
73,0.0,222.0,228.0,0.6737764776763064,0.9888550545408422,0.6959225012683917,0.5619189180618975,0.6958416412988331,0.6737310692541857,0.5618735096397768
74,0.0,225.0,231.0,0.6737764776763064,0.9888550545408422,0.6959225012683917,0.5619170154743784,0.6958416412988331,0.6737309741248098,0.5618715119228818
75,0.0,228.0,234.0,0.6737764776763064,0.9888550545408422,0.6959225012683917,0.5619150494672754,0.6958416412988331,0.6737308789954338,0.5618694507864028
76,0.0,231.0,237.0,0.6737764776763064,0.9888550545408422,0.6959225012683917,0.5619129566210046,0.6958416412988331,0.6737307838660579,0.5618672628107559
77,0.0,234.0,240.0,0.6737764776763064,0.9888550545408422,0.6959225012683917,0.5619108637747336,0.6958416412988331,0.6737306887366818,0.5618650748351091
78,0.0,237.0,243.0,0.6737764776763064,0.9888550545408422,0.6959225012683917,0.5619087709284627,0.6958416412988331,0.6737305936073059,0.5618628868594622
79,0.0,240.0,246.0,0.6737764776763064,0.9888550545408422,0.6959225012683917,0.5619066780821917,0.6958416412988331,0.67373049847793,0.5618606988838153
80,0.0,243.0,249.0,0.6737764776763064,0.9888550545408422,0.6959225012683917,0.5619045218163369,0.6958416412988331,0.673730403348554,0.5618584474885845
81,0.0,246.0,252.0,0.6737764776763064,0.9888550545408422,0.6959225012683917,0.561902365550482,0.6958416412988331,0.6737303082191781,0.5618561960933536
82,0.0,249.0,255.0,0.6737764776763064,0.9888550545408422,0.6959225012683917,0.5619002727042111,0.6958416412988331,0.6737302130898021,0.5618540081177067
83,0.0,252.0,258.0,0.6737764776763064,0.9888550545408422,0.6959225012683917,0.5618981798579401,0.6958416412988331,0.6737301179604261,0.5618518201420599
84,0.0,255.0,261.0,0.6737764776763064,0.9888550545408422,0.6959225012683917,0.5618960870116692,0.6958416412988331,0.6737300228310502,0.561849632166413
85,0.0,258.0,264.0,0.6737764776763064,0.9888550545408422,0.6959225012683917,0.5618939941653983,0.6958416412988331,0.6737299277016743,0.5618474441907662
86,0.0,261.0,267.0,0.6737764776763064,0.9888550545408422,0.6959225012683917,0.5618918696093353,0.6958416412988331,0.6737298325722983,0.5618452245053273
87,0.0,264.0,270.0,0.6737764776763064,0.9888550545408422,0.6959225012683917,0.5618896816336885,0.6958416412988331,0.6737297374429224,0.5618429414003044
88,0.0,267.0,273.0,0.6737764776763064,0.9888550545408422,0.6959225012683917,0.5618875253678336,0.6958416412988331,0.6737296423135464,0.5618406900050735
89,0.0,270.0,276.0,0.6737764776763064,0.9888550545408422,0.6959225012683917,0.5618854325215626,0.6958416412988331,0.6737295471841704,0.5618385020294266
90,0.0,273.0,279.0,0.6737764776763064,0.9888550545408422,0.6959225012683917,0.5618833396752917,0.6958416412988331,0.6737294520547945,0.5618363140537798
91,0.0,276.0,282.0,0.6737764776763064,0.9888550545408422,0.6959225012683917,0.5618812468290209,0.6958416412988331,0.6737293569254186,0.5618341260781329
92,0.0,279.0,285.0,0.6737764776763064,0.9888550545408422,0.6959225012683917,0.5618791856925418,0.6958416412988331,0.6737292617960426,0.561831969812278
93,0.0,282.0,288.0,0.6737764776763064,0.9888550545408422,0.6959225012683917,0.5618771879756469,0.6958416412988331,0.6737291666666667,0.5618298769660071
94,0.0,285.0,291.0,0.6737764776763064,0.9888550545408422,0.6959225012683917,0.561875095129376,0.6958416412988331,0.6737290715372907,0.5618276889903602
95,0.0,288.0,294.0,0.6737764776763064,0.9888550545408422,0.6959225012683917,0.561873002283105,0.6958416412988331,0.6737289764079147,0.5618255010147133
96,0.0,291.0,297.0,0.6737764776763064,0.9888550545408422,0.6959225012683917,0.5618708777270421,0.6958416412988331,0.6737288812785388,0.5618232813292745
97,0.0,294.0,300.0,0.6737764776763064,0.9888550545408422,0.6959225012683917,0.5618686897513953,0.6958416412988331,0.6737287861491629,0.5618209982242517
98,0.0,297.0,303.0,0.6737764776763064,0.9888550545408422,0.6959225012683917,0.5618665017757484,0.6958416412988331,0.6737286910197869,0.5618187151192289
99,0.0,300.0,306.0,0.6737764776763064,0.9888550545408422,0.6959225012683917,0.5618643455098935,0.6958416412988331,0.673728595890411,0.561816463723998
100,0.0,303.0,309.0,0.6737764776763064,0.9888550545408422,0.6959225012683917,0.5618622526636226,0.6958416412988331,0.673728500761035,0.5618142757483511
101,0.0,306.0,312.0,0.6737764776763064,0.9888550545408422,0.6959225012683917,0.5618602549467275,0.6958416412988331,0.673728405631659,0.5618121829020801
102,0.0,309.0,315.0,0.6737764776763064,0.9888550545408422,0.6959225012683917,0.5618582572298326,0.6958416412988331,0.6737283105022831,0.5618100900558093
103,0.0,312.0,318.0,0.6737764776763064,0.9888550545408422,0.6959225012683917,0.5618562595129376,0.6958416412988331,0.6737282153729072,0.5618079972095383
104,0.0,315.0,321.0,0.6737764776763064,0.9888550545408422,0.6959225012683917,0.5618542617960426,0.6958416412988331,0.6737281202435312,0.5618059043632674
105,0.0,318.0,324.0,0.6737764776763064,0.9888550545408422,0.6959225012683917,0.5618522640791477,0.6958416412988331,0.6737280251141553,0.5618038115169964
106,0.0,321.0,327.0,0.6737764776763064,0.9888550545408422,0.6959225012683917,0.5618502029426687,0.6958416412988331,0.6737279299847793,0.5618016552511416
107,0.0,324.0,330.0,0.6737764776763064,0.9888550545408422,0.6959225012683917,0.5618481100963978,0.6958416412988331,0.6737278348554033,0.5617994672754947
108,0.0,327.0,333.0,0.6737764776763064,0.9888550545408422,0.6959225012683917,0.5618460172501268,0.6958416412988331,0.6737277397260274,0.5617972792998478
109,0.0,330.0,336.0,0.6737764776763064,0.9888550545408422,0.6959225012683917,0.5618439244038559,0.6958416412988331,0.6737276445966515,0.5617950913242009
110,0.0,333.0,339.0,0.6737764776763064,0.9888550545408422,0.6959225012683917,0.5618418315575849,0.6958416412988331,0.6737275494672755,0.561792903348554
111,0.0,336.0,342.0,0.6737764776763064,0.9888550545408422,0.6959225012683917,0.5618397387113141,0.6958416412988331,0.6737274543378995,0.5617907153729071
112,0.0,339.0,345.0,0.6737764776763064,0.9888550545408422,0.6959225012683917,0.5618376458650431,0.6958416412988331,0.6737273592085236,0.5617885273972603
113,0.0,342.0,348.0,0.6737764776763064,0.9888550545408422,0.6959225012683917,0.5618355530187722,0.6958416412988331,0.6737272640791476,0.5617863394216134
114,0.0,345.0,351.0,0.6737764776763064,0.9888550545408422,0.6959225012683917,0.5618334601725012,0.6958416412988331,0.6737271689497717,0.5617841514459665
115,0.0,348.0,354.0,0.6737764776763064,0.9888550545408422,0.6959225012683917,0.5618313039066464,0.6958416412988331,0.6737270738203958,0.5617819000507357
116,0.0,351.0,357.0,0.6737764776763064,0.9888550545408422,0.6959225012683917,0.5618291159309995,0.6958416412988331,0.6737269786910198,0.5617796169457129
117,0.0,354.0,360.0,0.6737764776763064,0.9888550545408422,0.6959225012683917,0.5618268645357687,0.6958416412988331,0.6737268835616438,0.561777270421106
118,0.0,357.0,363.0,0.6737764776763064,0.9888550545408422,0.6959225012683917,0.5618245814307458,0.6958416412988331,0.6737267884322679,0.5617748921867073
119,0.0,360.0,366.0,0.6737764776763064,0.9888550545408422,0.6959225012683917,0.561822298325723,0.6958416412988331,0.6737266933028919,0.5617725139523084
120,0.0,363.0,369.0,0.6737764776763064,0.9888550545408422,0.6959225012683917,0.5618200152207001,0.6958416412988331,0.673726598173516,0.5617701357179097
121,0.0,366.0,372.0,0.6737764776763064,0.9888550545408422,0.6959225012683917,0.5618176686960934,0.6958416412988331,0.6737265030441401,0.5617676940639269
122,0.0,369.0,375.0,0.6737764776763064,0.9888550545408422,0.6959225012683917,0.5618152904616945,0.6958416412988331,0.6737264079147641,0.5617652207001522
123,0.0,372.0,378.0,0.6737764776763064,0.9888550545408422,0.6959225012683917,0.5618129122272958,0.6958416412988331,0.6737263127853881,0.5617627473363774
124,0.0,375.0,381.0,0.6737764776763064,0.9888550545408422,0.6959225012683917,0.561810533992897,0.6958416412988331,0.6737262176560121,0.5617602739726028
125,0.0,378.0,384.0,0.6737764776763064,0.9888550545408422,0.6959225012683917,0.5618081240487063,0.6958416412988331,0.6737261225266362,0.5617577688990361
126,0.0,381.0,387.0,0.6737764776763064,0.9888550545408422,0.6959225012683917,0.5618057458143074,0.6958416412988331,0.6737260273972603,0.5617552955352613
127,0.0,384.0,390.0,0.6737764776763064,0.9888550545408422,0.6959225012683917,0.5618033675799087,0.6958416412988331,0.6737259322678844,0.5617528221714866
128,0.0,387.0,393.0,0.6737764776763064,0.9888550545408422,0.6959225012683917,0.5618009893455099,0.6958416412988331,0.6737258371385084,0.5617503488077118
129,0.0,390.0,396.0,0.6737764776763064,0.9888550545408422,0.6959225012683917,0.5617986111111111,0.6958416412988331,0.6737257420091324,0.5617478754439371
130,0.0,393.0,399.0,0.6737764776763064,0.9888550545408422,0.6959225012683917,0.5617962328767123,0.6958416412988331,0.6737256468797564,0.5617454020801623
131,0.0,396.0,402.0,0.6737764776763064,0.9888550545408422,0.6959225012683917,0.5617938546423136,0.6958416412988331,0.6737255517503805,0.5617429287163876
132,0.0,399.0,405.0,0.6737764776763064,0.9888550545408422,0.6959225012683917,0.5617914129883308,0.6958416412988331,0.6737254566210046,0.5617403919330289
133,0.0,402.0,408.0,0.6737764776763064,0.9888550545408422,0.6959225012683917,0.5617888444951801,0.6958416412988331,0.6737253614916286,0.5617377283105023
134,0.0,405.0,411.0,0.6737764776763064,0.9888550545408422,0.6959225012683917,0.5617862125824454,0.6958416412988331,0.6737252663622527,0.5617350012683917
135,0.0,408.0,414.0,0.6737764776763064,0.9888550545408422,0.6959225012683917,0.5617833587011669,0.6958416412988331,0.6737251712328767,0.5617320522577371
136,0.0,411.0,417.0,0.6737764776763064,0.9888550545408422,0.6959225012683917,0.5617805048198884,0.6958416412988331,0.6737250761035007,0.5617291032470827
137,0.0,414.0,420.0,0.6737764776763064,0.9888550545408422,0.6959225012683917,0.5617776192288179,0.6958416412988331,0.6737249809741248,0.5617261225266362
138,0.0,417.0,423.0,0.6737764776763064,0.9888550545408422,0.6959225012683917,0.5617747653475393,0.6958416412988331,0.6737248858447489,0.5617231735159818
139,0.0,420.0,426.0,0.6737764776763064,0.9888550545408422,0.6959225012683917,0.5617719431760527,0.6958416412988331,0.673724790715373,0.5617202562151192
140,0.0,423.0,429.0,0.6737764776763064,0.9888550545408422,0.6959225012683917,0.5617691844241501,0.6958416412988331,0.6737246955859969,0.5617174023338407
141,0.0,426.0,432.0,0.6737764776763064,0.9888550545408422,0.6959225012683917,0.5617664256722475,0.6958416412988331,0.673724600456621,0.5617145484525622
142,0.0,429.0,435.0,0.6737764776763064,0.9888550545408422,0.6959225012683917,0.561763666920345,0.6958416412988331,0.673724505327245,0.5617116945712836
143,0.0,432.0,438.0,0.6737764776763064,0.9888550545408422,0.6959225012683917,0.5617609081684424,0.6958416412988331,0.6737244101978691,0.561708840690005
144,0.0,435.0,441.0,0.6737764776763064,0.9888550545408422,0.6959225012683917,0.5617581494165398,0.6958416412988331,0.6737243150684932,0.5617059868087265
145,0.0,438.0,444.0,0.6737764776763064,0.9888550545408422,0.6959225012683917,0.5617552955352613,0.6958416412988331,0.6737242199391172,0.5617030377980721
146,0.0,441.0,447.0,0.6737764776763064,0.9888550545408422,0.6959225012683917,0.5617523782343988,0.6958416412988331,0.6737241248097412,0.5617000253678336
147,0.0,444.0,450.0,0.6737764776763064,0.9888550545408422,0.6959225012683917,0.5617494926433283,0.6958416412988331,0.6737240296803653,0.5616970446473871
148,0.0,447.0,453.0,0.6737764776763064,0.9888550545408422,0.6959225012683917,0.5617466387620497,0.6958416412988331,0.6737239345509893,0.5616940956367327
149,0.0,450.0,456.0,0.6737764776763064,0.9888550545408422,0.6959225012683917,0.5617437848807711,0.6958416412988331,0.6737238394216134,0.5616911466260781
150,0.0,453.0,459.0,0.6737764776763064,0.9888550545408422,0.6959225012683917,0.5617408358701167,0.6958416412988331,0.6737237442922375,0.5616881024860477
151,0.0,456.0,462.0,0.6737764776763064,0.9888550545408422,0.6959225012683917,0.5617378868594622,0.6958416412988331,0.6737236491628615,0.5616850583460172
152,0.0,459.0,465.0,0.6737764776763064,0.9888550545408422,0.6959225012683917,0.5617349378488077,0.6958416412988331,0.6737235540334855,0.5616820142059868
153,0.0,462.0,468.0,0.6737764776763064,0.9888550545408422,0.6959225012683917,0.5617319571283612,0.6958416412988331,0.6737234589041096,0.5616789383561643
154,0.0,465.0,471.0,0.6737764776763064,0.9888550545408422,0.6959225012683917,0.5617289129883308,0.6958416412988331,0.6737233637747336,0.561675799086758
155,0.0,468.0,474.0,0.6737764776763064,0.9888550545408422,0.6959225012683917,0.5617259322678844,0.6958416412988331,0.6737232686453577,0.5616727232369355
156,0.0,471.0,477.0,0.6737764776763064,0.9888550545408422,0.6959225012683917,0.5617229832572298,0.6958416412988331,0.6737231735159818,0.5616696790969051
157,0.0,474.0,480.0,0.6737764776763064,0.9888550545408422,0.6959225012683917,0.5617200342465754,0.6958416412988331,0.6737230783866058,0.5616666349568746
158,0.0,477.0,483.0,0.6737764776763064,0.9888550545408422,0.6959225012683917,0.5617170852359209,0.6958416412988331,0.6737229832572298,0.5616635908168442
159,0.0,480.0,486.0,0.6737764776763064,0.9888550545408422,0.6959225012683917,0.5617141679350584,0.6958416412988331,0.6737228881278539,0.5616605783866058
160,0.0,483.0,489.0,0.6737764776763064,0.9888550545408422,0.6959225012683917,0.5617113774733637,0.6958416412988331,0.6737227929984779,0.5616576927955352
161,0.0,486.0,492.0,0.6737764776763064,0.9888550545408422,0.6959225012683917,0.5617086187214612,0.6958416412988331,0.673722697869102,0.5616548389142567
162,0.0,489.0,495.0,0.6737764776763064,0.9888550545408422,0.6959225012683917,0.5617058599695586,0.6958416412988331,0.6737226027397261,0.5616519850329782
163,0.0,492.0,498.0,0.6737764776763064,0.9888550545408422,0.6959225012683917,0.561703132927448,0.6958416412988331,0.6737225076103501,0.5616491628614916
164,0.0,495.0,501.0,0.6737764776763064,0.9888550545408422,0.6959225012683917,0.5617004693049213,0.6958416412988331,0.6737224124809741,0.561646404109589
165,0.0,498.0,504.0,0.6737764776763064,0.9888550545408422,0.6959225012683917,0.5616978056823947,0.6958416412988331,0.6737223173515982,0.5616436453576864
166,0.0,501.0,507.0,0.6737764776763064,0.9888550545408422,0.6959225012683917,0.561695142059868,0.6958416412988331,0.6737222222222222,0.5616408866057838
167,0.0,504.0,510.0,0.6737764776763064,0.9888550545408422,0.6959225012683917,0.5616924784373415,0.6958416412988331,0.6737221270928463,0.5616381278538812
168,0.0,507.0,513.0,0.6737764776763064,0.9888550545408422,0.6959225012683917,0.5616897513952308,0.6958416412988331,0.6737220319634704,0.5616353056823947
169,0.0,510.0,516.0,0.6737764776763064,0.9888550545408422,0.6959225012683917,0.5616869926433282,0.6958416412988331,0.6737219368340943,0.5616324518011162
170,0.0,513.0,519.0,0.6737764776763064,0.9888550545408422,0.6959225012683917,0.5616842338914256,0.6958416412988331,0.6737218417047184,0.5616295979198377
171,0.0,516.0,522.0,0.6737764776763064,0.9888550545408422,0.6959225012683917,0.561681475139523,0.6958416412988331,0.6737217465753425,0.5616267440385591
172,0.0,519.0,525.0,0.6737764776763064,0.9888550545408422,0.6959225012683917,0.5616787480974125,0.6958416412988331,0.6737216514459665,0.5616239218670726
173,0.0,522.0,528.0,0.6737764776763064,0.9888550545408422,0.6959225012683917,0.5616761796042617,0.6958416412988331,0.6737215563165906,0.5616212582445459
174,0.0,525.0,531.0,0.6737764776763064,0.9888550545408422,0.6959225012683917,0.5616735476915271,0.6958416412988331,0.6737214611872147,0.5616185312024353
175,0.0,528.0,534.0,0.6737764776763064,0.9888550545408422,0.6959225012683917,0.5616709474885845,0.6958416412988331,0.6737213660578386,0.5616158358701167
176,0.0,531.0,537.0,0.6737764776763064,0.9888550545408422,0.6959225012683917,0.5616683789954338,0.6958416412988331,0.6737212709284627,0.5616131722475901
177,0.0,534.0,540.0,0.6737764776763064,0.9888550545408422,0.6959225012683917,0.5616658105022831,0.6958416412988331,0.6737211757990867,0.5616105086250635
178,0.0,537.0,543.0,0.6737764776763064,0.9888550545408422,0.6959225012683917,0.5616632420091324,0.6958416412988331,0.6737210806697108,0.5616078450025368
179,0.0,540.0,546.0,0.6737764776763064,0.9888550545408422,0.6959225012683917,0.5616607686453576,0.6958416412988331,0.6737209855403349,0.5616052765093861
180,0.0,543.0,549.0,0.6737764776763064,0.9888550545408422,0.6959225012683917,0.561658295281583,0.6958416412988331,0.673720890410959,0.5616027080162355
181,0.0,546.0,552.0,0.6737764776763064,0.9888550545408422,0.6959225012683917,0.5616558219178083,0.6958416412988331,0.6737207952815829,0.5616001395230847
182,0.0,549.0,555.0,0.6737764776763064,0.9888550545408422,0.6959225012683917,0.5616533485540335,0.6958416412988331,0.673720700152207,0.561597571029934
183,0.0,552.0,558.0,0.6737764776763064,0.9888550545408422,0.6959225012683917,0.5616508434804668,0.6958416412988331,0.673720605022831,0.5615949708269914
184,0.0,555.0,561.0,0.6737764776763064,0.9888550545408422,0.6959225012683917,0.5616481798579401,0.6958416412988331,0.6737205098934551,0.5615922120750888
185,0.0,558.0,564.0,0.6737764776763064,0.9888550545408422,0.6959225012683917,0.5616455162354135,0.6958416412988331,0.6737204147640792,0.5615894533231862
186,0.0,561.0,567.0,0.6737764776763064,0.9888550545408422,0.6959225012683917,0.5616428843226788,0.6958416412988331,0.6737203196347032,0.5615867262810756
187,0.0,564.0,570.0,0.6737764776763064,0.9888550545408422,0.6959225012683917,0.5616402841197362,0.6958416412988331,0.6737202245053272,0.561584030948757
188,0.0,567.0,573.0,0.6737764776763064,0.9888550545408422,0.6959225012683917,0.5616376204972096,0.6958416412988331,0.6737201293759513,0.5615812721968544
189,0.0,570.0,576.0,0.6737764776763064,0.9888550545408422,0.6959225012683917,0.5616349885844749,0.6958416412988331,0.6737200342465753,0.5615785451547438
190,0.0,573.0,579.0,0.6737764776763064,0.9888550545408422,0.6959225012683917,0.5616324200913242,0.6958416412988331,0.6737199391171994,0.5615758815322172
191,0.0,576.0,582.0,0.6737764776763064,0.9888550545408422,0.6959225012683917,0.5616298515981735,0.6958416412988331,0.6737198439878235,0.5615732179096905
192,0.0,579.0,585.0,0.6737764776763064,0.9888550545408422,0.6959225012683917,0.5616273782343988,0.6958416412988331,0.6737197488584475,0.5615706494165398
193,0.0,582.0,588.0,0.6737764776763064,0.9888550545408422,0.6959225012683917,0.561624904870624,0.6958416412988331,0.6737196537290715,0.5615680809233892
194,0.0,585.0,591.0,0.6737764776763064,0.9888550545408422,0.6959225012683917,0.5616224315068493,0.6958416412988331,0.6737195585996956,0.5615655124302384
195,0.0,588.0,594.0,0.6737764776763064,0.9888550545408422,0.6959225012683917,0.5616198947234906,0.6958416412988331,0.6737194634703196,0.5615628805175038
196,0.0,591.0,597.0,0.6737764776763064,0.9888550545408422,0.6959225012683917,0.5616173262303399,0.6958416412988331,0.6737193683409437,0.5615602168949771
197,0.0,594.0,600.0,0.6737764776763064,0.9888550545408422,0.6959225012683917,0.5616147577371893,0.6958416412988331,0.6737192732115678,0.5615575532724505
198,0.0,597.0,603.0,0.6737764776763064,0.9888550545408422,0.6959225012683917,0.5616122843734145,0.6958416412988331,0.6737191780821917,0.5615549847792999
199,0.0,600.0,606.0,0.6737764776763064,0.9888550545408422,0.6959225012683917,0.5616098744292237,0.6958416412988331,0.6737190829528158,0.5615524797057331
200,0.0,603.0,609.0,0.6737764776763064,0.9888550545408422,0.6959225012683917,0.561607496194825,0.6958416412988331,0.6737189878234399,0.5615500063419584
201,0.0,606.0,612.0,0.6737764776763064,0.9888550545408422,0.6959225012683917,0.5616051179604262,0.6958416412988331,0.6737188926940639,0.5615475329781837
202,0.0,609.0,615.0,0.6737764776763064,0.9888550545408422,0.6959225012683917,0.5616028031456114,0.6958416412988331,0.673718797564688,0.5615451230339928
203,0.0,612.0,618.0,0.6737764776763064,0.9888550545408422,0.6959225012683917,0.5616006151699645,0.6958416412988331,0.6737187024353121,0.56154283992897
204,0.0,615.0,621.0,0.6737764776763064,0.9888550545408422,0.6959225012683917,0.5615984271943176,0.6958416412988331,0.673718607305936,0.5615405568239472
205,0.0,618.0,624.0,0.6737764776763064,0.9888550545408422,0.6959225012683917,0.5615962709284628,0.6958416412988331,0.6737185121765601,0.5615383054287164
206,0.0,621.0,627.0,0.6737764776763064,0.9888550545408422,0.6959225012683917,0.5615942097919837,0.6958416412988331,0.6737184170471842,0.5615361491628615
207,0.0,624.0,630.0,0.6737764776763064,0.9888550545408422,0.6959225012683917,0.5615921486555048,0.6958416412988331,0.6737183219178082,0.5615339928970066
208,0.0,627.0,633.0,0.6737764776763064,0.9888550545408422,0.6959225012683917,0.5615900558092339,0.6958416412988331,0.6737182267884323,0.5615318049213597
209,0.0,630.0,636.0,0.6737764776763064,0.9888550545408422,0.6959225012683917,0.5615880263825469,0.6958416412988331,0.6737181316590564,0.5615296803652968
210,0.0,633.0,639.0,0.6737764776763064,0.9888550545408422,0.6959225012683917,0.561586028665652,0.6958416412988331,0.6737180365296803,0.5615275875190259
211,0.0,636.0,642.0,0.6737764776763064,0.9888550545408422,0.6959225012683917,0.561584062658549,0.6958416412988331,0.6737179414003044,0.5615255263825469
212,0.0,639.0,645.0,0.6737764776763064,0.9888550545408422,0.6959225012683917,0.5615821600710299,0.6958416412988331,0.6737178462709285,0.5615235286656519
213,0.0,642.0,648.0,0.6737764776763064,0.9888550545408422,0.6959225012683917,0.5615802574835109,0.6958416412988331,0.6737177511415525,0.561521530948757
214,0.0,645.0,651.0,0.6737764776763064,0.9888550545408422,0.6959225012683917,0.5615783548959918,0.6958416412988331,0.6737176560121766,0.561519533231862
215,0.0,648.0,654.0,0.6737764776763064,0.9888550545408422,0.6959225012683917,0.5615762937595129,0.6958416412988331,0.6737175608828007,0.5615173769660071
216,0.0,651.0,657.0,0.6737764776763064,0.9888550545408422,0.6959225012683917,0.561574137493658,0.6958416412988331,0.6737174657534246,0.5615151255707762
217,0.0,654.0,660.0,0.6737764776763064,0.9888550545408422,0.6959225012683917,0.5615719495180111,0.6958416412988331,0.6737173706240487,0.5615128424657534
218,0.0,657.0,663.0,0.6737764776763064,0.9888550545408422,0.6959225012683917,0.5615697615423643,0.6958416412988331,0.6737172754946728,0.5615105593607306
219,0.0,660.0,666.0,0.6737764776763064,0.9888550545408422,0.6959225012683917,0.5615675735667174,0.6958416412988331,0.6737171803652968,0.5615082762557078
220,0.0,663.0,669.0,0.6737764776763064,0.9888550545408422,0.6959225012683917,0.5615653855910705,0.6958416412988331,0.6737170852359209,0.561505993150685
221,0.0,666.0,672.0,0.6737764776763064,0.9888550545408422,0.6959225012683917,0.5615633244545916,0.6958416412988331,0.673716990106545,0.5615038368848301
222,0.0,669.0,675.0,0.6737764776763064,0.9888550545408422,0.6959225012683917,0.5615612633181126,0.6958416412988331,0.6737168949771689,0.5615016806189751
223,0.0,672.0,678.0,0.6737764776763064,0.9888550545408422,0.6959225012683917,0.5615591070522578,0.6958416412988331,0.673716799847793,0.5614994292237443
224,0.0,675.0,681.0,0.6737764776763064,0.9888550545408422,0.6959225012683917,0.5615569190766109,0.6958416412988331,0.673716704718417,0.5614971461187215
225,0.0,678.0,684.0,0.6737764776763064,0.9888550545408422,0.6959225012683917,0.5615545408422121,0.6958416412988331,0.6737166095890411,0.5614946727549467
226,0.0,681.0,687.0,0.6737764776763064,0.9888550545408422,0.6959225012683917,0.5615521626078133,0.6958416412988331,0.6737165144596652,0.561492199391172
227,0.0,684.0,690.0,0.6737764776763064,0.9888550545408422,0.6959225012683917,0.5615496892440386,0.6958416412988331,0.6737164193302891,0.5614896308980213
228,0.0,687.0,693.0,0.6737764776763064,0.9888550545408422,0.6959225012683917,0.5615472792998478,0.6958416412988331,0.6737163242009132,0.5614871258244546
229,0.0,690.0,696.0,0.6737764776763064,0.9888550545408422,0.6959225012683917,0.561544901065449,0.6958416412988331,0.6737162290715373,0.5614846524606799
230,0.0,693.0,699.0,0.6737764776763064,0.9888550545408422,0.6959225012683917,0.5615424911212582,0.6958416412988331,0.6737161339421613,0.5614821473871131
231,0.0,696.0,702.0,0.6737764776763064,0.9888550545408422,0.6959225012683917,0.5615400177574835,0.6958416412988331,0.6737160388127854,0.5614795788939625
232,0.0,699.0,705.0,0.6737764776763064,0.9888550545408422,0.6959225012683917,0.5615375443937087,0.6958416412988331,0.6737159436834095,0.5614770104008118
233,0.0,702.0,708.0,0.6737764776763064,0.9888550545408422,0.6959225012683917,0.5615349759005581,0.6958416412988331,0.6737158485540334,0.5614743467782851
234,0.0,705.0,711.0,0.6737764776763064,0.9888550545408422,0.6959225012683917,0.5615324074074074,0.6958416412988331,0.6737157534246575,0.5614716831557585
235,0.0,708.0,714.0,0.6737764776763064,0.9888550545408422,0.6959225012683917,0.5615297754946728,0.6958416412988331,0.6737156582952816,0.5614689561136479
236,0.0,711.0,717.0,0.6737764776763064,0.9888550545408422,0.6959225012683917,0.5615271118721461,0.6958416412988331,0.6737155631659056,0.5614661973617453
237,0.0,714.0,720.0,0.6737764776763064,0.9888550545408422,0.6959225012683917,0.5615244482496194,0.6958416412988331,0.6737154680365297,0.5614634386098427
238,0.0,717.0,723.0,0.6737764776763064,0.9888550545408422,0.6959225012683917,0.5615217846270929,0.6958416412988331,0.6737153729071538,0.5614606798579401
239,0.0,720.0,726.0,0.6737764776763064,0.9888550545408422,0.6959225012683917,0.5615190258751903,0.6958416412988331,0.6737152777777777,0.5614578259766616
240,0.0,723.0,729.0,0.6737764776763064,0.9888550545408422,0.6959225012683917,0.5615162671232877,0.6958416412988331,0.6737151826484018,0.5614549720953831
241,0.0,726.0,732.0,0.6737764776763064,0.9888550545408422,0.6959225012683917,0.561513508371385,0.6958416412988331,0.6737150875190259,0.5614521182141046
242,0.0,729.0,735.0,0.6737764776763064,0.9888550545408422,0.6959225012683917,0.5615107496194824,0.6958416412988331,0.6737149923896499,0.5614492643328259
243,0.0,732.0,738.0,0.6737764776763064,0.9888550545408422,0.6959225012683917,0.561507959157788,0.6958416412988331,0.673714897260274,0.5614463787417554
244,0.0,735.0,741.0,0.6737764776763064,0.9888550545408422,0.6959225012683917,0.5615051369863013,0.6958416412988331,0.6737148021308981,0.561443461440893
245,0.0,738.0,744.0,0.6737764776763064,0.9888550545408422,0.6959225012683917,0.5615023782343987,0.6958416412988331,0.673714707001522,0.5614406075596144
246,0.0,741.0,747.0,0.6737764776763064,0.9888550545408422,0.6959225012683917,0.5614997463216641,0.6958416412988331,0.6737146118721461,0.5614378805175038
247,0.0,744.0,750.0,0.6737764776763064,0.9888550545408422,0.6959225012683917,0.5614970826991375,0.6958416412988331,0.6737145167427702,0.5614351217656012
248,0.0,747.0,753.0,0.6737764776763064,0.9888550545408422,0.6959225012683917,0.5614944190766109,0.6958416412988331,0.6737144216133942,0.5614323630136986
249,0.0,750.0,756.0,0.6737764776763064,0.9888550545408422,0.6959225012683917,0.5614917554540843,0.6958416412988331,0.6737143264840183,0.561429604261796
250,0.0,753.0,759.0,0.6737764776763064,0.9888550545408422,0.6959225012683917,0.5614890601217656,0.6958416412988331,0.6737142313546424,0.5614268138001015
251,0.0,756.0,762.0,0.6737764776763064,0.9888550545408422,0.6959225012683917,0.561486301369863,0.6958416412988331,0.6737141362252663,0.5614239599188229
252,0.0,759.0,765.0,0.6737764776763064,0.9888550545408422,0.6959225012683917,0.5614835426179604,0.6958416412988331,0.6737140410958904,0.5614211060375444
253,0.0,762.0,768.0,0.6737764776763064,0.9888550545408422,0.6959225012683917,0.5614807838660578,0.6958416412988331,0.6737139459665145,0.5614182521562658
254,0.0,765.0,771.0,0.6737764776763064,0.9888550545408422,0.6959225012683917,0.5614779934043632,0.6958416412988331,0.6737138508371385,0.5614153665651953
255,0.0,768.0,774.0,0.6737764776763064,0.9888550545408422,0.6959225012683917,0.5614751395230847,0.6958416412988331,0.6737137557077626,0.5614124175545409
256,0.0,771.0,777.0,0.6737764776763064,0.9888550545408422,0.6959225012683917,0.5614722856418062,0.6958416412988331,0.6737136605783866,0.5614094685438864
257,0.0,774.0,780.0,0.6737764776763064,0.9888550545408422,0.6959225012683917,0.5614694317605277,0.6958416412988331,0.6737135654490106,0.5614065195332318
258,0.0,777.0,783.0,0.6737764776763064,0.9888550545408422,0.6959225012683917,0.5614665778792491,0.6958416412988331,0.6737134703196347,0.5614035705225774
259,0.0,780.0,786.0,0.6737764776763064,0.9888550545408422,0.6959225012683917,0.5614637239979706,0.6958416412988331,0.6737133751902588,0.5614006215119229
260,0.0,783.0,789.0,0.6737764776763064,0.9888550545408422,0.6959225012683917,0.561460901826484,0.6958416412988331,0.6737132800608828,0.5613977042110604
261,0.0,786.0,792.0,0.6737764776763064,0.9888550545408422,0.6959225012683917,0.5614581430745814,0.6958416412988331,0.6737131849315069,0.5613948503297819
262,0.0,789.0,795.0,0.6737764776763064,0.9888550545408422,0.6959225012683917,0.5614553209030949,0.6958416412988331,0.6737130898021308,0.5613919330289193
263,0.0,792.0,798.0,0.6737764776763064,0.9888550545408422,0.6959225012683917,0.5614524670218163,0.6958416412988331,0.6737129946727549,0.5613889840182649
264,0.0,795.0,801.0,0.6737764776763064,0.9888550545408422,0.6959225012683917,0.5614495497209538,0.6958416412988331,0.673712899543379,0.5613859715880264
265,0.0,798.0,804.0,0.6737764776763064,0.9888550545408422,0.6959225012683917,0.5614466007102994,0.6958416412988331,0.673712804414003,0.5613829274479959
266,0.0,801.0,807.0,0.6737764776763064,0.9888550545408422,0.6959225012683917,0.5614436516996448,0.6958416412988331,0.6737127092846271,0.5613798833079655
267,0.0,804.0,810.0,0.6737764776763064,0.9888550545408422,0.6959225012683917,0.5614407978183663,0.6958416412988331,0.6737126141552512,0.5613769342973111
268,0.0,807.0,813.0,0.6737764776763064,0.9888550545408422,0.6959225012683917,0.5614379439370878,0.6958416412988331,0.6737125190258751,0.5613739852866565
269,0.0,810.0,816.0,0.6737764776763064,0.9888550545408422,0.6959225012683917,0.5614350900558093,0.6958416412988331,0.6737124238964992,0.561371036276002
270,0.0,813.0,819.0,0.6737764776763064,0.9888550545408422,0.6959225012683917,0.5614322361745306,0.6958416412988331,0.6737123287671233,0.5613680872653476
271,0.0,816.0,822.0,0.6737764776763064,0.9888550545408422,0.6959225012683917,0.5614293822932521,0.6958416412988331,0.6737122336377473,0.561365138254693
272,0.0,819.0,825.0,0.6737764776763064,0.9888550545408422,0.6959225012683917,0.5614264332825977,0.6958416412988331,0.6737121385083714,0.5613620941146626
273,0.0,822.0,828.0,0.6737764776763064,0.9888550545408422,0.6959225012683917,0.5614234842719432,0.6958416412988331,0.6737120433789955,0.5613590499746322
274,0.0,825.0,831.0,0.6737764776763064,0.9888550545408422,0.6959225012683917,0.5614205352612887,0.6958416412988331,0.6737119482496194,0.5613560058346018
275,0.0,828.0,834.0,0.6737764776763064,0.9888550545408422,0.6959225012683917,0.5614175545408422,0.6958416412988331,0.6737118531202435,0.5613529299847793
276,0.0,831.0,837.0,0.6737764776763064,0.9888550545408422,0.6959225012683917,0.5614145104008118,0.6958416412988331,0.6737117579908676,0.5613497907153729
277,0.0,834.0,840.0,0.6737764776763064,0.9888550545408422,0.6959225012683917,0.5614114979705733,0.6958416412988331,0.6737116628614916,0.5613466831557585
278,0.0,837.0,843.0,0.6737764776763064,0.9888550545408422,0.6959225012683917,0.5614084538305428,0.6958416412988331,0.6737115677321157,0.5613435438863521
279,0.0,840.0,846.0,0.6737764776763064,0.9888550545408422,0.6959225012683917,0.5614054096905124,0.6958416412988331,0.6737114726027398,0.5613404046169457
280,0.0,843.0,849.0,0.6737764776763064,0.9888550545408422,0.6959225012683917,0.561402365550482,0.6958416412988331,0.6737113774733637,0.5613372653475394
281,0.0,846.0,852.0,0.6737764776763064,0.9888550545408422,0.6959225012683917,0.5613992579908675,0.6958416412988331,0.6737112823439878,0.5613340626585489
282,0.0,849.0,855.0,0.6737764776763064,0.9888550545408422,0.6959225012683917,0.5613961187214612,0.6958416412988331,0.6737111872146119,0.5613308282597667
283,0.0,852.0,858.0,0.6737764776763064,0.9888550545408422,0.6959225012683917,0.5613930111618468,0.6958416412988331,0.6737110920852359,0.5613276255707762
284,0.0,855.0,861.0,0.6737764776763064,0.9888550545408422,0.6959225012683917,0.5613899670218163,0.6958416412988331,0.67371099695586,0.5613244863013699
285,0.0,858.0,864.0,0.6737764776763064,0.9888550545408422,0.6959225012683917,0.5613869228817859,0.6958416412988331,0.673710901826484,0.5613213470319635
286,0.0,861.0,867.0,0.6737764776763064,0.9888550545408422,0.6959225012683917,0.5613839421613395,0.6958416412988331,0.673710806697108,0.5613182711821411
287,0.0,864.0,870.0,0.6737764776763064,0.9888550545408422,0.6959225012683917,0.5613809931506849,0.6958416412988331,0.6737107115677321,0.5613152270421106
288,0.0,867.0,873.0,0.6737764776763064,0.9888550545408422,0.6959225012683917,0.5613780124302384,0.6958416412988331,0.6737106164383562,0.5613121511922882
289,0.0,870.0,876.0,0.6737764776763064,0.9888550545408422,0.6959225012683917,0.561374873160832,0.6958416412988331,0.6737105213089802,0.5613089167935058
290,0.0,873.0,879.0,0.6737764776763064,0.9888550545408422,0.6959225012683917,0.5613717338914257,0.6958416412988331,0.6737104261796043,0.5613056823947234
291,0.0,876.0,882.0,0.6737764776763064,0.9888550545408422,0.6959225012683917,0.5613685946220193,0.6958416412988331,0.6737103310502283,0.5613024479959412
292,0.0,879.0,885.0,0.6737764776763064,0.9888550545408422,0.6959225012683917,0.5613653919330289,0.6958416412988331,0.6737102359208523,0.5612991501775748
293,0.0,882.0,888.0,0.6737764776763064,0.9888550545408422,0.6959225012683917,0.5613621575342466,0.6958416412988331,0.6737101407914764,0.5612958206494165
294,0.0,885.0,891.0,0.6737764776763064,0.9888550545408422,0.6959225012683917,0.5613588914256723,0.6958416412988331,0.6737100456621005,0.5612924594114662
295,0.0,888.0,894.0,0.6737764776763064,0.9888550545408422,0.6959225012683917,0.56135549847793,0.6958416412988331,0.6737099505327245,0.5612889713343481
296,0.0,891.0,897.0,0.6737764776763064,0.9888550545408422,0.6959225012683917,0.5613520738203958,0.6958416412988331,0.6737098554033486,0.5612854515474378
297,0.0,894.0,900.0,0.6737764776763064,0.9888550545408422,0.6959225012683917,0.5613486491628615,0.6958416412988331,0.6737097602739726,0.5612819317605277
298,0.0,897.0,903.0,0.6737764776763064,0.9888550545408422,0.6959225012683917,0.5613452879249112,0.6958416412988331,0.6737096651445966,0.5612784753932014
299,0.0,900.0,906.0,0.6737764776763064,0.9888550545408422,0.6959225012683917,0.5613419583967529,0.6958416412988331,0.6737095700152207,0.5612750507356672
300,0.0,903.0,909.0,0.6737764776763064,0.9888550545408422,0.6959225012683917,0.5613386605783867,0.6958416412988331,0.6737094748858448,0.5612716577879249
301,0.0,906.0,912.0,0.6737764776763064,0.9888550545408422,0.6959225012683917,0.5613355213089802,0.6958416412988331,0.6737093797564688,0.5612684233891425
302,0.0,909.0,915.0,0.6737764776763064,0.9888550545408422,0.6959225012683917,0.5613323820395738,0.6958416412988331,0.6737092846270929,0.5612651889903603
303,0.0,912.0,918.0,0.6737764776763064,0.9888550545408422,0.6959225012683917,0.5613292427701674,0.6958416412988331,0.6737091894977169,0.5612619545915779
304,0.0,915.0,921.0,0.6737764776763064,0.9888550545408422,0.6959225012683917,0.561326166920345,0.6958416412988331,0.6737090943683409,0.5612587836123795
305,0.0,918.0,924.0,0.6737764776763064,0.9888550545408422,0.6959225012683917,0.5613230593607306,0.6958416412988331,0.673708999238965,0.5612555809233891
306,0.0,921.0,927.0,0.6737764776763064,0.9888550545408422,0.6959225012683917,0.5613198249619482,0.6958416412988331,0.6737089041095891,0.5612522513952308
307,0.0,924.0,930.0,0.6737764776763064,0.9888550545408422,0.6959225012683917,0.5613165271435819,0.6958416412988331,0.6737088089802131,0.5612488584474886
308,0.0,927.0,933.0,0.6737764776763064,0.9888550545408422,0.6959225012683917,0.5613131976154236,0.6958416412988331,0.6737087138508372,0.5612454337899543
309,0.0,930.0,936.0,0.6737764776763064,0.9888550545408422,0.6959225012683917,0.5613099315068493,0.6958416412988331,0.6737086187214611,0.5612420725520041
310,0.0,933.0,939.0,0.6737764776763064,0.9888550545408422,0.6959225012683917,0.561306697108067,0.6958416412988331,0.6737085235920852,0.5612387430238458
311,0.0,936.0,942.0,0.6737764776763064,0.9888550545408422,0.6959225012683917,0.5613034627092847,0.6958416412988331,0.6737084284627093,0.5612354134956875
312,0.0,939.0,945.0,0.6737764776763064,0.9888550545408422,0.6959225012683917,0.5613002283105023,0.6958416412988331,0.6737083333333334,0.5612320839675292
313,0.0,942.0,948.0,0.6737764776763064,0.9888550545408422,0.6959225012683917,0.5612969939117199,0.6958416412988331,0.6737082382039574,0.5612287544393709
314,0.0,945.0,951.0,0.6737764776763064,0.9888550545408422,0.6959225012683917,0.5612937595129376,0.6958416412988331,0.6737081430745814,0.5612254249112126
315,0.0,948.0,954.0,0.6737764776763064,0.9888550545408422,0.6959225012683917,0.5612904616945713,0.6958416412988331,0.6737080479452054,0.5612220319634703
316,0.0,951.0,957.0,0.6737764776763064,0.9888550545408422,0.6959225012683917,0.561287132166413,0.6958416412988331,0.6737079528158295,0.5612186073059361
317,0.0,954.0,960.0,0.6737764776763064,0.9888550545408422,0.6959225012683917,0.5612838026382547,0.6958416412988331,0.6737078576864536,0.5612151826484019
318,0.0,957.0,963.0,0.6737764776763064,0.9888550545408422,0.6959225012683917,0.5612804731100964,0.6958416412988331,0.6737077625570776,0.5612117579908675
319,0.0,960.0,966.0,0.6737764776763064,0.9888550545408422,0.6959225012683917,0.5612771435819381,0.6958416412988331,0.6737076674277017,0.5612083333333333
320,0.0,963.0,969.0,0.6737764776763064,0.9888550545408422,0.6959225012683917,0.5612738140537799,0.6958416412988331,0.6737075722983257,0.5612049086757991
321,0.0,966.0,972.0,0.6737764776763064,0.9888550545408422,0.6959225012683917,0.5612704211060375,0.6958416412988331,0.6737074771689497,0.5612014205986808
322,0.0,969.0,975.0,0.6737764776763064,0.9888550545408422,0.6959225012683917,0.5612669964485033,0.6958416412988331,0.6737073820395738,0.5611979008117707
323,0.0,972.0,978.0,0.6737764776763064,0.9888550545408422,0.6959225012683917,0.561263666920345,0.6958416412988331,0.6737072869101979,0.5611944761542365
324,0.0,975.0,981.0,0.6737764776763064,0.9888550545408422,0.6959225012683917,0.5612604642313547,0.6958416412988331,0.673707191780822,0.5611911783358701
325,0.0,978.0,984.0,0.6737764776763064,0.9888550545408422,0.6959225012683917,0.5612573249619482,0.6958416412988331,0.673707096651446,0.5611879439370878
326,0.0,981.0,987.0,0.6737764776763064,0.9888550545408422,0.6959225012683917,0.5612541856925418,0.6958416412988331,0.67370700152207,0.5611847095383055
327,0.0,984.0,990.0,0.6737764776763064,0.9888550545408422,0.6959225012683917,0.5612510464231355,0.6958416412988331,0.673706906392694,0.5611814751395231
328,0.0,987.0,993.0,0.6737764776763064,0.9888550545408422,0.6959225012683917,0.5612479071537291,0.6958416412988331,0.6737068112633181,0.5611782407407407
329,0.0,990.0,996.0,0.6737764776763064,0.9888550545408422,0.6959225012683917,0.5612446727549467,0.6958416412988331,0.6737067161339422,0.5611749112125825
330,0.0,993.0,999.0,0.6737764776763064,0.9888550545408422,0.6959225012683917,0.5612414383561644,0.6958416412988331,0.6737066210045662,0.5611715816844242
331,0.0,996.0,1002.0,0.6737764776763064,0.9888550545408422,0.6959225012683917,0.561238203957382,0.6958416412988331,0.6737065258751903,0.5611682521562659
332,0.0,999.0,1005.0,0.6737764776763064,0.9888550545408422,0.6959225012683917,0.5612349695585997,0.6958416412988331,0.6737064307458143,0.5611649226281076
333,0.0,1002.0,1008.0,0.6737764776763064,0.9888550545408422,0.6959225012683917,0.5612316717402334,0.6958416412988331,0.6737063356164383,0.5611615296803653
334,0.0,1005.0,1011.0,0.6737764776763064,0.9888550545408422,0.6959225012683917,0.5612283422120751,0.6958416412988331,0.6737062404870624,0.561158105022831
335,0.0,1008.0,1014.0,0.6737764776763064,0.9888550545408422,0.6959225012683917,0.5612251078132927,0.6958416412988331,0.6737061453576865,0.5611547754946727
336,0.0,1011.0,1017.0,0.6737764776763064,0.9888550545408422,0.6959225012683917,0.5612218734145104,0.6958416412988331,0.6737060502283105,0.5611514459665145
337,0.0,1014.0,1020.0,0.6737764776763064,0.9888550545408422,0.6959225012683917,0.561218734145104,0.6958416412988331,0.6737059550989346,0.5611482115677321
338,0.0,1017.0,1023.0,0.6737764776763064,0.9888550545408422,0.6959225012683917,0.5612155948756976,0.6958416412988331,0.6737058599695586,0.5611449771689497
339,0.0,1020.0,1026.0,0.6737764776763064,0.9888550545408422,0.6959225012683917,0.5612124873160832,0.6958416412988331,0.6737057648401826,0.5611417744799594
340,0.0,1023.0,1029.0,0.6737764776763064,0.9888550545408422,0.6959225012683917,0.5612094431760528,0.6958416412988331,0.6737056697108067,0.5611386352105531
341,0.0,1026.0,1032.0,0.6737764776763064,0.9888550545408422,0.6959225012683917,0.5612063990360223,0.6958416412988331,0.6737055745814308,0.5611354959411466
342,0.0,1029.0,1035.0,0.6737764776763064,0.9888550545408422,0.6959225012683917,0.5612033548959919,0.6958416412988331,0.6737054794520548,0.5611323566717402
343,0.0,1032.0,1038.0,0.6737764776763064,0.9888550545408422,0.6959225012683917,0.5612002790461694,0.6958416412988331,0.6737053843226788,0.5611291856925419
344,0.0,1035.0,1041.0,0.6737764776763064,0.9888550545408422,0.6959225012683917,0.5611971397767631,0.6958416412988331,0.6737052891933029,0.5611259512937595
345,0.0,1038.0,1044.0,0.6737764776763064,0.9888550545408422,0.6959225012683917,0.5611940005073567,0.6958416412988331,0.6737051940639269,0.5611227168949772
346,0.0,1041.0,1047.0,0.6737764776763064,0.9888550545408422,0.6959225012683917,0.5611908612379503,0.6958416412988331,0.673705098934551,0.5611194824961948
347,0.0,1044.0,1050.0,0.6737764776763064,0.9888550545408422,0.6959225012683917,0.5611877853881279,0.6958416412988331,0.6737050038051751,0.5611163115169965
348,0.0,1047.0,1053.0,0.6737764776763064,0.9888550545408422,0.6959225012683917,0.5611847412480974,0.6958416412988331,0.6737049086757991,0.56111317224759
349,0.0,1050.0,1056.0,0.6737764776763064,0.9888550545408422,0.6959225012683917,0.561181697108067,0.6958416412988331,0.6737048135464231,0.5611100329781836
350,0.0,1053.0,1059.0,0.6737764776763064,0.9888550545408422,0.6959225012683917,0.5611786529680365,0.6958416412988331,0.6737047184170472,0.5611068937087773
351,0.0,1056.0,1062.0,0.6737764776763064,0.9888550545408422,0.6959225012683917,0.561175703957382,0.6958416412988331,0.6737046232876712,0.5611038495687468
352,0.0,1059.0,1065.0,0.6737764776763064,0.9888550545408422,0.6959225012683917,0.5611728817858955,0.6958416412988331,0.6737045281582953,0.5611009322678844
353,0.0,1062.0,1068.0,0.6737764776763064,0.9888550545408422,0.6959225012683917,0.5611700279046169,0.6958416412988331,0.6737044330289194,0.5610979832572298
354,0.0,1065.0,1071.0,0.6737764776763064,0.9888550545408422,0.6959225012683917,0.5611671740233384,0.6958416412988331,0.6737043378995434,0.5610950342465754
355,0.0,1068.0,1074.0,0.6737764776763064,0.9888550545408422,0.6959225012683917,0.5611643201420599,0.6958416412988331,0.6737042427701674,0.5610920852359208
356,0.0,1071.0,1077.0,0.6737764776763064,0.9888550545408422,0.6959225012683917,0.5611614662607813,0.6958416412988331,0.6737041476407915,0.5610891362252663
357,0.0,1074.0,1080.0,0.6737764776763064,0.9888550545408422,0.6959225012683917,0.5611586123795028,0.6958416412988331,0.6737040525114155,0.5610861872146119
358,0.0,1077.0,1083.0,0.6737764776763064,0.9888550545408422,0.6959225012683917,0.5611557584982243,0.6958416412988331,0.6737039573820396,0.5610832382039573
359,0.0,1080.0,1086.0,0.6737764776763064,0.9888550545408422,0.6959225012683917,0.5611529046169457,0.6958416412988331,0.6737038622526637,0.5610802891933029
360,0.0,1083.0,1089.0,0.6737764776763064,0.9888550545408422,0.6959225012683917,0.5611500507356671,0.6958416412988331,0.6737037671232877,0.5610773401826484
361,0.0,1086.0,1092.0,0.6737764776763064,0.9888550545408422,0.6959225012683917,0.5611471968543886,0.6958416412988331,0.6737036719939117,0.5610743911719939
362,0.0,1089.0,1095.0,0.6737764776763064,0.9888550545408422,0.6959225012683917,0.5611443429731101,0.6958416412988331,0.6737035768645357,0.5610714421613394
363,0.0,1092.0,1098.0,0.6737764776763064,0.9888550545408422,0.6959225012683917,0.5611414256722476,0.6958416412988331,0.6737034817351598,0.5610684297311009
364,0.0,1095.0,1101.0,0.6737764776763064,0.9888550545408422,0.6959225012683917,0.5611384766615931,0.6958416412988331,0.6737033866057839,0.5610653855910706
365,0.0,1098.0,1104.0,0.6737764776763064,0.9888550545408422,0.6959225012683917,0.5611355276509387,0.6958416412988331,0.673703291476408,0.5610623414510401
366,0.0,1101.0,1107.0,0.6737764776763064,0.9888550545408422,0.6959225012683917,0.5611325152207002,0.6958416412988331,0.673703196347032,0.5610592338914256
367,0.0,1104.0,1110.0,0.6737764776763064,0.9888550545408422,0.6959225012683917,0.5611294710806697,0.6958416412988331,0.673703101217656,0.5610560946220193
368,0.0,1107.0,1113.0,0.6737764776763064,0.9888550545408422,0.6959225012683917,0.5611263318112634,0.6958416412988331,0.67370300608828,0.561052860223237
369,0.0,1110.0,1116.0,0.6737764776763064,0.9888550545408422,0.6959225012683917,0.5611231925418569,0.6958416412988331,0.6737029109589041,0.5610496258244546
370,0.0,1113.0,1119.0,0.6737764776763064,0.9888550545408422,0.6959225012683917,0.5611200215626585,0.6958416412988331,0.6737028158295282,0.5610463597158802
371,0.0,1116.0,1122.0,0.6737764776763064,0.9888550545408422,0.6959225012683917,0.5611167871638763,0.6958416412988331,0.6737027207001522,0.561043030187722
372,0.0,1119.0,1125.0,0.6737764776763064,0.9888550545408422,0.6959225012683917,0.5611135527650939,0.6958416412988331,0.6737026255707762,0.5610397006595637
373,0.0,1122.0,1128.0,0.6737764776763064,0.9888550545408422,0.6959225012683917,0.5611103183663115,0.6958416412988331,0.6737025304414003,0.5610363711314054
374,0.0,1125.0,1131.0,0.6737764776763064,0.9888550545408422,0.6959225012683917,0.5611070839675292,0.6958416412988331,0.6737024353120243,0.5610330416032471
375,0.0,1128.0,1134.0,0.6737764776763064,0.9888550545408422,0.6959225012683917,0.5611038495687468,0.6958416412988331,0.6737023401826484,0.5610297120750888
376,0.0,1131.0,1137.0,0.6737764776763064,0.9888550545408422,0.6959225012683917,0.5611006151699645,0.6958416412988331,0.6737022450532725,0.5610263825469305
377,0.0,1134.0,1140.0,0.6737764776763064,0.9888550545408422,0.6959225012683917,0.5610973173515982,0.6958416412988331,0.6737021499238965,0.5610229895991883
378,0.0,1137.0,1143.0,0.6737764776763064,0.9888550545408422,0.6959225012683917,0.5610939878234399,0.6958416412988331,0.6737020547945205,0.561019564941654
379,0.0,1140.0,1146.0,0.6737764776763064,0.9888550545408422,0.6959225012683917,0.5610906265854896,0.6958416412988331,0.6737019596651446,0.5610161085743277
380,0.0,1143.0,1149.0,0.6737764776763064,0.9888550545408422,0.6959225012683917,0.5610872336377474,0.6958416412988331,0.6737018645357686,0.5610126204972096
381,0.0,1146.0,1152.0,0.6737764776763064,0.9888550545408422,0.6959225012683917,0.561083808980213,0.6958416412988331,0.6737017694063927,0.5610091007102993
382,0.0,1149.0,1155.0,0.6737764776763064,0.9888550545408422,0.6959225012683917,0.5610802891933029,0.6958416412988331,0.6737016742770168,0.5610054857940132
383,0.0,1152.0,1158.0,0.6737764776763064,0.9888550545408422,0.6959225012683917,0.5610767376966007,0.6958416412988331,0.6737015791476408,0.5610018391679351
384,0.0,1155.0,1161.0,0.6737764776763064,0.9888550545408422,0.6959225012683917,0.5610731227803145,0.6958416412988331,0.6737014840182648,0.560998129122273
385,0.0,1158.0,1164.0,0.6737764776763064,0.9888550545408422,0.6959225012683917,0.5610694444444444,0.6958416412988331,0.6737013888888889,0.5609943556570269
386,0.0,1161.0,1167.0,0.6737764776763064,0.9888550545408422,0.6959225012683917,0.5610656392694064,0.6958416412988331,0.6737012937595129,0.5609904553526129
387,0.0,1164.0,1170.0,0.6737764776763064,0.9888550545408422,0.6959225012683917,0.5610618658041603,0.6958416412988331,0.673701198630137,0.5609865867579908
388,0.0,1167.0,1173.0,0.6737764776763064,0.9888550545408422,0.6959225012683917,0.5610581557584983,0.6958416412988331,0.6737011035007611,0.5609827815829528
389,0.0,1170.0,1176.0,0.6737764776763064,0.9888550545408422,0.6959225012683917,0.56105450913242,0.6958416412988331,0.6737010083713851,0.5609790398274987
390,0.0,1173.0,1179.0,0.6737764776763064,0.9888550545408422,0.6959225012683917,0.561050894216134,0.6958416412988331,0.6737009132420091,0.5609753297818366
391,0.0,1176.0,1182.0,0.6737764776763064,0.9888550545408422,0.6959225012683917,0.5610472792998478,0.6958416412988331,0.6737008181126332,0.5609716197361745
392,0.0,1179.0,1185.0,0.6737764776763064,0.9888550545408422,0.6959225012683917,0.5610436643835617,0.6958416412988331,0.6737007229832572,0.5609679096905125
393,0.0,1182.0,1188.0,0.6737764776763064,0.9888550545408422,0.6959225012683917,0.5610400811770675,0.6958416412988331,0.6737006278538813,0.5609642313546424
394,0.0,1185.0,1191.0,0.6737764776763064,0.9888550545408422,0.6959225012683917,0.5610365613901572,0.6958416412988331,0.6737005327245054,0.5609606164383562
395,0.0,1188.0,1194.0,0.6737764776763064,0.9888550545408422,0.6959225012683917,0.5610330733130391,0.6958416412988331,0.6737004375951294,0.560957033231862
396,0.0,1191.0,1197.0,0.6737764776763064,0.9888550545408422,0.6959225012683917,0.5610297120750888,0.6958416412988331,0.6737003424657534,0.5609535768645357
397,0.0,1194.0,1200.0,0.6737764776763064,0.9888550545408422,0.6959225012683917,0.5610262874175546,0.6958416412988331,0.6737002473363775,0.5609500570776256
398,0.0,1197.0,1203.0,0.6737764776763064,0.9888550545408422,0.6959225012683917,0.5610228627600203,0.6958416412988331,0.6737001522070015,0.5609465372907154
399,0.0,1200.0,1206.0,0.6737764776763064,0.9888550545408422,0.6959225012683917,0.561019438102486,0.6958416412988331,0.6737000570776256,0.5609430175038052
400,0.0,1203.0,1209.0,0.6737764776763064,0.9888550545408422,0.6959225012683917,0.5610160134449518,0.6958416412988331,0.6736999619482497,0.560939497716895
401,0.0,1206.0,1212.0,0.6737764776763064,0.9888550545408422,0.6959225012683917,0.5610125887874176,0.6958416412988331,0.6736998668188736,0.5609359779299847
402,0.0,1209.0,1215.0,0.6737764776763064,0.9888550545408422,0.6959225012683917,0.5610091641298833,0.6958416412988331,0.6736997716894977,0.5609324581430746
403,0.0,1212.0,1218.0,0.6737764776763064,0.9888550545408422,0.6959225012683917,0.5610057394723491,0.6958416412988331,0.6736996765601218,0.5609289383561644
404,0.0,1215.0,1221.0,0.6737764776763064,0.9888550545408422,0.6959225012683917,0.5610022513952309,0.6958416412988331,0.6736995814307458,0.5609253551496702
405,0.0,1218.0,1224.0,0.6737764776763064,0.9888550545408422,0.6959225012683917,0.5609986047691528,0.6958416412988331,0.6736994863013699,0.5609216133942161
406,0.0,1221.0,1227.0,0.6737764776763064,0.9888550545408422,0.6959225012683917,0.5609948947234906,0.6958416412988331,0.673699391171994,0.560917808219178
407,0.0,1224.0,1230.0,0.6737764776763064,0.9888550545408422,0.6959225012683917,0.5609911212582446,0.6958416412988331,0.6736992960426179,0.560913939624556
408,0.0,1227.0,1233.0,0.6737764776763064,0.9888550545408422,0.6959225012683917,0.5609873160832065,0.6958416412988331,0.673699200913242,0.560910039320142
409,0.0,1230.0,1236.0,0.6737764776763064,0.9888550545408422,0.6959225012683917,0.5609836060375444,0.6958416412988331,0.673699105783866,0.560906234145104
410,0.0,1233.0,1239.0,0.6737764776763064,0.9888550545408422,0.6959225012683917,0.5609799277016743,0.6958416412988331,0.6736990106544901,0.5609024606798579
411,0.0,1236.0,1242.0,0.6737764776763064,0.9888550545408422,0.6959225012683917,0.5609762493658041,0.6958416412988331,0.6736989155251142,0.5608986872146119
412,0.0,1239.0,1245.0,0.6737764776763064,0.9888550545408422,0.6959225012683917,0.560972539320142,0.6958416412988331,0.6736988203957383,0.5608948820395738
413,0.0,1242.0,1248.0,0.6737764776763064,0.9888550545408422,0.6959225012683917,0.56096882927448,0.6958416412988331,0.6736987252663622,0.5608910768645358
414,0.0,1245.0,1251.0,0.6737764776763064,0.9888550545408422,0.6959225012683917,0.5609651192288179,0.6958416412988331,0.6736986301369863,0.5608872716894977
415,0.0,1248.0,1254.0,0.6737764776763064,0.9888550545408422,0.6959225012683917,0.5609614091831557,0.6958416412988331,0.6736985350076103,0.5608834665144596
416,0.0,1251.0,1257.0,0.6737764776763064,0.9888550545408422,0.6959225012683917,0.5609576991374936,0.6958416412988331,0.6736984398782344,0.5608796613394216
417,0.0,1254.0,1260.0,0.6737764776763064,0.9888550545408422,0.6959225012683917,0.5609539890918316,0.6958416412988331,0.6736983447488585,0.5608758561643835
418,0.0,1257.0,1263.0,0.6737764776763064,0.9888550545408422,0.6959225012683917,0.5609502473363774,0.6958416412988331,0.6736982496194825,0.5608720192795535
419,0.0,1260.0,1266.0,0.6737764776763064,0.9888550545408422,0.6959225012683917,0.5609464421613394,0.6958416412988331,0.6736981544901065,0.5608681189751396
420,0.0,1263.0,1269.0,0.6737764776763064,0.9888550545408422,0.6959225012683917,0.5609426369863014,0.6958416412988331,0.6736980593607306,0.5608642186707256
421,0.0,1266.0,1272.0,0.6737764776763064,0.9888550545408422,0.6959225012683917,0.5609389269406393,0.6958416412988331,0.6736979642313546,0.5608604134956875
422,0.0,1269.0,1275.0,0.6737764776763064,0.9888550545408422,0.6959225012683917,0.5609352168949772,0.6958416412988331,0.6736978691019787,0.5608566083206494
423,0.0,1272.0,1278.0,0.6737764776763064,0.9888550545408422,0.6959225012683917,0.560931506849315,0.6958416412988331,0.6736977739726028,0.5608528031456114
424,0.0,1275.0,1281.0,0.6737764776763064,0.9888550545408422,0.6959225012683917,0.560927796803653,0.6958416412988331,0.6736976788432268,0.5608489979705733
425,0.0,1278.0,1284.0,0.6737764776763064,0.9888550545408422,0.6959225012683917,0.5609240867579909,0.6958416412988331,0.6736975837138508,0.5608451927955352
426,0.0,1281.0,1287.0,0.6737764776763064,0.9888550545408422,0.6959225012683917,0.5609203767123287,0.6958416412988331,0.6736974885844749,0.5608413876204972
427,0.0,1284.0,1290.0,0.6737764776763064,0.9888550545408422,0.6959225012683917,0.5609166032470827,0.6958416412988331,0.6736973934550989,0.5608375190258752
428,0.0,1287.0,1293.0,0.6737764776763064,0.9888550545408422,0.6959225012683917,0.5609128614916287,0.6958416412988331,0.673697298325723,0.5608336821410451
429,0.0,1290.0,1296.0,0.6737764776763064,0.9888550545408422,0.6959225012683917,0.5609091514459665,0.6958416412988331,0.6736972031963471,0.5608298769660071
430,0.0,1293.0,1299.0,0.6737764776763064,0.9888550545408422,0.6959225012683917,0.5609054414003044,0.6958416412988331,0.673697108066971,0.5608260717909691
431,0.0,1296.0,1302.0,0.6737764776763064,0.9888550545408422,0.6959225012683917,0.5609017313546423,0.6958416412988331,0.6736970129375951,0.560822266615931
432,0.0,1299.0,1305.0,0.6737764776763064,0.9888550545408422,0.6959225012683917,0.5608980213089803,0.6958416412988331,0.6736969178082192,0.560818461440893
433,0.0,1302.0,1308.0,0.6737764776763064,0.9888550545408422,0.6959225012683917,0.5608943112633181,0.6958416412988331,0.6736968226788432,0.5608146562658549
434,0.0,1305.0,1311.0,0.6737764776763064,0.9888550545408422,0.6959225012683917,0.560890601217656,0.6958416412988331,0.6736967275494673,0.5608108510908169
435,0.0,1308.0,1314.0,0.6737764776763064,0.9888550545408422,0.6959225012683917,0.5608868911719939,0.6958416412988331,0.6736966324200914,0.5608070459157788
436,0.0,1311.0,1317.0,0.6737764776763064,0.9888550545408422,0.6959225012683917,0.5608832445459158,0.6958416412988331,0.6736965372907153,0.5608033041603248
437,0.0,1314.0,1320.0,0.6737764776763064,0.9888550545408422,0.6959225012683917,0.5608796296296297,0.6958416412988331,0.6736964421613394,0.5607995941146626
438,0.0,1317.0,1323.0,0.6737764776763064,0.9888550545408422,0.6959225012683917,0.5608760147133435,0.6958416412988331,0.6736963470319635,0.5607958840690005
439,0.0,1320.0,1326.0,0.6737764776763064,0.9888550545408422,0.6959225012683917,0.5608723997970574,0.6958416412988331,0.6736962519025875,0.5607921740233384
440,0.0,1323.0,1329.0,0.6737764776763064,0.9888550545408422,0.6959225012683917,0.5608687848807712,0.6958416412988331,0.6736961567732116,0.5607884639776763
441,0.0,1326.0,1332.0,0.6737764776763064,0.9888550545408422,0.6959225012683917,0.5608651382546931,0.6958416412988331,0.6736960616438357,0.5607847222222222
442,0.0,1329.0,1335.0,0.6737764776763064,0.9888550545408422,0.6959225012683917,0.560861333079655,0.6958416412988331,0.6736959665144596,0.5607808219178082
443,0.0,1332.0,1338.0,0.6737764776763064,0.9888550545408422,0.6959225012683917,0.560857527904617,0.6958416412988331,0.6736958713850837,0.5607769216133942
444,0.0,1335.0,1341.0,0.6737764776763064,0.9888550545408422,0.6959225012683917,0.5608537227295789,0.6958416412988331,0.6736957762557078,0.5607730213089802
445,0.0,1338.0,1344.0,0.6737764776763064,0.9888550545408422,0.6959225012683917,0.5608498224251649,0.6958416412988331,0.6736956811263318,0.5607690258751903
446,0.0,1341.0,1347.0,0.6737764776763064,0.9888550545408422,0.6959225012683917,0.5608458904109589,0.6958416412988331,0.6736955859969559,0.5607650304414004
447,0.0,1344.0,1350.0,0.6737764776763064,0.9888550545408422,0.6959225012683917,0.560841894977169,0.6958416412988331,0.67369549086758,0.5607610350076103
448,0.0,1347.0,1353.0,0.6737764776763064,0.9888550545408422,0.6959225012683917,0.560837867833587,0.6958416412988331,0.6736953957382039,0.5607570078640284
449,0.0,1350.0,1356.0,0.6737764776763064,0.9888550545408422,0.6959225012683917,0.560833777270421,0.6958416412988331,0.673695300608828,0.5607529173008625
450,0.0,1353.0,1359.0,0.6737764776763064,0.9888550545408422,0.6959225012683917,0.5608296867072552,0.6958416412988331,0.673695205479452,0.5607488267376965
451,0.0,1356.0,1362.0,0.6737764776763064,0.9888550545408422,0.6959225012683917,0.5608256278538812,0.6958416412988331,0.6736951103500761,0.5607447678843227
452,0.0,1359.0,1365.0,0.6737764776763064,0.9888550545408422,0.6959225012683917,0.5608217275494672,0.6958416412988331,0.6736950152207002,0.5607408675799087
453,0.0,1362.0,1368.0,0.6737764776763064,0.9888550545408422,0.6959225012683917,0.5608178906646373,0.6958416412988331,0.6736949200913243,0.5607370306950786
454,0.0,1365.0,1371.0,0.6737764776763064,0.9888550545408422,0.6959225012683917,0.5608139586504313,0.6958416412988331,0.6736948249619482,0.5607330986808726
455,0.0,1368.0,1374.0,0.6737764776763064,0.9888550545408422,0.6959225012683917,0.5608100583460173,0.6958416412988331,0.6736947298325723,0.5607291983764586
456,0.0,1371.0,1377.0,0.6737764776763064,0.9888550545408422,0.6959225012683917,0.5608061580416033,0.6958416412988331,0.6736946347031963,0.5607252980720446
457,0.0,1374.0,1380.0,0.6737764776763064,0.9888550545408422,0.6959225012683917,0.5608022577371893,0.6958416412988331,0.6736945395738204,0.5607213977676306
458,0.0,1377.0,1383.0,0.6737764776763064,0.9888550545408422,0.6959225012683917,0.5607983574327753,0.6958416412988331,0.6736944444444445,0.5607174974632166
459,0.0,1380.0,1386.0,0.6737764776763064,0.9888550545408422,0.6959225012683917,0.5607945522577372,0.6958416412988331,0.6736943493150684,0.5607136922881786
460,0.0,1383.0,1389.0,0.6737764776763064,0.9888550545408422,0.6959225012683917,0.5607906519533232,0.6958416412988331,0.6736942541856925,0.5607097919837646
461,0.0,1386.0,1392.0,0.6737764776763064,0.9888550545408422,0.6959225012683917,0.5607866565195332,0.6958416412988331,0.6736941590563166,0.5607057965499747
462,0.0,1389.0,1395.0,0.6737764776763064,0.9888550545408422,0.6959225012683917,0.5607826610857433,0.6958416412988331,0.6736940639269406,0.5607018011161847
463,0.0,1392.0,1398.0,0.6737764776763064,0.9888550545408422,0.6959225012683917,0.5607786656519533,0.6958416412988331,0.6736939687975647,0.5606978056823947
464,0.0,1395.0,1401.0,0.6737764776763064,0.9888550545408422,0.6959225012683917,0.5607746702181634,0.6958416412988331,0.6736938736681888,0.5606938102486048
465,0.0,1398.0,1404.0,0.6737764776763064,0.9888550545408422,0.6959225012683917,0.5607705796549974,0.6958416412988331,0.6736937785388127,0.5606897196854389
466,0.0,1401.0,1407.0,0.6737764776763064,0.9888550545408422,0.6959225012683917,0.5607665842212075,0.6958416412988331,0.6736936834094368,0.5606857242516489
467,0.0,1404.0,1410.0,0.6737764776763064,0.9888550545408422,0.6959225012683917,0.5607626522070015,0.6958416412988331,0.6736935882800609,0.560681792237443
468,0.0,1407.0,1413.0,0.6737764776763064,0.9888550545408422,0.6959225012683917,0.5607587201927955,0.6958416412988331,0.6736934931506849,0.560677860223237
469,0.0,1410.0,1416.0,0.6737764776763064,0.9888550545408422,0.6959225012683917,0.5607548198883815,0.6958416412988331,0.673693398021309,0.560673959918823
470,0.0,1413.0,1419.0,0.6737764776763064,0.9888550545408422,0.6959225012683917,0.5607510147133434,0.6958416412988331,0.6736933028919331,0.5606701547437849
471,0.0,1416.0,1422.0,0.6737764776763064,0.9888550545408422,0.6959225012683917,0.5607472412480974,0.6958416412988331,0.673693207762557,0.5606663812785389
472,0.0,1419.0,1425.0,0.6737764776763064,0.9888550545408422,0.6959225012683917,0.5607435312024354,0.6958416412988331,0.6736931126331811,0.5606626712328767
473,0.0,1422.0,1428.0,0.6737764776763064,0.9888550545408422,0.6959225012683917,0.5607398211567732,0.6958416412988331,0.6736930175038052,0.5606589611872146
474,0.0,1425.0,1431.0,0.6737764776763064,0.9888550545408422,0.6959225012683917,0.5607360476915272,0.6958416412988331,0.6736929223744292,0.5606551877219685
475,0.0,1428.0,1434.0,0.6737764776763064,0.9888550545408422,0.6959225012683917,0.5607322425164891,0.6958416412988331,0.6736928272450533,0.5606513825469305
476,0.0,1431.0,1437.0,0.6737764776763064,0.9888550545408422,0.6959225012683917,0.5607284373414511,0.6958416412988331,0.6736927321156774,0.5606475773718924
477,0.0,1434.0,1440.0,0.6737764776763064,0.9888550545408422,0.6959225012683917,0.5607246955859969,0.6958416412988331,0.6736926369863013,0.5606438356164384
478,0.0,1437.0,1443.0,0.6737764776763064,0.9888550545408422,0.6959225012683917,0.5607209855403349,0.6958416412988331,0.6736925418569254,0.5606401255707762
479,0.0,1440.0,1446.0,0.6737764776763064,0.9888550545408422,0.6959225012683917,0.5607172754946728,0.6958416412988331,0.6736924467275495,0.5606364155251141
480,0.0,1443.0,1449.0,0.6737764776763064,0.9888550545408422,0.6959225012683917,0.5607135654490106,0.6958416412988331,0.6736923515981735,0.5606327054794521
481,0.0,1446.0,1452.0,0.6737764776763064,0.9888550545408422,0.6959225012683917,0.5607098554033485,0.6958416412988331,0.6736922564687976,0.56062899543379
482,0.0,1449.0,1455.0,0.6737764776763064,0.9888550545408422,0.6959225012683917,0.5607061453576865,0.6958416412988331,0.6736921613394216,0.5606252853881278
483,0.0,1452.0,1458.0,0.6737764776763064,0.9888550545408422,0.6959225012683917,0.5607024353120243,0.6958416412988331,0.6736920662100456,0.5606215753424657
484,0.0,1455.0,1461.0,0.6737764776763064,0.9888550545408422,0.6959225012683917,0.5606988838153222,0.6958416412988331,0.6736919710806697,0.5606180238457635
485,0.0,1458.0,1464.0,0.6737764776763064,0.9888550545408422,0.6959225012683917,0.560695364028412,0.6958416412988331,0.6736918759512938,0.5606145040588534
486,0.0,1461.0,1467.0,0.6737764776763064,0.9888550545408422,0.6959225012683917,0.5606918442415018,0.6958416412988331,0.6736917808219178,0.5606109842719432
487,0.0,1464.0,1470.0,0.6737764776763064,0.9888550545408422,0.6959225012683917,0.5606884195839675,0.6958416412988331,0.6736916856925419,0.5606075596144089
488,0.0,1467.0,1473.0,0.6737764776763064,0.9888550545408422,0.6959225012683917,0.5606849949264333,0.6958416412988331,0.6736915905631659,0.5606041349568747
489,0.0,1470.0,1476.0,0.6737764776763064,0.9888550545408422,0.6959225012683917,0.5606815702688991,0.6958416412988331,0.6736914954337899,0.5606007102993404
490,0.0,1473.0,1479.0,0.6737764776763064,0.9888550545408422,0.6959225012683917,0.5606781456113648,0.6958416412988331,0.673691400304414,0.5605972856418062
491,0.0,1476.0,1482.0,0.6737764776763064,0.9888550545408422,0.6959225012683917,0.5606747526636225,0.6958416412988331,0.6736913051750381,0.5605938926940639
492,0.0,1479.0,1485.0,0.6737764776763064,0.9888550545408422,0.6959225012683917,0.5606714231354643,0.6958416412988331,0.6736912100456621,0.5605905631659056
493,0.0,1482.0,1488.0,0.6737764776763064,0.9888550545408422,0.6959225012683917,0.560668093607306,0.6958416412988331,0.6736911149162862,0.5605872336377473
494,0.0,1485.0,1491.0,0.6737764776763064,0.9888550545408422,0.6959225012683917,0.5606646689497717,0.6958416412988331,0.6736910197869102,0.5605838089802131
495,0.0,1488.0,1494.0,0.6737764776763064,0.9888550545408422,0.6959225012683917,0.5606612442922374,0.6958416412988331,0.6736909246575342,0.5605803843226789
496,0.0,1491.0,1497.0,0.6737764776763064,0.9888550545408422,0.6959225012683917,0.5606578196347032,0.6958416412988331,0.6736908295281583,0.5605769596651446
497,0.0,1494.0,1500.0,0.6737764776763064,0.9888550545408422,0.6959225012683917,0.560654394977169,0.6958416412988331,0.6736907343987824,0.5605735350076103
498,0.0,1497.0,1503.0,0.6737764776763064,0.9888550545408422,0.6959225012683917,0.5606509703196347,0.6958416412988331,0.6736906392694064,0.5605701103500761
499,0.0,1500.0,1506.0,0.6737764776763064,0.9888550545408422,0.6959225012683917,0.5606475456621005,0.6958416412988331,0.6736905441400305,0.5605666856925419
500,0.0,1503.0,1509.0,0.6737764776763064,0.9888550545408422,0.6959225012683917,0.5606441210045662,0.6958416412988331,0.6736904490106544,0.5605632610350076
501,0.0,1506.0,1512.0,0.6737764776763064,0.9888550545408422,0.6959225012683917,0.560640601217656,0.6958416412988331,0.6736903538812785,0.5605597412480974
502,0.0,1509.0,1515.0,0.6737764776763064,0.9888550545408422,0.6959225012683917,0.5606370497209539,0.6958416412988331,0.6736902587519026,0.5605561897513952
503,0.0,1512.0,1518.0,0.6737764776763064,0.9888550545408422,0.6959225012683917,0.5606334348046677,0.6958416412988331,0.6736901636225266,0.5605525748351091
504,0.0,1515.0,1521.0,0.6737764776763064,0.9888550545408422,0.6959225012683917,0.5606298198883816,0.6958416412988331,0.6736900684931507,0.5605489599188229
505,0.0,1518.0,1524.0,0.6737764776763064,0.9888550545408422,0.6959225012683917,0.5606262049720954,0.6958416412988331,0.6736899733637748,0.5605453450025368
506,0.0,1521.0,1527.0,0.6737764776763064,0.9888550545408422,0.6959225012683917,0.5606225266362252,0.6958416412988331,0.6736898782343987,0.5605416666666667
507,0.0,1524.0,1530.0,0.6737764776763064,0.9888550545408422,0.6959225012683917,0.5606188165905631,0.6958416412988331,0.6736897831050228,0.5605379566210046
508,0.0,1527.0,1533.0,0.6737764776763064,0.9888550545408422,0.6959225012683917,0.5606150431253171,0.6958416412988331,0.6736896879756469,0.5605341831557585
509,0.0,1530.0,1536.0,0.6737764776763064,0.9888550545408422,0.6959225012683917,0.560611237950279,0.6958416412988331,0.673689592846271,0.5605303779807205
510,0.0,1533.0,1539.0,0.6737764776763064,0.9888550545408422,0.6959225012683917,0.5606074327752409,0.6958416412988331,0.673689497716895,0.5605265728056824
511,0.0,1536.0,1542.0,0.6737764776763064,0.9888550545408422,0.6959225012683917,0.560603627600203,0.6958416412988331,0.673689402587519,0.5605227676306443
512,0.0,1539.0,1545.0,0.6737764776763064,0.9888550545408422,0.6959225012683917,0.5605998224251649,0.6958416412988331,0.673689307458143,0.5605189624556063
513,0.0,1542.0,1548.0,0.6737764776763064,0.9888550545408422,0.6959225012683917,0.5605959538305428,0.6958416412988331,0.6736892123287671,0.5605150938609843
514,0.0,1545.0,1551.0,0.6737764776763064,0.9888550545408422,0.6959225012683917,0.5605920535261288,0.6958416412988331,0.6736891171993912,0.5605111935565703
515,0.0,1548.0,1554.0,0.6737764776763064,0.9888550545408422,0.6959225012683917,0.5605881532217148,0.6958416412988331,0.6736890220700152,0.5605072932521563
516,0.0,1551.0,1557.0,0.6737764776763064,0.9888550545408422,0.6959225012683917,0.5605842529173009,0.6958416412988331,0.6736889269406393,0.5605033929477423
517,0.0,1554.0,1560.0,0.6737764776763064,0.9888550545408422,0.6959225012683917,0.5605803526128869,0.6958416412988331,0.6736888318112633,0.5604994926433282
518,0.0,1557.0,1563.0,0.6737764776763064,0.9888550545408422,0.6959225012683917,0.5605764523084729,0.6958416412988331,0.6736887366818873,0.5604955923389142
519,0.0,1560.0,1566.0,0.6737764776763064,0.9888550545408422,0.6959225012683917,0.5605725520040589,0.6958416412988331,0.6736886415525114,0.5604916920345002
520,0.0,1563.0,1569.0,0.6737764776763064,0.9888550545408422,0.6959225012683917,0.5605686516996449,0.6958416412988331,0.6736885464231355,0.5604877917300862
521,0.0,1566.0,1572.0,0.6737764776763064,0.9888550545408422,0.6959225012683917,0.5605646879756468,0.6958416412988331,0.6736884512937595,0.5604838280060883
522,0.0,1569.0,1575.0,0.6737764776763064,0.9888550545408422,0.6959225012683917,0.5605606925418569,0.6958416412988331,0.6736883561643836,0.5604798325722983
523,0.0,1572.0,1578.0,0.6737764776763064,0.9888550545408422,0.6959225012683917,0.560556697108067,0.6958416412988331,0.6736882610350076,0.5604758371385083
524,0.0,1575.0,1581.0,0.6737764776763064,0.9888550545408422,0.6959225012683917,0.560552796803653,0.6958416412988331,0.6736881659056316,0.5604719368340944
525,0.0,1578.0,1584.0,0.6737764776763064,0.9888550545408422,0.6959225012683917,0.560548896499239,0.6958416412988331,0.6736880707762557,0.5604680365296804
526,0.0,1581.0,1587.0,0.6737764776763064,0.9888550545408422,0.6959225012683917,0.560544964485033,0.6958416412988331,0.6736879756468798,0.5604641045154743
527,0.0,1584.0,1590.0,0.6737764776763064,0.9888550545408422,0.6959225012683917,0.5605409690512431,0.6958416412988331,0.6736878805175038,0.5604601090816844
528,0.0,1587.0,1593.0,0.6737764776763064,0.9888550545408422,0.6959225012683917,0.560536973617453,0.6958416412988331,0.6736877853881279,0.5604561136478945
529,0.0,1590.0,1596.0,0.6737764776763064,0.9888550545408422,0.6959225012683917,0.560533073313039,0.6958416412988331,0.6736876902587519,0.5604522133434805
530,0.0,1593.0,1599.0,0.6737764776763064,0.9888550545408422,0.6959225012683917,0.560529173008625,0.6958416412988331,0.6736875951293759,0.5604483130390665
531,0.0,1596.0,1602.0,0.6737764776763064,0.9888550545408422,0.6959225012683917,0.560525272704211,0.6958416412988331,0.6736875,0.5604444127346525
532,0.0,1599.0,1605.0,0.6737764776763064,0.9888550545408422,0.6959225012683917,0.560521372399797,0.6958416412988331,0.6736874048706241,0.5604405124302384
533,0.0,1602.0,1608.0,0.6737764776763064,0.9888550545408422,0.6959225012683917,0.560517472095383,0.6958416412988331,0.6736873097412481,0.5604366121258244
534,0.0,1605.0,1611.0,0.6737764776763064,0.9888550545408422,0.6959225012683917,0.5605135717909691,0.6958416412988331,0.6736872146118722,0.5604327118214104
535,0.0,1608.0,1614.0,0.6737764776763064,0.9888550545408422,0.6959225012683917,0.5605096714865551,0.6958416412988331,0.6736871194824962,0.5604288115169964
536,0.0,1611.0,1617.0,0.6737764776763064,0.9888550545408422,0.6959225012683917,0.5605057711821411,0.6958416412988331,0.6736870243531202,0.5604249112125824
537,0.0,1614.0,1620.0,0.6737764776763064,0.9888550545408422,0.6959225012683917,0.560501934297311,0.6958416412988331,0.6736869292237443,0.5604210743277525
538,0.0,1617.0,1623.0,0.6737764776763064,0.9888550545408422,0.6959225012683917,0.560498097412481,0.6958416412988331,0.6736868340943684,0.5604172374429224
539,0.0,1620.0,1626.0,0.6737764776763064,0.9888550545408422,0.6959225012683917,0.5604941971080669,0.6958416412988331,0.6736867389649924,0.5604133371385084
540,0.0,1623.0,1629.0,0.6737764776763064,0.9888550545408422,0.6959225012683917,0.5604902968036529,0.6958416412988331,0.6736866438356164,0.5604094368340944
541,0.0,1626.0,1632.0,0.6737764776763064,0.9888550545408422,0.6959225012683917,0.560486301369863,0.6958416412988331,0.6736865487062405,0.5604054414003045
542,0.0,1629.0,1635.0,0.6737764776763064,0.9888550545408422,0.6959225012683917,0.5604823059360731,0.6958416412988331,0.6736864535768645,0.5604014459665144
543,0.0,1632.0,1638.0,0.6737764776763064,0.9888550545408422,0.6959225012683917,0.5604784056316591,0.6958416412988331,0.6736863584474886,0.5603975456621004
544,0.0,1635.0,1641.0,0.6737764776763064,0.9888550545408422,0.6959225012683917,0.5604745053272451,0.6958416412988331,0.6736862633181127,0.5603936453576864
545,0.0,1638.0,1644.0,0.6737764776763064,0.9888550545408422,0.6959225012683917,0.5604706050228311,0.6958416412988331,0.6736861681887367,0.5603897450532724
546,0.0,1641.0,1647.0,0.6737764776763064,0.9888550545408422,0.6959225012683917,0.5604667047184171,0.6958416412988331,0.6736860730593607,0.5603858447488584
547,0.0,1644.0,1650.0,0.6737764776763064,0.9888550545408422,0.6959225012683917,0.5604628044140031,0.6958416412988331,0.6736859779299847,0.5603819444444444
548,0.0,1647.0,1653.0,0.6737764776763064,0.9888550545408422,0.6959225012683917,0.5604588723997971,0.6958416412988331,0.6736858828006088,0.5603780124302384
549,0.0,1650.0,1656.0,0.6737764776763064,0.9888550545408422,0.6959225012683917,0.5604549086757991,0.6958416412988331,0.6736857876712329,0.5603740487062405
550,0.0,1653.0,1659.0,0.6737764776763064,0.9888550545408422,0.6959225012683917,0.5604509449518011,0.6958416412988331,0.673685692541857,0.5603700849822425
551,0.0,1656.0,1662.0,0.6737764776763064,0.9888550545408422,0.6959225012683917,0.5604470446473871,0.6958416412988331,0.673685597412481,0.5603661846778285
552,0.0,1659.0,1665.0,0.6737764776763064,0.9888550545408422,0.6959225012683917,0.5604429857940132,0.6958416412988331,0.673685502283105,0.5603621258244545
553,0.0,1662.0,1668.0,0.6737764776763064,0.9888550545408422,0.6959225012683917,0.5604389903602233,0.6958416412988331,0.673685407153729,0.5603581303906646
554,0.0,1665.0,1671.0,0.6737764776763064,0.9888550545408422,0.6959225012683917,0.5604349949264332,0.6958416412988331,0.6736853120243531,0.5603541349568747
555,0.0,1668.0,1674.0,0.6737764776763064,0.9888550545408422,0.6959225012683917,0.5604309994926433,0.6958416412988331,0.6736852168949772,0.5603501395230848
556,0.0,1671.0,1677.0,0.6737764776763064,0.9888550545408422,0.6959225012683917,0.5604270040588534,0.6958416412988331,0.6736851217656012,0.5603461440892947
557,0.0,1674.0,1680.0,0.6737764776763064,0.9888550545408422,0.6959225012683917,0.5604230403348553,0.6958416412988331,0.6736850266362253,0.5603421803652968
558,0.0,1677.0,1683.0,0.6737764776763064,0.9888550545408422,0.6959225012683917,0.5604191400304414,0.6958416412988331,0.6736849315068493,0.5603382800608828
559,0.0,1680.0,1686.0,0.6737764776763064,0.9888550545408422,0.6959225012683917,0.5604152080162355,0.6958416412988331,0.6736848363774733,0.5603343480466768
560,0.0,1683.0,1689.0,0.6737764776763064,0.9888550545408422,0.6959225012683917,0.5604112125824454,0.6958416412988331,0.6736847412480974,0.5603303526128869
561,0.0,1686.0,1692.0,0.6737764776763064,0.9888550545408422,0.6959225012683917,0.5604070268899036,0.6958416412988331,0.6736846461187215,0.560326166920345
562,0.0,1689.0,1695.0,0.6737764776763064,0.9888550545408422,0.6959225012683917,0.5604028411973617,0.6958416412988331,0.6736845509893455,0.5603219812278032
563,0.0,1692.0,1698.0,0.6737764776763064,0.9888550545408422,0.6959225012683917,0.5603986555048199,0.6958416412988331,0.6736844558599696,0.5603177955352613
564,0.0,1695.0,1701.0,0.6737764776763064,0.9888550545408422,0.6959225012683917,0.5603943746829021,0.6958416412988331,0.6736843607305936,0.5603135147133435
565,0.0,1698.0,1704.0,0.6737764776763064,0.9888550545408422,0.6959225012683917,0.5603899987316083,0.6958416412988331,0.6736842656012176,0.5603091387620497
566,0.0,1701.0,1707.0,0.6737764776763064,0.9888550545408422,0.6959225012683917,0.5603856227803146,0.6958416412988331,0.6736841704718417,0.5603047628107559
567,0.0,1704.0,1710.0,0.6737764776763064,0.9888550545408422,0.6959225012683917,0.5603812468290208,0.6958416412988331,0.6736840753424658,0.5603003868594622
568,0.0,1707.0,1713.0,0.6737764776763064,0.9888550545408422,0.6959225012683917,0.5603769342973111,0.6958416412988331,0.6736839802130898,0.5602960743277524
569,0.0,1710.0,1716.0,0.6737764776763064,0.9888550545408422,0.6959225012683917,0.5603726534753932,0.6958416412988331,0.6736838850837138,0.5602917935058346
570,0.0,1713.0,1719.0,0.6737764776763064,0.9888550545408422,0.6959225012683917,0.5603682775240995,0.6958416412988331,0.6736837899543379,0.5602874175545408
571,0.0,1716.0,1722.0,0.6737764776763064,0.9888550545408422,0.6959225012683917,0.5603639015728057,0.6958416412988331,0.6736836948249619,0.560283041603247
572,0.0,1719.0,1725.0,0.6737764776763064,0.9888550545408422,0.6959225012683917,0.560359430492136,0.6958416412988331,0.673683599695586,0.5602785705225773
573,0.0,1722.0,1728.0,0.6737764776763064,0.9888550545408422,0.6959225012683917,0.5603549594114663,0.6958416412988331,0.6736835045662101,0.5602740994419076
574,0.0,1725.0,1731.0,0.6737764776763064,0.9888550545408422,0.6959225012683917,0.5603504883307966,0.6958416412988331,0.6736834094368341,0.560269628361238
575,0.0,1728.0,1734.0,0.6737764776763064,0.9888550545408422,0.6959225012683917,0.5603460172501269,0.6958416412988331,0.6736833143074581,0.5602651572805682
576,0.0,1731.0,1737.0,0.6737764776763064,0.9888550545408422,0.6959225012683917,0.5603416412988331,0.6958416412988331,0.6736832191780822,0.5602607813292745
577,0.0,1734.0,1740.0,0.6737764776763064,0.9888550545408422,0.6959225012683917,0.5603372653475394,0.6958416412988331,0.6736831240487062,0.5602564053779807
578,0.0,1737.0,1743.0,0.6737764776763064,0.9888550545408422,0.6959225012683917,0.5603328893962456,0.6958416412988331,0.6736830289193303,0.560252029426687
579,0.0,1740.0,1746.0,0.6737764776763064,0.9888550545408422,0.6959225012683917,0.5603285134449518,0.6958416412988331,0.6736829337899544,0.5602476534753932
580,0.0,1743.0,1749.0,0.6737764776763064,0.9888550545408422,0.6959225012683917,0.560324074074074,0.6958416412988331,0.6736828386605784,0.5602432141045155
581,0.0,1746.0,1752.0,0.6737764776763064,0.9888550545408422,0.6959225012683917,0.5603196029934043,0.6958416412988331,0.6736827435312024,0.5602387430238458
582,0.0,1749.0,1755.0,0.6737764776763064,0.9888550545408422,0.6959225012683917,0.5603151319127346,0.6958416412988331,0.6736826484018265,0.5602342719431761
583,0.0,1752.0,1758.0,0.6737764776763064,0.9888550545408422,0.6959225012683917,0.5603106608320649,0.6958416412988331,0.6736825532724505,0.5602298008625063
584,0.0,1755.0,1761.0,0.6737764776763064,0.9888550545408422,0.6959225012683917,0.5603061897513952,0.6958416412988331,0.6736824581430746,0.5602253297818366
585,0.0,1758.0,1764.0,0.6737764776763064,0.9888550545408422,0.6959225012683917,0.5603017186707255,0.6958416412988331,0.6736823630136987,0.5602208587011669
586,0.0,1761.0,1767.0,0.6737764776763064,0.9888550545408422,0.6959225012683917,0.5602972475900558,0.6958416412988331,0.6736822678843227,0.5602163876204972
587,0.0,1764.0,1770.0,0.6737764776763064,0.9888550545408422,0.6959225012683917,0.5602927765093861,0.6958416412988331,0.6736821727549467,0.5602119165398275
588,0.0,1767.0,1773.0,0.6737764776763064,0.9888550545408422,0.6959225012683917,0.5602883054287164,0.6958416412988331,0.6736820776255708,0.5602074454591578
589,0.0,1770.0,1776.0,0.6737764776763064,0.9888550545408422,0.6959225012683917,0.5602838343480466,0.6958416412988331,0.6736819824961948,0.5602029743784881
590,0.0,1773.0,1779.0,0.6737764776763064,0.9888550545408422,0.6959225012683917,0.560279458396753,0.6958416412988331,0.6736818873668189,0.5601985984271943
591,0.0,1776.0,1782.0,0.6737764776763064,0.9888550545408422,0.6959225012683917,0.5602750824454592,0.6958416412988331,0.673681792237443,0.5601942224759006
592,0.0,1779.0,1785.0,0.6737764776763064,0.9888550545408422,0.6959225012683917,0.5602707064941654,0.6958416412988331,0.673681697108067,0.5601898465246068
593,0.0,1782.0,1788.0,0.6737764776763064,0.9888550545408422,0.6959225012683917,0.5602663305428717,0.6958416412988331,0.673681601978691,0.560185470573313
594,0.0,1785.0,1791.0,0.6737764776763064,0.9888550545408422,0.6959225012683917,0.5602619545915779,0.6958416412988331,0.673681506849315,0.5601810946220193
595,0.0,1788.0,1794.0,0.6737764776763064,0.9888550545408422,0.6959225012683917,0.5602575786402841,0.6958416412988331,0.6736814117199391,0.5601767186707255
596,0.0,1791.0,1797.0,0.6737764776763064,0.9888550545408422,0.6959225012683917,0.5602532026889904,0.6958416412988331,0.6736813165905632,0.5601723427194317
597,0.0,1794.0,1800.0,0.6737764776763064,0.9888550545408422,0.6959225012683917,0.5602488267376966,0.6958416412988331,0.6736812214611873,0.560167966768138
598,0.0,1797.0,1803.0,0.6737764776763064,0.9888550545408422,0.6959225012683917,0.5602444507864028,0.6958416412988331,0.6736811263318112,0.5601635908168442
599,0.0,1800.0,1806.0,0.6737764776763064,0.9888550545408422,0.6959225012683917,0.5602400748351091,0.6958416412988331,0.6736810312024353,0.5601592148655505
600,0.0,1803.0,1809.0,0.6737764776763064,0.9888550545408422,0.6959225012683917,0.5602356988838153,0.6958416412988331,0.6736809360730593,0.5601548389142568
601,0.0,1806.0,1812.0,0.6737764776763064,0.9888550545408422,0.6959225012683917,0.5602313229325215,0.6958416412988331,0.6736808409436834,0.560150462962963
602,0.0,1809.0,1815.0,0.6737764776763064,0.9888550545408422,0.6959225012683917,0.5602269469812278,0.6958416412988331,0.6736807458143075,0.5601460870116692
603,0.0,1812.0,1818.0,0.6737764776763064,0.9888550545408422,0.6959225012683917,0.560222602739726,0.6958416412988331,0.6736806506849315,0.5601417427701674
604,0.0,1815.0,1821.0,0.6737764776763064,0.9888550545408422,0.6959225012683917,0.5602182584982243,0.6958416412988331,0.6736805555555555,0.5601373985286656
605,0.0,1818.0,1824.0,0.6737764776763064,0.9888550545408422,0.6959225012683917,0.5602138825469305,0.6958416412988331,0.6736804604261796,0.5601330225773719
606,0.0,1821.0,1827.0,0.6737764776763064,0.9888550545408422,0.6959225012683917,0.5602095065956367,0.6958416412988331,0.6736803652968036,0.5601286466260781
607,0.0,1824.0,1830.0,0.6737764776763064,0.9888550545408422,0.6959225012683917,0.560205130644343,0.6958416412988331,0.6736802701674277,0.5601242706747843
608,0.0,1827.0,1833.0,0.6737764776763064,0.9888550545408422,0.6959225012683917,0.5602007546930492,0.6958416412988331,0.6736801750380518,0.5601198947234907
609,0.0,1830.0,1836.0,0.6737764776763064,0.9888550545408422,0.6959225012683917,0.5601963787417554,0.6958416412988331,0.6736800799086758,0.5601155187721969
610,0.0,1833.0,1839.0,0.6737764776763064,0.9888550545408422,0.6959225012683917,0.5601919393708777,0.6958416412988331,0.6736799847792998,0.5601110794013191
611,0.0,1836.0,1842.0,0.6737764776763064,0.9888550545408422,0.6959225012683917,0.560187468290208,0.6958416412988331,0.6736798896499239,0.5601066083206494
612,0.0,1839.0,1845.0,0.6737764776763064,0.9888550545408422,0.6959225012683917,0.5601830289193303,0.6958416412988331,0.6736797945205479,0.5601021689497717
613,0.0,1842.0,1848.0,0.6737764776763064,0.9888550545408422,0.6959225012683917,0.5601787163876205,0.6958416412988331,0.673679699391172,0.5600978564180619
614,0.0,1845.0,1851.0,0.6737764776763064,0.9888550545408422,0.6959225012683917,0.5601744355657027,0.6958416412988331,0.6736796042617961,0.5600935755961441
615,0.0,1848.0,1854.0,0.6737764776763064,0.9888550545408422,0.6959225012683917,0.5601701547437848,0.6958416412988331,0.6736795091324201,0.5600892947742263
616,0.0,1851.0,1857.0,0.6737764776763064,0.9888550545408422,0.6959225012683917,0.5601657787924911,0.6958416412988331,0.6736794140030441,0.5600849188229325
617,0.0,1854.0,1860.0,0.6737764776763064,0.9888550545408422,0.6959225012683917,0.5601613077118214,0.6958416412988331,0.6736793188736682,0.5600804477422628
618,0.0,1857.0,1863.0,0.6737764776763064,0.9888550545408422,0.6959225012683917,0.5601567732115678,0.6958416412988331,0.6736792237442922,0.5600759132420091
619,0.0,1860.0,1866.0,0.6737764776763064,0.9888550545408422,0.6959225012683917,0.5601521435819381,0.6958416412988331,0.6736791286149163,0.5600712836123795
620,0.0,1863.0,1869.0,0.6737764776763064,0.9888550545408422,0.6959225012683917,0.5601474822425165,0.6958416412988331,0.6736790334855404,0.5600666222729579
621,0.0,1866.0,1872.0,0.6737764776763064,0.9888550545408422,0.6959225012683917,0.5601428209030949,0.6958416412988331,0.6736789383561644,0.5600619609335363
622,0.0,1869.0,1875.0,0.6737764776763064,0.9888550545408422,0.6959225012683917,0.5601381278538813,0.6958416412988331,0.6736788432267884,0.5600572678843226
623,0.0,1872.0,1878.0,0.6737764776763064,0.9888550545408422,0.6959225012683917,0.5601333713850837,0.6958416412988331,0.6736787480974125,0.5600525114155251
624,0.0,1875.0,1881.0,0.6737764776763064,0.9888550545408422,0.6959225012683917,0.5601287100456621,0.6958416412988331,0.6736786529680365,0.5600478500761035
625,0.0,1878.0,1884.0,0.6737764776763064,0.9888550545408422,0.6959225012683917,0.5601240487062404,0.6958416412988331,0.6736785578386606,0.5600431887366819
626,0.0,1881.0,1887.0,0.6737764776763064,0.9888550545408422,0.6959225012683917,0.5601193873668189,0.6958416412988331,0.6736784627092847,0.5600385273972602
627,0.0,1884.0,1890.0,0.6737764776763064,0.9888550545408422,0.6959225012683917,0.5601146308980213,0.6958416412988331,0.6736783675799086,0.5600337709284627
628,0.0,1887.0,1893.0,0.6737764776763064,0.9888550545408422,0.6959225012683917,0.5601098744292238,0.6958416412988331,0.6736782724505327,0.5600290144596651
629,0.0,1890.0,1896.0,0.6737764776763064,0.9888550545408422,0.6959225012683917,0.5601051813800102,0.6958416412988331,0.6736781773211568,0.5600243214104516
630,0.0,1893.0,1899.0,0.6737764776763064,0.9888550545408422,0.6959225012683917,0.5601005200405885,0.6958416412988331,0.6736780821917808,0.5600196600710299
631,0.0,1896.0,1902.0,0.6737764776763064,0.9888550545408422,0.6959225012683917,0.5600957952815829,0.6958416412988331,0.6736779870624049,0.5600149353120244
632,0.0,1899.0,1905.0,0.6737764776763064,0.9888550545408422,0.6959225012683917,0.5600910705225773,0.6958416412988331,0.673677891933029,0.5600102105530188
633,0.0,1902.0,1908.0,0.6737764776763064,0.9888550545408422,0.6959225012683917,0.5600864726027397,0.6958416412988331,0.6736777968036529,0.5600056126331812
634,0.0,1905.0,1911.0,0.6737764776763064,0.9888550545408422,0.6959225012683917,0.5600818112633181,0.6958416412988331,0.673677701674277,0.5600009512937595
635,0.0,1908.0,1914.0,0.6737764776763064,0.9888550545408422,0.6959225012683917,0.5600771499238965,0.6958416412988331,0.673677606544901,0.5599962899543379
636,0.0,1911.0,1917.0,0.6737764776763064,0.9888550545408422,0.6959225012683917,0.5600724251648909,0.6958416412988331,0.6736775114155251,0.5599915651953323
637,0.0,1914.0,1920.0,0.6737764776763064,0.9888550545408422,0.6959225012683917,0.5600676686960934,0.6958416412988331,0.6736774162861492,0.5599868087265347
638,0.0,1917.0,1923.0,0.6737764776763064,0.9888550545408422,0.6959225012683917,0.5600629122272958,0.6958416412988331,0.6736773211567733,0.5599820522577372
639,0.0,1920.0,1926.0,0.6737764776763064,0.9888550545408422,0.6959225012683917,0.5600581557584983,0.6958416412988331,0.6736772260273972,0.5599772957889396
640,0.0,1923.0,1929.0,0.6737764776763064,0.9888550545408422,0.6959225012683917,0.5600533992897007,0.6958416412988331,0.6736771308980213,0.559972539320142
641,0.0,1926.0,1932.0,0.6737764776763064,0.9888550545408422,0.6959225012683917,0.560048642820903,0.6958416412988331,0.6736770357686453,0.5599677828513445
642,0.0,1929.0,1935.0,0.6737764776763064,0.9888550545408422,0.6959225012683917,0.5600438863521056,0.6958416412988331,0.6736769406392694,0.5599630263825469
643,0.0,1932.0,1938.0,0.6737764776763064,0.9888550545408422,0.6959225012683917,0.5600390981735159,0.6958416412988331,0.6736768455098935,0.5599582382039574
644,0.0,1935.0,1941.0,0.6737764776763064,0.9888550545408422,0.6959225012683917,0.5600342465753425,0.6958416412988331,0.6736767503805176,0.5599533866057839
645,0.0,1938.0,1944.0,0.6737764776763064,0.9888550545408422,0.6959225012683917,0.560029394977169,0.6958416412988331,0.6736766552511415,0.5599485350076103
646,0.0,1941.0,1947.0,0.6737764776763064,0.9888550545408422,0.6959225012683917,0.5600246385083714,0.6958416412988331,0.6736765601217656,0.5599437785388128
647,0.0,1944.0,1950.0,0.6737764776763064,0.9888550545408422,0.6959225012683917,0.5600199771689498,0.6958416412988331,0.6736764649923896,0.5599391171993912
648,0.0,1947.0,1953.0,0.6737764776763064,0.9888550545408422,0.6959225012683917,0.5600153158295281,0.6958416412988331,0.6736763698630137,0.5599344558599696
649,0.0,1950.0,1956.0,0.6737764776763064,0.9888550545408422,0.6959225012683917,0.5600106544901066,0.6958416412988331,0.6736762747336378,0.5599297945205479
650,0.0,1953.0,1959.0,0.6737764776763064,0.9888550545408422,0.6959225012683917,0.5600059931506849,0.6958416412988331,0.6736761796042618,0.5599251331811264
651,0.0,1956.0,1962.0,0.6737764776763064,0.9888550545408422,0.6959225012683917,0.5600012683916793,0.6958416412988331,0.6736760844748858,0.5599204084221208
652,0.0,1959.0,1965.0,0.6737764776763064,0.9888550545408422,0.6959225012683917,0.5599965753424657,0.6958416412988331,0.6736759893455099,0.5599157153729072
653,0.0,1962.0,1968.0,0.6737764776763064,0.9888550545408422,0.6959225012683917,0.5599919140030442,0.6958416412988331,0.6736758942161339,0.5599110540334855
654,0.0,1965.0,1971.0,0.6737764776763064,0.9888550545408422,0.6959225012683917,0.5599872526636225,0.6958416412988331,0.673675799086758,0.559906392694064
655,0.0,1968.0,1974.0,0.6737764776763064,0.9888550545408422,0.6959225012683917,0.5599825913242009,0.6958416412988331,0.6736757039573821,0.5599017313546423
656,0.0,1971.0,1977.0,0.6737764776763064,0.9888550545408422,0.6959225012683917,0.5599779616945713,0.6958416412988331,0.673675608828006,0.5598971017250127
657,0.0,1974.0,1980.0,0.6737764776763064,0.9888550545408422,0.6959225012683917,0.5599733954845256,0.6958416412988331,0.6736755136986301,0.559892535514967
658,0.0,1977.0,1983.0,0.6737764776763064,0.9888550545408422,0.6959225012683917,0.55996882927448,0.6958416412988331,0.6736754185692542,0.5598879693049214
659,0.0,1980.0,1986.0,0.6737764776763064,0.9888550545408422,0.6959225012683917,0.5599642630644343,0.6958416412988331,0.6736753234398782,0.5598834030948757
660,0.0,1983.0,1989.0,0.6737764776763064,0.9888550545408422,0.6959225012683917,0.5599596017250127,0.6958416412988331,0.6736752283105023,0.559878741755454
661,0.0,1986.0,1992.0,0.6737764776763064,0.9888550545408422,0.6959225012683917,0.559954940385591,0.6958416412988331,0.6736751331811264,0.5598740804160325
662,0.0,1989.0,1995.0,0.6737764776763064,0.9888550545408422,0.6959225012683917,0.5599502790461695,0.6958416412988331,0.6736750380517503,0.5598694190766108
663,0.0,1992.0,1998.0,0.6737764776763064,0.9888550545408422,0.6959225012683917,0.5599456177067479,0.6958416412988331,0.6736749429223744,0.5598647577371892
664,0.0,1995.0,2001.0,0.6737764776763064,0.9888550545408422,0.6959225012683917,0.5599409563673262,0.6958416412988331,0.6736748477929985,0.5598600963977677
665,0.0,1998.0,2004.0,0.6737764776763064,0.9888550545408422,0.6959225012683917,0.5599362950279047,0.6958416412988331,0.6736747526636225,0.559855435058346
666,0.0,2001.0,2007.0,0.6737764776763064,0.9888550545408422,0.6959225012683917,0.5599317605276509,0.6958416412988331,0.6736746575342466,0.5598509005580924
667,0.0,2004.0,2010.0,0.6737764776763064,0.9888550545408422,0.6959225012683917,0.5599272894469812,0.6958416412988331,0.6736745624048707,0.5598464294774226
668,0.0,2007.0,2013.0,0.6737764776763064,0.9888550545408422,0.6959225012683917,0.5599228183663115,0.6958416412988331,0.6736744672754946,0.5598419583967529
669,0.0,2010.0,2016.0,0.6737764776763064,0.9888550545408422,0.6959225012683917,0.5599183472856418,0.6958416412988331,0.6736743721461187,0.5598374873160832
670,0.0,2013.0,2019.0,0.6737764776763064,0.9888550545408422,0.6959225012683917,0.5599138762049721,0.6958416412988331,0.6736742770167428,0.5598330162354135
671,0.0,2016.0,2022.0,0.6737764776763064,0.9888550545408422,0.6959225012683917,0.5599094051243024,0.6958416412988331,0.6736741818873668,0.5598285451547438
672,0.0,2019.0,2025.0,0.6737764776763064,0.9888550545408422,0.6959225012683917,0.5599049340436326,0.6958416412988331,0.6736740867579909,0.5598240740740741
673,0.0,2022.0,2028.0,0.6737764776763064,0.9888550545408422,0.6959225012683917,0.559900399543379,0.6958416412988331,0.673673991628615,0.5598195395738204
674,0.0,2025.0,2031.0,0.6737764776763064,0.9888550545408422,0.6959225012683917,0.5598958016235414,0.6958416412988331,0.6736738964992389,0.5598149416539827
675,0.0,2028.0,2034.0,0.6737764776763064,0.9888550545408422,0.6959225012683917,0.5598911402841197,0.6958416412988331,0.673673801369863,0.5598102803145611
676,0.0,2031.0,2037.0,0.6737764776763064,0.9888550545408422,0.6959225012683917,0.5598864789446981,0.6958416412988331,0.6736737062404871,0.5598056189751395
677,0.0,2034.0,2040.0,0.6737764776763064,0.9888550545408422,0.6959225012683917,0.5598818176052766,0.6958416412988331,0.6736736111111111,0.5598009576357179
678,0.0,2037.0,2043.0,0.6737764776763064,0.9888550545408422,0.6959225012683917,0.559877061136479,0.6958416412988331,0.6736735159817352,0.5597962011669203
679,0.0,2040.0,2046.0,0.6737764776763064,0.9888550545408422,0.6959225012683917,0.5598723363774734,0.6958416412988331,0.6736734208523593,0.5597914764079147
680,0.0,2043.0,2049.0,0.6737764776763064,0.9888550545408422,0.6959225012683917,0.5598676433282598,0.6958416412988331,0.6736733257229832,0.5597867833587011
681,0.0,2046.0,2052.0,0.6737764776763064,0.9888550545408422,0.6959225012683917,0.5598628234398783,0.6958416412988331,0.6736732305936073,0.5597819634703196
682,0.0,2049.0,2055.0,0.6737764776763064,0.9888550545408422,0.6959225012683917,0.5598579084221208,0.6958416412988331,0.6736731354642314,0.5597770484525622
683,0.0,2052.0,2058.0,0.6737764776763064,0.9888550545408422,0.6959225012683917,0.5598528665651953,0.6958416412988331,0.6736730403348554,0.5597720065956368
684,0.0,2055.0,2061.0,0.6737764776763064,0.9888550545408422,0.6959225012683917,0.5598478247082699,0.6958416412988331,0.6736729452054795,0.5597669647387113
685,0.0,2058.0,2064.0,0.6737764776763064,0.9888550545408422,0.6959225012683917,0.5598427828513445,0.6958416412988331,0.6736728500761034,0.559761922881786
686,0.0,2061.0,2067.0,0.6737764776763064,0.9888550545408422,0.6959225012683917,0.559837836123795,0.6958416412988331,0.6736727549467275,0.5597569761542365
687,0.0,2064.0,2070.0,0.6737764776763064,0.9888550545408422,0.6959225012683917,0.5598328893962455,0.6958416412988331,0.6736726598173516,0.559752029426687
688,0.0,2067.0,2073.0,0.6737764776763064,0.9888550545408422,0.6959225012683917,0.5598279426686961,0.6958416412988331,0.6736725646879757,0.5597470826991375
689,0.0,2070.0,2076.0,0.6737764776763064,0.9888550545408422,0.6959225012683917,0.5598229959411466,0.6958416412988331,0.6736724695585997,0.5597421359715881
690,0.0,2073.0,2079.0,0.6737764776763064,0.9888550545408422,0.6959225012683917,0.5598180809233891,0.6958416412988331,0.6736723744292238,0.5597372209538305
691,0.0,2076.0,2082.0,0.6737764776763064,0.9888550545408422,0.6959225012683917,0.5598131341958397,0.6958416412988331,0.6736722792998477,0.559732274226281
692,0.0,2079.0,2085.0,0.6737764776763064,0.9888550545408422,0.6959225012683917,0.5598082191780822,0.6958416412988331,0.6736721841704718,0.5597273592085236
693,0.0,2082.0,2088.0,0.6737764776763064,0.9888550545408422,0.6959225012683917,0.5598033358701167,0.6958416412988331,0.6736720890410959,0.5597224759005581
694,0.0,2085.0,2091.0,0.6737764776763064,0.9888550545408422,0.6959225012683917,0.5597983891425672,0.6958416412988331,0.67367199391172,0.5597175291730087
695,0.0,2088.0,2094.0,0.6737764776763064,0.9888550545408422,0.6959225012683917,0.5597933789954338,0.6958416412988331,0.673671898782344,0.5597125190258752
696,0.0,2091.0,2097.0,0.6737764776763064,0.9888550545408422,0.6959225012683917,0.5597882420091325,0.6958416412988331,0.6736718036529681,0.5597073820395738
697,0.0,2094.0,2100.0,0.6737764776763064,0.9888550545408422,0.6959225012683917,0.559783168442415,0.6958416412988331,0.673671708523592,0.5597023084728564
698,0.0,2097.0,2103.0,0.6737764776763064,0.9888550545408422,0.6959225012683917,0.5597780314561136,0.6958416412988331,0.6736716133942161,0.5596971714865551
699,0.0,2100.0,2106.0,0.6737764776763064,0.9888550545408422,0.6959225012683917,0.5597728944698123,0.6958416412988331,0.6736715182648402,0.5596920345002537
700,0.0,2103.0,2109.0,0.6737764776763064,0.9888550545408422,0.6959225012683917,0.5597677257737189,0.6958416412988331,0.6736714231354642,0.5596868658041603
701,0.0,2106.0,2112.0,0.6737764776763064,0.9888550545408422,0.6959225012683917,0.5597625887874176,0.6958416412988331,0.6736713280060883,0.5596817288178589
702,0.0,2109.0,2115.0,0.6737764776763064,0.9888550545408422,0.6959225012683917,0.5597574518011161,0.6958416412988331,0.6736712328767124,0.5596765918315576
703,0.0,2112.0,2118.0,0.6737764776763064,0.9888550545408422,0.6959225012683917,0.5597523148148148,0.6958416412988331,0.6736711377473363,0.5596714548452563
704,0.0,2115.0,2121.0,0.6737764776763064,0.9888550545408422,0.6959225012683917,0.5597471778285135,0.6958416412988331,0.6736710426179604,0.5596663178589548
705,0.0,2118.0,2124.0,0.6737764776763064,0.9888550545408422,0.6959225012683917,0.5597421359715881,0.6958416412988331,0.6736709474885845,0.5596612760020294
706,0.0,2121.0,2127.0,0.6737764776763064,0.9888550545408422,0.6959225012683917,0.5597370941146627,0.6958416412988331,0.6736708523592085,0.559656234145104
707,0.0,2124.0,2130.0,0.6737764776763064,0.9888550545408422,0.6959225012683917,0.5597320522577371,0.6958416412988331,0.6736707572298326,0.5596511922881786
708,0.0,2127.0,2133.0,0.6737764776763064,0.9888550545408422,0.6959225012683917,0.5597270421106038,0.6958416412988331,0.6736706621004567,0.5596461821410451
709,0.0,2130.0,2136.0,0.6737764776763064,0.9888550545408422,0.6959225012683917,0.5597220953830543,0.6958416412988331,0.6736705669710806,0.5596412354134956
710,0.0,2133.0,2139.0,0.6737764776763064,0.9888550545408422,0.6959225012683917,0.5597171486555048,0.6958416412988331,0.6736704718417047,0.5596362886859462
711,0.0,2136.0,2142.0,0.6737764776763064,0.9888550545408422,0.6959225012683917,0.5597122019279553,0.6958416412988331,0.6736703767123288,0.5596313419583967
712,0.0,2139.0,2145.0,0.6737764776763064,0.9888550545408422,0.6959225012683917,0.5597072552004059,0.6958416412988331,0.6736702815829528,0.5596263952308473
713,0.0,2142.0,2148.0,0.6737764776763064,0.9888550545408422,0.6959225012683917,0.5597023084728564,0.6958416412988331,0.6736701864535769,0.5596214485032979
714,0.0,2145.0,2151.0,0.6737764776763064,0.9888550545408422,0.6959225012683917,0.5596973617453069,0.6958416412988331,0.6736700913242009,0.5596165017757484
715,0.0,2148.0,2154.0,0.6737764776763064,0.9888550545408422,0.6959225012683917,0.5596924150177575,0.6958416412988331,0.6736699961948249,0.5596115550481989
716,0.0,2151.0,2157.0,0.6737764776763064,0.9888550545408422,0.6959225012683917,0.559687468290208,0.6958416412988331,0.673669901065449,0.5596066083206495
717,0.0,2154.0,2160.0,0.6737764776763064,0.9888550545408422,0.6959225012683917,0.5596824898528666,0.6958416412988331,0.6736698059360731,0.559601629883308
718,0.0,2157.0,2163.0,0.6737764776763064,0.9888550545408422,0.6959225012683917,0.5596775431253171,0.6958416412988331,0.6736697108066971,0.5595966831557585
719,0.0,2160.0,2166.0,0.6737764776763064,0.9888550545408422,0.6959225012683917,0.5596725963977677,0.6958416412988331,0.6736696156773212,0.559591736428209
720,0.0,2163.0,2169.0,0.6737764776763064,0.9888550545408422,0.6959225012683917,0.5596676496702182,0.6958416412988331,0.6736695205479452,0.5595867897006596
721,0.0,2166.0,2172.0,0.6737764776763064,0.9888550545408422,0.6959225012683917,0.5596627980720447,0.6958416412988331,0.6736694254185692,0.559581938102486
722,0.0,2169.0,2175.0,0.6737764776763064,0.9888550545408422,0.6959225012683917,0.5596579464738711,0.6958416412988331,0.6736693302891933,0.5595770865043125
723,0.0,2172.0,2178.0,0.6737764776763064,0.9888550545408422,0.6959225012683917,0.5596530948756976,0.6958416412988331,0.6736692351598174,0.559572234906139
724,0.0,2175.0,2181.0,0.6737764776763064,0.9888550545408422,0.6959225012683917,0.559648243277524,0.6958416412988331,0.6736691400304414,0.5595673833079655
725,0.0,2178.0,2184.0,0.6737764776763064,0.9888550545408422,0.6959225012683917,0.5596432965499746,0.6958416412988331,0.6736690449010655,0.559562436580416
726,0.0,2181.0,2187.0,0.6737764776763064,0.9888550545408422,0.6959225012683917,0.5596383498224252,0.6958416412988331,0.6736689497716895,0.5595574898528666
727,0.0,2184.0,2190.0,0.6737764776763064,0.9888550545408422,0.6959225012683917,0.5596334665144597,0.6958416412988331,0.6736688546423135,0.559552606544901
728,0.0,2187.0,2193.0,0.6737764776763064,0.9888550545408422,0.6959225012683917,0.5596285832064941,0.6958416412988331,0.6736687595129376,0.5595477232369356
729,0.0,2190.0,2196.0,0.6737764776763064,0.9888550545408422,0.6959225012683917,0.5596236364789448,0.6958416412988331,0.6736686643835617,0.5595427765093861
730,0.0,2193.0,2199.0,0.6737764776763064,0.9888550545408422,0.6959225012683917,0.5596186897513953,0.6958416412988331,0.6736685692541857,0.5595378297818366
731,0.0,2196.0,2202.0,0.6737764776763064,0.9888550545408422,0.6959225012683917,0.5596135527650938,0.6958416412988331,0.6736684741248098,0.5595326927955353
732,0.0,2199.0,2205.0,0.6737764776763064,0.9888550545408422,0.6959225012683917,0.5596084157787925,0.6958416412988331,0.6736683789954337,0.5595275558092339
733,0.0,2202.0,2208.0,0.6737764776763064,0.9888550545408422,0.6959225012683917,0.5596032787924912,0.6958416412988331,0.6736682838660578,0.5595224188229325
734,0.0,2205.0,2211.0,0.6737764776763064,0.9888550545408422,0.6959225012683917,0.5595981418061897,0.6958416412988331,0.6736681887366819,0.5595172818366312
735,0.0,2208.0,2214.0,0.6737764776763064,0.9888550545408422,0.6959225012683917,0.5595929731100964,0.6958416412988331,0.673668093607306,0.5595121131405378
736,0.0,2211.0,2217.0,0.6737764776763064,0.9888550545408422,0.6959225012683917,0.5595877409944191,0.6958416412988331,0.67366799847793,0.5595068810248605
737,0.0,2214.0,2220.0,0.6737764776763064,0.9888550545408422,0.6959225012683917,0.5595824771689498,0.6958416412988331,0.6736679033485541,0.5595016171993912
738,0.0,2217.0,2223.0,0.6737764776763064,0.9888550545408422,0.6959225012683917,0.5595771499238965,0.6958416412988331,0.673667808219178,0.5594962899543379
739,0.0,2220.0,2226.0,0.6737764776763064,0.9888550545408422,0.6959225012683917,0.5595718226788432,0.6958416412988331,0.6736677130898021,0.5594909627092847
740,0.0,2223.0,2229.0,0.6737764776763064,0.9888550545408422,0.6959225012683917,0.55956649543379,0.6958416412988331,0.6736676179604262,0.5594856354642314
741,0.0,2226.0,2232.0,0.6737764776763064,0.9888550545408422,0.6959225012683917,0.5595611998985287,0.6958416412988331,0.6736675228310502,0.5594803399289701
742,0.0,2229.0,2235.0,0.6737764776763064,0.9888550545408422,0.6959225012683917,0.5595559677828513,0.6958416412988331,0.6736674277016743,0.5594751078132928
743,0.0,2232.0,2238.0,0.6737764776763064,0.9888550545408422,0.6959225012683917,0.5595507356671741,0.6958416412988331,0.6736673325722983,0.5594698756976154
744,0.0,2235.0,2241.0,0.6737764776763064,0.9888550545408422,0.6959225012683917,0.5595455035514967,0.6958416412988331,0.6736672374429223,0.5594646435819381
745,0.0,2238.0,2244.0,0.6737764776763064,0.9888550545408422,0.6959225012683917,0.5595402714358194,0.6958416412988331,0.6736671423135464,0.5594594114662608
746,0.0,2241.0,2247.0,0.6737764776763064,0.9888550545408422,0.6959225012683917,0.559535039320142,0.6958416412988331,0.6736670471841705,0.5594541793505835
747,0.0,2244.0,2250.0,0.6737764776763064,0.9888550545408422,0.6959225012683917,0.5595299023338407,0.6958416412988331,0.6736669520547945,0.5594490423642821
748,0.0,2247.0,2253.0,0.6737764776763064,0.9888550545408422,0.6959225012683917,0.5595247653475394,0.6958416412988331,0.6736668569254186,0.5594439053779807
749,0.0,2250.0,2256.0,0.6737764776763064,0.9888550545408422,0.6959225012683917,0.5595196283612379,0.6958416412988331,0.6736667617960426,0.5594387683916794
750,0.0,2253.0,2259.0,0.6737764776763064,0.9888550545408422,0.6959225012683917,0.5595144913749366,0.6958416412988331,0.6736666666666666,0.5594336314053779
751,0.0,2256.0,2262.0,0.6737764776763064,0.9888550545408422,0.6959225012683917,0.5595092592592592,0.6958416412988331,0.6736665715372907,0.5594283992897007
752,0.0,2259.0,2265.0,0.6737764776763064,0.9888550545408422,0.6959225012683917,0.5595039954337899,0.6958416412988331,0.6736664764079148,0.5594231354642314
753,0.0,2262.0,2268.0,0.6737764776763064,0.9888550545408422,0.6959225012683917,0.5594986681887367,0.6958416412988331,0.6736663812785388,0.5594178082191781
754,0.0,2265.0,2271.0,0.6737764776763064,0.9888550545408422,0.6959225012683917,0.5594933409436834,0.6958416412988331,0.6736662861491629,0.5594124809741248
755,0.0,2268.0,2274.0,0.6737764776763064,0.9888550545408422,0.6959225012683917,0.5594880136986301,0.6958416412988331,0.6736661910197869,0.5594071537290716
756,0.0,2271.0,2277.0,0.6737764776763064,0.9888550545408422,0.6959225012683917,0.5594827498731608,0.6958416412988331,0.6736660958904109,0.5594018899036022
757,0.0,2274.0,2280.0,0.6737764776763064,0.9888550545408422,0.6959225012683917,0.5594775177574836,0.6958416412988331,0.673666000761035,0.5593966577879249
758,0.0,2277.0,2283.0,0.6737764776763064,0.9888550545408422,0.6959225012683917,0.5594722539320142,0.6958416412988331,0.6736659056316591,0.5593913939624556
759,0.0,2280.0,2286.0,0.6737764776763064,0.9888550545408422,0.6959225012683917,0.559466926686961,0.6958416412988331,0.6736658105022831,0.5593860667174023
760,0.0,2283.0,2289.0,0.6737764776763064,0.9888550545408422,0.6959225012683917,0.5594615994419077,0.6958416412988331,0.6736657153729072,0.559380739472349
761,0.0,2286.0,2292.0,0.6737764776763064,0.9888550545408422,0.6959225012683917,0.5594562721968543,0.6958416412988331,0.6736656202435312,0.5593754122272958
762,0.0,2289.0,2295.0,0.6737764776763064,0.9888550545408422,0.6959225012683917,0.5594509449518011,0.6958416412988331,0.6736655251141552,0.5593700849822425
763,0.0,2292.0,2298.0,0.6737764776763064,0.9888550545408422,0.6959225012683917,0.5594455225773719,0.6958416412988331,0.6736654299847793,0.5593646626078133
764,0.0,2295.0,2301.0,0.6737764776763064,0.9888550545408422,0.6959225012683917,0.5594401002029427,0.6958416412988331,0.6736653348554034,0.559359240233384
765,0.0,2298.0,2304.0,0.6737764776763064,0.9888550545408422,0.6959225012683917,0.5594347095383054,0.6958416412988331,0.6736652397260274,0.5593538495687468
766,0.0,2301.0,2307.0,0.6737764776763064,0.9888550545408422,0.6959225012683917,0.5594293822932521,0.6958416412988331,0.6736651445966515,0.5593485223236936
767,0.0,2304.0,2310.0,0.6737764776763064,0.9888550545408422,0.6959225012683917,0.5594240550481989,0.6958416412988331,0.6736650494672755,0.5593431950786403
768,0.0,2307.0,2313.0,0.6737764776763064,0.9888550545408422,0.6959225012683917,0.5594187278031456,0.6958416412988331,0.6736649543378995,0.559337867833587
769,0.0,2310.0,2316.0,0.6737764776763064,0.9888550545408422,0.6959225012683917,0.5594134005580923,0.6958416412988331,0.6736648592085236,0.5593325405885338
770,0.0,2313.0,2319.0,0.6737764776763064,0.9888550545408422,0.6959225012683917,0.5594080733130391,0.6958416412988331,0.6736647640791477,0.5593272133434805
771,0.0,2316.0,2322.0,0.6737764776763064,0.9888550545408422,0.6959225012683917,0.5594027460679858,0.6958416412988331,0.6736646689497717,0.5593218860984271
772,0.0,2319.0,2325.0,0.6737764776763064,0.9888550545408422,0.6959225012683917,0.5593974505327245,0.6958416412988331,0.6736645738203957,0.559316590563166
773,0.0,2322.0,2328.0,0.6737764776763064,0.9888550545408422,0.6959225012683917,0.5593921232876712,0.6958416412988331,0.6736644786910198,0.5593112633181127
774,0.0,2325.0,2331.0,0.6737764776763064,0.9888550545408422,0.6959225012683917,0.559386764332826,0.6958416412988331,0.6736643835616438,0.5593059043632673
775,0.0,2328.0,2334.0,0.6737764776763064,0.9888550545408422,0.6959225012683917,0.5593812468290208,0.6958416412988331,0.6736642884322679,0.5593003868594622
776,0.0,2331.0,2337.0,0.6737764776763064,0.9888550545408422,0.6959225012683917,0.5593757293252156,0.6958416412988331,0.673664193302892,0.559294869355657
777,0.0,2334.0,2340.0,0.6737764776763064,0.9888550545408422,0.6959225012683917,0.5593701801116184,0.6958416412988331,0.673664098173516,0.5592893201420599
778,0.0,2337.0,2343.0,0.6737764776763064,0.9888550545408422,0.6959225012683917,0.5593646943176053,0.6958416412988331,0.67366400304414,0.5592838343480466
779,0.0,2340.0,2346.0,0.6737764776763064,0.9888550545408422,0.6959225012683917,0.559359271943176,0.6958416412988331,0.673663907914764,0.5592784119736175
780,0.0,2343.0,2349.0,0.6737764776763064,0.9888550545408422,0.6959225012683917,0.5593538495687468,0.6958416412988331,0.6736638127853881,0.5592729895991883
781,0.0,2346.0,2352.0,0.6737764776763064,0.9888550545408422,0.6959225012683917,0.5593484906139016,0.6958416412988331,0.6736637176560122,0.5592676306443429
782,0.0,2349.0,2355.0,0.6737764776763064,0.9888550545408422,0.6959225012683917,0.5593431633688483,0.6958416412988331,0.6736636225266363,0.5592623033992897
783,0.0,2352.0,2358.0,0.6737764776763064,0.9888550545408422,0.6959225012683917,0.559337804414003,0.6958416412988331,0.6736635273972603,0.5592569444444444
784,0.0,2355.0,2361.0,0.6737764776763064,0.9888550545408422,0.6959225012683917,0.5593323820395738,0.6958416412988331,0.6736634322678843,0.5592515220700153
785,0.0,2358.0,2364.0,0.6737764776763064,0.9888550545408422,0.6959225012683917,0.5593269596651446,0.6958416412988331,0.6736633371385083,0.559246099695586
786,0.0,2361.0,2367.0,0.6737764776763064,0.9888550545408422,0.6959225012683917,0.5593215372907153,0.6958416412988331,0.6736632420091324,0.5592406773211568
787,0.0,2364.0,2370.0,0.6737764776763064,0.9888550545408422,0.6959225012683917,0.5593161783358701,0.6958416412988331,0.6736631468797565,0.5592353183663115
788,0.0,2367.0,2373.0,0.6737764776763064,0.9888550545408422,0.6959225012683917,0.5593107876712329,0.6958416412988331,0.6736630517503805,0.5592299277016742
789,0.0,2370.0,2376.0,0.6737764776763064,0.9888550545408422,0.6959225012683917,0.5593053652968036,0.6958416412988331,0.6736629566210046,0.5592245053272451
790,0.0,2373.0,2379.0,0.6737764776763064,0.9888550545408422,0.6959225012683917,0.5592999429223744,0.6958416412988331,0.6736628614916286,0.5592190829528159
791,0.0,2376.0,2382.0,0.6737764776763064,0.9888550545408422,0.6959225012683917,0.5592945522577372,0.6958416412988331,0.6736627663622526,0.5592136922881786
792,0.0,2379.0,2385.0,0.6737764776763064,0.9888550545408422,0.6959225012683917,0.559289225012684,0.6958416412988331,0.6736626712328767,0.5592083650431253
793,0.0,2382.0,2388.0,0.6737764776763064,0.9888550545408422,0.6959225012683917,0.5592839928970066,0.6958416412988331,0.6736625761035008,0.5592031329274479
794,0.0,2385.0,2391.0,0.6737764776763064,0.9888550545408422,0.6959225012683917,0.5592787607813293,0.6958416412988331,0.6736624809741248,0.5591979008117707
795,0.0,2388.0,2394.0,0.6737764776763064,0.9888550545408422,0.6959225012683917,0.5592734969558599,0.6958416412988331,0.6736623858447489,0.5591926369863014
796,0.0,2391.0,2397.0,0.6737764776763064,0.9888550545408422,0.6959225012683917,0.5592681697108067,0.6958416412988331,0.6736622907153729,0.5591873097412481
797,0.0,2394.0,2400.0,0.6737764776763064,0.9888550545408422,0.6959225012683917,0.5592629375951294,0.6958416412988331,0.6736621955859969,0.5591820776255708
798,0.0,2397.0,2403.0,0.6737764776763064,0.9888550545408422,0.6959225012683917,0.5592577054794521,0.6958416412988331,0.673662100456621,0.5591768455098934
799,0.0,2400.0,2406.0,0.6737764776763064,0.9888550545408422,0.6959225012683917,0.5592524733637747,0.6958416412988331,0.6736620053272451,0.5591716133942162
800,0.0,2403.0,2409.0,0.6737764776763064,0.9888550545408422,0.6959225012683917,0.5592471461187215,0.6958416412988331,0.6736619101978691,0.5591662861491629
801,0.0,2406.0,2412.0,0.6737764776763064,0.9888550545408422,0.6959225012683917,0.5592418188736682,0.6958416412988331,0.6736618150684931,0.5591609589041096
802,0.0,2409.0,2415.0,0.6737764776763064,0.9888550545408422,0.6959225012683917,0.5592364916286149,0.6958416412988331,0.6736617199391172,0.5591556316590564
803,0.0,2412.0,2418.0,0.6737764776763064,0.9888550545408422,0.6959225012683917,0.5592311643835617,0.6958416412988331,0.6736616248097412,0.559150304414003
804,0.0,2415.0,2421.0,0.6737764776763064,0.9888550545408422,0.6959225012683917,0.5592257737189245,0.6958416412988331,0.6736615296803653,0.5591449137493658
805,0.0,2418.0,2424.0,0.6737764776763064,0.9888550545408422,0.6959225012683917,0.5592202562151193,0.6958416412988331,0.6736614345509894,0.5591393962455606
806,0.0,2421.0,2427.0,0.6737764776763064,0.9888550545408422,0.6959225012683917,0.5592147387113141,0.6958416412988331,0.6736613394216134,0.5591338787417555
807,0.0,2424.0,2430.0,0.6737764776763064,0.9888550545408422,0.6959225012683917,0.5592092212075089,0.6958416412988331,0.6736612442922374,0.5591283612379503
808,0.0,2427.0,2433.0,0.6737764776763064,0.9888550545408422,0.6959225012683917,0.5592037037037038,0.6958416412988331,0.6736611491628615,0.5591228437341451
809,0.0,2430.0,2436.0,0.6737764776763064,0.9888550545408422,0.6959225012683917,0.5591981861998986,0.6958416412988331,0.6736610540334855,0.5591173262303399
810,0.0,2433.0,2439.0,0.6737764776763064,0.9888550545408422,0.6959225012683917,0.5591926686960934,0.6958416412988331,0.6736609589041096,0.5591118087265348
811,0.0,2436.0,2442.0,0.6737764776763064,0.9888550545408422,0.6959225012683917,0.5591871511922881,0.6958416412988331,0.6736608637747337,0.5591062912227296
812,0.0,2439.0,2445.0,0.6737764776763064,0.9888550545408422,0.6959225012683917,0.559181633688483,0.6958416412988331,0.6736607686453577,0.5591007737189244
813,0.0,2442.0,2448.0,0.6737764776763064,0.9888550545408422,0.6959225012683917,0.5591761478944698,0.6958416412988331,0.6736606735159817,0.5590952879249113
814,0.0,2445.0,2451.0,0.6737764776763064,0.9888550545408422,0.6959225012683917,0.5591706621004566,0.6958416412988331,0.6736605783866058,0.559089802130898
815,0.0,2448.0,2454.0,0.6737764776763064,0.9888550545408422,0.6959225012683917,0.5591652397260274,0.6958416412988331,0.6736604832572298,0.5590843797564689
816,0.0,2451.0,2457.0,0.6737764776763064,0.9888550545408422,0.6959225012683917,0.5591599124809741,0.6958416412988331,0.6736603881278539,0.5590790525114155
817,0.0,2454.0,2460.0,0.6737764776763064,0.9888550545408422,0.6959225012683917,0.5591545852359209,0.6958416412988331,0.673660292998478,0.5590737252663622
818,0.0,2457.0,2463.0,0.6737764776763064,0.9888550545408422,0.6959225012683917,0.5591491628614916,0.6958416412988331,0.673660197869102,0.559068302891933
819,0.0,2460.0,2466.0,0.6737764776763064,0.9888550545408422,0.6959225012683917,0.5591437404870624,0.6958416412988331,0.673660102739726,0.5590628805175039
820,0.0,2463.0,2469.0,0.6737764776763064,0.9888550545408422,0.6959225012683917,0.5591383181126331,0.6958416412988331,0.67366000761035,0.5590574581430746
821,0.0,2466.0,2472.0,0.6737764776763064,0.9888550545408422,0.6959225012683917,0.5591328957382039,0.6958416412988331,0.6736599124809741,0.5590520357686454
822,0.0,2469.0,2475.0,0.6737764776763064,0.9888550545408422,0.6959225012683917,0.5591274733637748,0.6958416412988331,0.6736598173515982,0.5590466133942161
823,0.0,2472.0,2478.0,0.6737764776763064,0.9888550545408422,0.6959225012683917,0.5591221144089294,0.6958416412988331,0.6736597222222223,0.5590412544393709
824,0.0,2475.0,2481.0,0.6737764776763064,0.9888550545408422,0.6959225012683917,0.5591167871638762,0.6958416412988331,0.6736596270928463,0.5590359271943176
825,0.0,2478.0,2484.0,0.6737764776763064,0.9888550545408422,0.6959225012683917,0.559111364789447,0.6958416412988331,0.6736595319634703,0.5590305048198884
826,0.0,2481.0,2487.0,0.6737764776763064,0.9888550545408422,0.6959225012683917,0.5591059107052258,0.6958416412988331,0.6736594368340943,0.5590250507356672
827,0.0,2484.0,2490.0,0.6737764776763064,0.9888550545408422,0.6959225012683917,0.5591003932014206,0.6958416412988331,0.6736593417047184,0.559019533231862
828,0.0,2487.0,2493.0,0.6737764776763064,0.9888550545408422,0.6959225012683917,0.5590948756976154,0.6958416412988331,0.6736592465753425,0.5590140157280569
829,0.0,2490.0,2496.0,0.6737764776763064,0.9888550545408422,0.6959225012683917,0.5590894533231862,0.6958416412988331,0.6736591514459666,0.5590085933536276
830,0.0,2493.0,2499.0,0.6737764776763064,0.9888550545408422,0.6959225012683917,0.559083999238965,0.6958416412988331,0.6736590563165905,0.5590031392694064
831,0.0,2496.0,2502.0,0.6737764776763064,0.9888550545408422,0.6959225012683917,0.5590784817351598,0.6958416412988331,0.6736589611872146,0.5589976217656012
832,0.0,2499.0,2505.0,0.6737764776763064,0.9888550545408422,0.6959225012683917,0.5590729642313547,0.6958416412988331,0.6736588660578386,0.558992104261796
833,0.0,2502.0,2508.0,0.6737764776763064,0.9888550545408422,0.6959225012683917,0.5590673515981736,0.6958416412988331,0.6736587709284627,0.5589864916286149
834,0.0,2505.0,2511.0,0.6737764776763064,0.9888550545408422,0.6959225012683917,0.5590618023845764,0.6958416412988331,0.6736586757990868,0.5589809424150177
835,0.0,2508.0,2514.0,0.6737764776763064,0.9888550545408422,0.6959225012683917,0.5590562848807712,0.6958416412988331,0.6736585806697108,0.5589754249112125
836,0.0,2511.0,2517.0,0.6737764776763064,0.9888550545408422,0.6959225012683917,0.5590508307965499,0.6958416412988331,0.6736584855403348,0.5589699708269914
837,0.0,2514.0,2520.0,0.6737764776763064,0.9888550545408422,0.6959225012683917,0.5590454084221208,0.6958416412988331,0.6736583904109589,0.5589645484525622
838,0.0,2517.0,2523.0,0.6737764776763064,0.9888550545408422,0.6959225012683917,0.5590399860476916,0.6958416412988331,0.6736582952815829,0.5589591260781329
839,0.0,2520.0,2526.0,0.6737764776763064,0.9888550545408422,0.6959225012683917,0.5590345636732623,0.6958416412988331,0.673658200152207,0.5589537037037037
840,0.0,2523.0,2529.0,0.6737764776763064,0.9888550545408422,0.6959225012683917,0.5590291412988331,0.6958416412988331,0.6736581050228311,0.5589482813292744
841,0.0,2526.0,2532.0,0.6737764776763064,0.9888550545408422,0.6959225012683917,0.5590236237950279,0.6958416412988331,0.6736580098934551,0.5589427638254693
842,0.0,2529.0,2535.0,0.6737764776763064,0.9888550545408422,0.6959225012683917,0.5590180428716388,0.6958416412988331,0.6736579147640791,0.5589371829020802
843,0.0,2532.0,2538.0,0.6737764776763064,0.9888550545408422,0.6959225012683917,0.5590124302384576,0.6958416412988331,0.6736578196347032,0.5589315702688991
844,0.0,2535.0,2541.0,0.6737764776763064,0.9888550545408422,0.6959225012683917,0.5590068176052765,0.6958416412988331,0.6736577245053272,0.558925957635718
845,0.0,2538.0,2544.0,0.6737764776763064,0.9888550545408422,0.6959225012683917,0.5590011098427194,0.6958416412988331,0.6736576293759513,0.5589202498731608
846,0.0,2541.0,2547.0,0.6737764776763064,0.9888550545408422,0.6959225012683917,0.5589954020801624,0.6958416412988331,0.6736575342465754,0.5589145421106038
847,0.0,2544.0,2550.0,0.6737764776763064,0.9888550545408422,0.6959225012683917,0.5589898845763572,0.6958416412988331,0.6736574391171994,0.5589090246067986
848,0.0,2547.0,2553.0,0.6737764776763064,0.9888550545408422,0.6959225012683917,0.55898433536276,0.6958416412988331,0.6736573439878234,0.5589034753932014
849,0.0,2550.0,2556.0,0.6737764776763064,0.9888550545408422,0.6959225012683917,0.5589787227295789,0.6958416412988331,0.6736572488584475,0.5588978627600203
850,0.0,2553.0,2559.0,0.6737764776763064,0.9888550545408422,0.6959225012683917,0.5589731100963977,0.6958416412988331,0.6736571537290715,0.5588922501268392
851,0.0,2556.0,2562.0,0.6737764776763064,0.9888550545408422,0.6959225012683917,0.5589674974632166,0.6958416412988331,0.6736570585996956,0.5588866374936581
852,0.0,2559.0,2565.0,0.6737764776763064,0.9888550545408422,0.6959225012683917,0.5589618531202435,0.6958416412988331,0.6736569634703197,0.558880993150685
853,0.0,2562.0,2568.0,0.6737764776763064,0.9888550545408422,0.6959225012683917,0.5589561453576865,0.6958416412988331,0.6736568683409437,0.5588752853881278
854,0.0,2565.0,2571.0,0.6737764776763064,0.9888550545408422,0.6959225012683917,0.5589505010147133,0.6958416412988331,0.6736567732115677,0.5588696410451548
855,0.0,2568.0,2574.0,0.6737764776763064,0.9888550545408422,0.6959225012683917,0.5589447615423643,0.6958416412988331,0.6736566780821918,0.5588639015728056
856,0.0,2571.0,2577.0,0.6737764776763064,0.9888550545408422,0.6959225012683917,0.5589389586504313,0.6958416412988331,0.6736565829528158,0.5588580986808727
857,0.0,2574.0,2580.0,0.6737764776763064,0.9888550545408422,0.6959225012683917,0.5589331557584982,0.6958416412988331,0.6736564878234399,0.5588522957889396
858,0.0,2577.0,2583.0,0.6737764776763064,0.9888550545408422,0.6959225012683917,0.5589274162861492,0.6958416412988331,0.673656392694064,0.5588465563165905
859,0.0,2580.0,2586.0,0.6737764776763064,0.9888550545408422,0.6959225012683917,0.5589216768138001,0.6958416412988331,0.6736562975646879,0.5588408168442415
860,0.0,2583.0,2589.0,0.6737764776763064,0.9888550545408422,0.6959225012683917,0.5589158422120751,0.6958416412988331,0.673656202435312,0.5588349822425165
861,0.0,2586.0,2592.0,0.6737764776763064,0.9888550545408422,0.6959225012683917,0.5589099441907661,0.6958416412988331,0.6736561073059361,0.5588290842212075
862,0.0,2589.0,2595.0,0.6737764776763064,0.9888550545408422,0.6959225012683917,0.5589040461694571,0.6958416412988331,0.6736560121765601,0.5588231861998986
863,0.0,2592.0,2598.0,0.6737764776763064,0.9888550545408422,0.6959225012683917,0.5588982115677321,0.6958416412988331,0.6736559170471842,0.5588173515981735
864,0.0,2595.0,2601.0,0.6737764776763064,0.9888550545408422,0.6959225012683917,0.5588923769660071,0.6958416412988331,0.6736558219178083,0.5588115169964485
865,0.0,2598.0,2604.0,0.6737764776763064,0.9888550545408422,0.6959225012683917,0.5588863203957382,0.6958416412988331,0.6736557267884322,0.5588054604261796
866,0.0,2601.0,2607.0,0.6737764776763064,0.9888550545408422,0.6959225012683917,0.5588803272450533,0.6958416412988331,0.6736556316590563,0.5587994672754947
867,0.0,2604.0,2610.0,0.6737764776763064,0.9888550545408422,0.6959225012683917,0.5588743340943684,0.6958416412988331,0.6736555365296804,0.5587934741248097
868,0.0,2607.0,2613.0,0.6737764776763064,0.9888550545408422,0.6959225012683917,0.5588683092338914,0.6958416412988331,0.6736554414003044,0.5587874492643329
869,0.0,2610.0,2616.0,0.6737764776763064,0.9888550545408422,0.6959225012683917,0.5588621575342466,0.6958416412988331,0.6736553462709285,0.558781297564688
870,0.0,2613.0,2619.0,0.6737764776763064,0.9888550545408422,0.6959225012683917,0.5588558789954338,0.6958416412988331,0.6736552511415526,0.5587750190258752
871,0.0,2616.0,2622.0,0.6737764776763064,0.9888550545408422,0.6959225012683917,0.5588496638762049,0.6958416412988331,0.6736551560121765,0.5587688039066464
872,0.0,2619.0,2625.0,0.6737764776763064,0.9888550545408422,0.6959225012683917,0.5588434804667681,0.6958416412988331,0.6736550608828006,0.5587626204972095
873,0.0,2622.0,2628.0,0.6737764776763064,0.9888550545408422,0.6959225012683917,0.5588373921867072,0.6958416412988331,0.6736549657534247,0.5587565322171486
874,0.0,2625.0,2631.0,0.6737764776763064,0.9888550545408422,0.6959225012683917,0.5588313673262303,0.6958416412988331,0.6736548706240487,0.5587505073566718
875,0.0,2628.0,2634.0,0.6737764776763064,0.9888550545408422,0.6959225012683917,0.5588254693049214,0.6958416412988331,0.6736547754946728,0.5587446093353627
876,0.0,2631.0,2637.0,0.6737764776763064,0.9888550545408422,0.6959225012683917,0.5588196664129883,0.6958416412988331,0.6736546803652969,0.5587388064434298
877,0.0,2634.0,2640.0,0.6737764776763064,0.9888550545408422,0.6959225012683917,0.5588138635210553,0.6958416412988331,0.6736545852359208,0.5587330035514967
878,0.0,2637.0,2643.0,0.6737764776763064,0.9888550545408422,0.6959225012683917,0.5588080923389143,0.6958416412988331,0.6736544901065449,0.5587272323693556
879,0.0,2640.0,2646.0,0.6737764776763064,0.9888550545408422,0.6959225012683917,0.5588023845763572,0.6958416412988331,0.673654394977169,0.5587215246067986
880,0.0,2643.0,2649.0,0.6737764776763064,0.9888550545408422,0.6959225012683917,0.5587965816844241,0.6958416412988331,0.673654299847793,0.5587157217148655
881,0.0,2646.0,2652.0,0.6737764776763064,0.9888550545408422,0.6959225012683917,0.5587907787924912,0.6958416412988331,0.6736542047184171,0.5587099188229325
882,0.0,2649.0,2655.0,0.6737764776763064,0.9888550545408422,0.6959225012683917,0.5587849759005581,0.6958416412988331,0.6736541095890412,0.5587041159309994
883,0.0,2652.0,2658.0,0.6737764776763064,0.9888550545408422,0.6959225012683917,0.5587791412988331,0.6958416412988331,0.6736540144596651,0.5586982813292745
884,0.0,2655.0,2661.0,0.6737764776763064,0.9888550545408422,0.6959225012683917,0.5587731798579402,0.6958416412988331,0.6736539193302892,0.5586923198883815
885,0.0,2658.0,2664.0,0.6737764776763064,0.9888550545408422,0.6959225012683917,0.5587671867072552,0.6958416412988331,0.6736538242009132,0.5586863267376966
886,0.0,2661.0,2667.0,0.6737764776763064,0.9888550545408422,0.6959225012683917,0.5587612886859462,0.6958416412988331,0.6736537290715373,0.5586804287163876
887,0.0,2664.0,2670.0,0.6737764776763064,0.9888550545408422,0.6959225012683917,0.5587554540842212,0.6958416412988331,0.6736536339421614,0.5586745941146626
888,0.0,2667.0,2673.0,0.6737764776763064,0.9888550545408422,0.6959225012683917,0.5587496511922881,0.6958416412988331,0.6736535388127853,0.5586687912227296
889,0.0,2670.0,2676.0,0.6737764776763064,0.9888550545408422,0.6959225012683917,0.5587438800101472,0.6958416412988331,0.6736534436834094,0.5586630200405885
890,0.0,2673.0,2679.0,0.6737764776763064,0.9888550545408422,0.6959225012683917,0.5587380771182141,0.6958416412988331,0.6736533485540335,0.5586572171486555
891,0.0,2676.0,2682.0,0.6737764776763064,0.9888550545408422,0.6959225012683917,0.558732274226281,0.6958416412988331,0.6736532534246575,0.5586514142567225
892,0.0,2679.0,2685.0,0.6737764776763064,0.9888550545408422,0.6959225012683917,0.5587263762049721,0.6958416412988331,0.6736531582952816,0.5586455162354135
893,0.0,2682.0,2688.0,0.6737764776763064,0.9888550545408422,0.6959225012683917,0.5587204781836631,0.6958416412988331,0.6736530631659057,0.5586396182141045
894,0.0,2685.0,2691.0,0.6737764776763064,0.9888550545408422,0.6959225012683917,0.5587145801623541,0.6958416412988331,0.6736529680365296,0.5586337201927956
895,0.0,2688.0,2694.0,0.6737764776763064,0.9888550545408422,0.6959225012683917,0.5587086504312532,0.6958416412988331,0.6736528729071537,0.5586277904616945
896,0.0,2691.0,2697.0,0.6737764776763064,0.9888550545408422,0.6959225012683917,0.5587027524099442,0.6958416412988331,0.6736527777777778,0.5586218924403856
897,0.0,2694.0,2700.0,0.6737764776763064,0.9888550545408422,0.6959225012683917,0.5586968226788432,0.6958416412988331,0.6736526826484018,0.5586159627092846
898,0.0,2697.0,2703.0,0.6737764776763064,0.9888550545408422,0.6959225012683917,0.5586908295281583,0.6958416412988331,0.6736525875190259,0.5586099695585997
899,0.0,2700.0,2706.0,0.6737764776763064,0.9888550545408422,0.6959225012683917,0.5586848997970574,0.6958416412988331,0.67365249238965,0.5586040398274987
900,0.0,2703.0,2709.0,0.6737764776763064,0.9888550545408422,0.6959225012683917,0.5586789700659563,0.6958416412988331,0.6736523972602739,0.5585981100963978
901,0.0,2706.0,2712.0,0.6737764776763064,0.9888550545408422,0.6959225012683917,0.5586730403348554,0.6958416412988331,0.673652302130898,0.5585921803652968
902,0.0,2709.0,2715.0,0.6737764776763064,0.9888550545408422,0.6959225012683917,0.5586671423135464,0.6958416412988331,0.6736522070015221,0.5585862823439878
903,0.0,2712.0,2718.0,0.6737764776763064,0.9888550545408422,0.6959225012683917,0.5586612125824455,0.6958416412988331,0.6736521118721461,0.5585803526128869
904,0.0,2715.0,2721.0,0.6737764776763064,0.9888550545408422,0.6959225012683917,0.5586552194317606,0.6958416412988331,0.6736520167427702,0.5585743594622019
905,0.0,2718.0,2724.0,0.6737764776763064,0.9888550545408422,0.6959225012683917,0.5586492262810756,0.6958416412988331,0.6736519216133943,0.558568366311517
906,0.0,2721.0,2727.0,0.6737764776763064,0.9888550545408422,0.6959225012683917,0.5586432331303907,0.6958416412988331,0.6736518264840182,0.558562373160832
907,0.0,2724.0,2730.0,0.6737764776763064,0.9888550545408422,0.6959225012683917,0.5586372716894977,0.6958416412988331,0.6736517313546423,0.5585564117199391
908,0.0,2727.0,2733.0,0.6737764776763064,0.9888550545408422,0.6959225012683917,0.5586314370877727,0.6958416412988331,0.6736516362252664,0.5585505771182141
909,0.0,2730.0,2736.0,0.6737764776763064,0.9888550545408422,0.6959225012683917,0.5586256341958397,0.6958416412988331,0.6736515410958904,0.5585447742262811
910,0.0,2733.0,2739.0,0.6737764776763064,0.9888550545408422,0.6959225012683917,0.5586198313039067,0.6958416412988331,0.6736514459665145,0.558538971334348
911,0.0,2736.0,2742.0,0.6737764776763064,0.9888550545408422,0.6959225012683917,0.5586140284119736,0.6958416412988331,0.6736513508371386,0.558533168442415
912,0.0,2739.0,2745.0,0.6737764776763064,0.9888550545408422,0.6959225012683917,0.5586082255200406,0.6958416412988331,0.6736512557077625,0.558527365550482
913,0.0,2742.0,2748.0,0.6737764776763064,0.9888550545408422,0.6959225012683917,0.5586024226281076,0.6958416412988331,0.6736511605783866,0.5585215626585489
914,0.0,2745.0,2751.0,0.6737764776763064,0.9888550545408422,0.6959225012683917,0.5585966197361746,0.6958416412988331,0.6736510654490107,0.5585157597666159
915,0.0,2748.0,2754.0,0.6737764776763064,0.9888550545408422,0.6959225012683917,0.5585907217148656,0.6958416412988331,0.6736509703196347,0.5585098617453069
916,0.0,2751.0,2757.0,0.6737764776763064,0.9888550545408422,0.6959225012683917,0.5585848236935566,0.6958416412988331,0.6736508751902588,0.558503963723998
917,0.0,2754.0,2760.0,0.6737764776763064,0.9888550545408422,0.6959225012683917,0.5585788305428716,0.6958416412988331,0.6736507800608827,0.5584979705733131
918,0.0,2757.0,2763.0,0.6737764776763064,0.9888550545408422,0.6959225012683917,0.5585728373921867,0.6958416412988331,0.6736506849315068,0.5584919774226281
919,0.0,2760.0,2766.0,0.6737764776763064,0.9888550545408422,0.6959225012683917,0.5585668442415018,0.6958416412988331,0.6736505898021309,0.5584859842719432
920,0.0,2763.0,2769.0,0.6737764776763064,0.9888550545408422,0.6959225012683917,0.5585609462201928,0.6958416412988331,0.673650494672755,0.5584800862506342
921,0.0,2766.0,2772.0,0.6737764776763064,0.9888550545408422,0.6959225012683917,0.5585549847792999,0.6958416412988331,0.673650399543379,0.5584741248097412
922,0.0,2769.0,2775.0,0.6737764776763064,0.9888550545408422,0.6959225012683917,0.558548896499239,0.6958416412988331,0.6736503044140031,0.5584680365296804
923,0.0,2772.0,2778.0,0.6737764776763064,0.9888550545408422,0.6959225012683917,0.5585428082191781,0.6958416412988331,0.673650209284627,0.5584619482496195
924,0.0,2775.0,2781.0,0.6737764776763064,0.9888550545408422,0.6959225012683917,0.5585367199391172,0.6958416412988331,0.6736501141552511,0.5584558599695586
925,0.0,2778.0,2784.0,0.6737764776763064,0.9888550545408422,0.6959225012683917,0.5585307584982242,0.6958416412988331,0.6736500190258752,0.5584498985286657
926,0.0,2781.0,2787.0,0.6737764776763064,0.9888550545408422,0.6959225012683917,0.5585248604769153,0.6958416412988331,0.6736499238964992,0.5584440005073567
927,0.0,2784.0,2790.0,0.6737764776763064,0.9888550545408422,0.6959225012683917,0.5585189624556063,0.6958416412988331,0.6736498287671233,0.5584381024860476
928,0.0,2787.0,2793.0,0.6737764776763064,0.9888550545408422,0.6959225012683917,0.5585130644342973,0.6958416412988331,0.6736497336377474,0.5584322044647387
929,0.0,2790.0,2796.0,0.6737764776763064,0.9888550545408422,0.6959225012683917,0.5585071347031964,0.6958416412988331,0.6736496385083713,0.5584262747336377
930,0.0,2793.0,2799.0,0.6737764776763064,0.9888550545408422,0.6959225012683917,0.5585011415525114,0.6958416412988331,0.6736495433789954,0.5584202815829529
931,0.0,2796.0,2802.0,0.6737764776763064,0.9888550545408422,0.6959225012683917,0.5584951801116185,0.6958416412988331,0.6736494482496195,0.5584143201420598
932,0.0,2799.0,2805.0,0.6737764776763064,0.9888550545408422,0.6959225012683917,0.5584893772196854,0.6958416412988331,0.6736493531202435,0.5584085172501269
933,0.0,2802.0,2808.0,0.6737764776763064,0.9888550545408422,0.6959225012683917,0.5584834474885845,0.6958416412988331,0.6736492579908676,0.5584025875190258
934,0.0,2805.0,2811.0,0.6737764776763064,0.9888550545408422,0.6959225012683917,0.5584775494672755,0.6958416412988331,0.6736491628614917,0.5583966894977169
935,0.0,2808.0,2814.0,0.6737764776763064,0.9888550545408422,0.6959225012683917,0.5584716197361745,0.6958416412988331,0.6736490677321156,0.5583907597666159
936,0.0,2811.0,2817.0,0.6737764776763064,0.9888550545408422,0.6959225012683917,0.5584656265854896,0.6958416412988331,0.6736489726027397,0.558384766615931
937,0.0,2814.0,2820.0,0.6737764776763064,0.9888550545408422,0.6959225012683917,0.5584596651445967,0.6958416412988331,0.6736488774733638,0.558378805175038
938,0.0,2817.0,2823.0,0.6737764776763064,0.9888550545408422,0.6959225012683917,0.5584536085743278,0.6958416412988331,0.6736487823439878,0.5583727486047692
939,0.0,2820.0,2826.0,0.6737764776763064,0.9888550545408422,0.6959225012683917,0.5584474251648909,0.6958416412988331,0.6736486872146119,0.5583665651953323
940,0.0,2823.0,2829.0,0.6737764776763064,0.9888550545408422,0.6959225012683917,0.5584412417554541,0.6958416412988331,0.673648592085236,0.5583603817858955
941,0.0,2826.0,2832.0,0.6737764776763064,0.9888550545408422,0.6959225012683917,0.5584350266362252,0.6958416412988331,0.6736484969558599,0.5583541666666667
942,0.0,2829.0,2835.0,0.6737764776763064,0.9888550545408422,0.6959225012683917,0.5584288432267884,0.6958416412988331,0.673648401826484,0.5583479832572298
943,0.0,2832.0,2838.0,0.6737764776763064,0.9888550545408422,0.6959225012683917,0.5584225963977676,0.6958416412988331,0.6736483066971081,0.5583417364282091
944,0.0,2835.0,2841.0,0.6737764776763064,0.9888550545408422,0.6959225012683917,0.5584162227295789,0.6958416412988331,0.6736482115677321,0.5583353627600203
945,0.0,2838.0,2844.0,0.6737764776763064,0.9888550545408422,0.6959225012683917,0.5584099124809742,0.6958416412988331,0.6736481164383562,0.5583290525114155
946,0.0,2841.0,2847.0,0.6737764776763064,0.9888550545408422,0.6959225012683917,0.5584037290715372,0.6958416412988331,0.6736480213089802,0.5583228691019787
947,0.0,2844.0,2850.0,0.6737764776763064,0.9888550545408422,0.6959225012683917,0.5583975456621004,0.6958416412988331,0.6736479261796042,0.5583166856925419
948,0.0,2847.0,2853.0,0.6737764776763064,0.9888550545408422,0.6959225012683917,0.5583913622526636,0.6958416412988331,0.6736478310502283,0.558310502283105
949,0.0,2850.0,2856.0,0.6737764776763064,0.9888550545408422,0.6959225012683917,0.5583851154236428,0.6958416412988331,0.6736477359208524,0.5583042554540842
950,0.0,2853.0,2859.0,0.6737764776763064,0.9888550545408422,0.6959225012683917,0.55837883688483,0.6958416412988331,0.6736476407914764,0.5582979769152714
951,0.0,2856.0,2862.0,0.6737764776763064,0.9888550545408422,0.6959225012683917,0.5583725583460173,0.6958416412988331,0.6736475456621005,0.5582916983764586
952,0.0,2859.0,2865.0,0.6737764776763064,0.9888550545408422,0.6959225012683917,0.5583663432267885,0.6958416412988331,0.6736474505327245,0.5582854832572298
953,0.0,2862.0,2868.0,0.6737764776763064,0.9888550545408422,0.6959225012683917,0.5583600646879756,0.6958416412988331,0.6736473554033485,0.5582792047184171
954,0.0,2865.0,2871.0,0.6737764776763064,0.9888550545408422,0.6959225012683917,0.5583537861491629,0.6958416412988331,0.6736472602739726,0.5582729261796042
955,0.0,2868.0,2874.0,0.6737764776763064,0.9888550545408422,0.6959225012683917,0.558347634449518,0.6958416412988331,0.6736471651445967,0.5582667744799594
956,0.0,2871.0,2877.0,0.6737764776763064,0.9888550545408422,0.6959225012683917,0.5583416095890411,0.6958416412988331,0.6736470700152207,0.5582607496194825
957,0.0,2874.0,2880.0,0.6737764776763064,0.9888550545408422,0.6959225012683917,0.5583356164383562,0.6958416412988331,0.6736469748858448,0.5582547564687975
958,0.0,2877.0,2883.0,0.6737764776763064,0.9888550545408422,0.6959225012683917,0.5583296232876712,0.6958416412988331,0.6736468797564688,0.5582487633181127
959,0.0,2880.0,2886.0,0.6737764776763064,0.9888550545408422,0.6959225012683917,0.5583236301369863,0.6958416412988331,0.6736467846270928,0.5582427701674277
960,0.0,2883.0,2889.0,0.6737764776763064,0.9888550545408422,0.6959225012683917,0.5583176369863013,0.6958416412988331,0.6736466894977169,0.5582367770167428
961,0.0,2886.0,2892.0,0.6737764776763064,0.9888550545408422,0.6959225012683917,0.5583116121258245,0.6958416412988331,0.673646594368341,0.5582307521562658
962,0.0,2889.0,2895.0,0.6737764776763064,0.9888550545408422,0.6959225012683917,0.5583055555555556,0.6958416412988331,0.673646499238965,0.558224695585997
963,0.0,2892.0,2898.0,0.6737764776763064,0.9888550545408422,0.6959225012683917,0.5582994672754946,0.6958416412988331,0.6736464041095891,0.5582186073059361
964,0.0,2895.0,2901.0,0.6737764776763064,0.9888550545408422,0.6959225012683917,0.5582933789954337,0.6958416412988331,0.673646308980213,0.5582125190258752
965,0.0,2898.0,2904.0,0.6737764776763064,0.9888550545408422,0.6959225012683917,0.558287227295789,0.6958416412988331,0.6736462138508371,0.5582063673262303
966,0.0,2901.0,2907.0,0.6737764776763064,0.9888550545408422,0.6959225012683917,0.5582810438863521,0.6958416412988331,0.6736461187214612,0.5582001839167935
967,0.0,2904.0,2910.0,0.6737764776763064,0.9888550545408422,0.6959225012683917,0.5582748604769153,0.6958416412988331,0.6736460235920853,0.5581940005073567
968,0.0,2907.0,2913.0,0.6737764776763064,0.9888550545408422,0.6959225012683917,0.5582686770674784,0.6958416412988331,0.6736459284627093,0.5581878170979199
969,0.0,2910.0,2916.0,0.6737764776763064,0.9888550545408422,0.6959225012683917,0.5582624936580416,0.6958416412988331,0.6736458333333334,0.5581816336884831
970,0.0,2913.0,2919.0,0.6737764776763064,0.9888550545408422,0.6959225012683917,0.5582565322171487,0.6958416412988331,0.6736457382039573,0.55817567224759
971,0.0,2916.0,2922.0,0.6737764776763064,0.9888550545408422,0.6959225012683917,0.5582506341958396,0.6958416412988331,0.6736456430745814,0.5581697742262811
972,0.0,2919.0,2925.0,0.6737764776763064,0.9888550545408422,0.6959225012683917,0.5582446410451547,0.6958416412988331,0.6736455479452055,0.5581637810755962
973,0.0,2922.0,2928.0,0.6737764776763064,0.9888550545408422,0.6959225012683917,0.5582386478944699,0.6958416412988331,0.6736454528158295,0.5581577879249112
974,0.0,2925.0,2931.0,0.6737764776763064,0.9888550545408422,0.6959225012683917,0.5582326547437849,0.6958416412988331,0.6736453576864536,0.5581517947742263
975,0.0,2928.0,2934.0,0.6737764776763064,0.9888550545408422,0.6959225012683917,0.5582266615931,0.6958416412988331,0.6736452625570776,0.5581458016235413
976,0.0,2931.0,2937.0,0.6737764776763064,0.9888550545408422,0.6959225012683917,0.5582205416032471,0.6958416412988331,0.6736451674277016,0.5581396816336884
977,0.0,2934.0,2940.0,0.6737764776763064,0.9888550545408422,0.6959225012683917,0.5582143264840183,0.6958416412988331,0.6736450722983257,0.5581334665144597
978,0.0,2937.0,2943.0,0.6737764776763064,0.9888550545408422,0.6959225012683917,0.5582079845256215,0.6958416412988331,0.6736449771689498,0.558127124556063
979,0.0,2940.0,2946.0,0.6737764776763064,0.9888550545408422,0.6959225012683917,0.5582015474378488,0.6958416412988331,0.6736448820395738,0.5581206874682902
980,0.0,2943.0,2949.0,0.6737764776763064,0.9888550545408422,0.6959225012683917,0.5581950786402842,0.6958416412988331,0.6736447869101979,0.5581142186707255
981,0.0,2946.0,2952.0,0.6737764776763064,0.9888550545408422,0.6959225012683917,0.5581886098427195,0.6958416412988331,0.6736446917808219,0.5581077498731608
982,0.0,2949.0,2955.0,0.6737764776763064,0.9888550545408422,0.6959225012683917,0.5581821410451547,0.6958416412988331,0.6736445966514459,0.5581012810755961
983,0.0,2952.0,2958.0,0.6737764776763064,0.9888550545408422,0.6959225012683917,0.558175703957382,0.6958416412988331,0.67364450152207,0.5580948439878234
984,0.0,2955.0,2961.0,0.6737764776763064,0.9888550545408422,0.6959225012683917,0.5581692668696093,0.6958416412988331,0.6736444063926941,0.5580884069000507
985,0.0,2958.0,2964.0,0.6737764776763064,0.9888550545408422,0.6959225012683917,0.5581627029426687,0.6958416412988331,0.6736443112633181,0.5580818429731101
986,0.0,2961.0,2967.0,0.6737764776763064,0.9888550545408422,0.6959225012683917,0.558156139015728,0.6958416412988331,0.6736442161339422,0.5580752790461695
987,0.0,2964.0,2970.0,0.6737764776763064,0.9888550545408422,0.6959225012683917,0.5581495750887874,0.6958416412988331,0.6736441210045662,0.5580687151192288
988,0.0,2967.0,2973.0,0.6737764776763064,0.9888550545408422,0.6959225012683917,0.5581428843226789,0.6958416412988331,0.6736440258751902,0.5580620243531202
989,0.0,2970.0,2976.0,0.6737764776763064,0.9888550545408422,0.6959225012683917,0.5581362252663623,0.6958416412988331,0.6736439307458143,0.5580553652968037
990,0.0,2973.0,2979.0,0.6737764776763064,0.9888550545408422,0.6959225012683917,0.5581295662100456,0.6958416412988331,0.6736438356164384,0.5580487062404871
991,0.0,2976.0,2982.0,0.6737764776763064,0.9888550545408422,0.6959225012683917,0.558122907153729,0.6958416412988331,0.6736437404870624,0.5580420471841705
992,0.0,2979.0,2985.0,0.6737764776763064,0.9888550545408422,0.6959225012683917,0.5581162798072045,0.6958416412988331,0.6736436453576865,0.5580354198376458
993,0.0,2982.0,2988.0,0.6737764776763064,0.9888550545408422,0.6959225012683917,0.5581097158802638,0.6958416412988331,0.6736435502283105,0.5580288559107053
994,0.0,2985.0,2991.0,0.6737764776763064,0.9888550545408422,0.6959225012683917,0.5581031519533232,0.6958416412988331,0.6736434550989345,0.5580222919837646
995,0.0,2988.0,2994.0,0.6737764776763064,0.9888550545408422,0.6959225012683917,0.5580965880263825,0.6958416412988331,0.6736433599695586,0.558015728056824
996,0.0,2991.0,2997.0,0.6737764776763064,0.9888550545408422,0.6959225012683917,0.5580900240994419,0.6958416412988331,0.6736432648401827,0.5580091641298833
997,0.0,2994.0,3000.0,0.6737764776763064,0.9888550545408422,0.6959225012683917,0.5580833967529173,0.6958416412988331,0.6736431697108067,0.5580025367833586
998,0.0,2997.0,3003.0,0.6737764776763064,0.9888550545408422,0.6959225012683917,0.5580767376966007,0.6958416412988331,0.6736430745814308,0.5579958777270421
999,0.0,3000.0,3006.0,0.6737764776763064,0.9888550545408422,0.6959225012683917,0.5580700786402841,0.6958416412988331,0.6736429794520548,0.5579892186707255
1000,0.0,3003.0,3009.0,0.6737764776763064,0.9888550545408422,0.6959225012683917,0.5580634195839675,0.6958416412988331,0.6736428843226788,0.5579825596144089
1001,0.0,3006.0,3012.0,0.6737764776763064,0.9888550545408422,0.6959225012683917,0.5580568239472349,0.6958416412988331,0.6736427891933029,0.5579759639776763
1002,0.0,3009.0,3015.0,0.6737764776763064,0.9888550545408422,0.6959225012683917,0.5580502600202942,0.6958416412988331,0.673642694063927,0.5579694000507357
1003,0.0,3012.0,3018.0,0.6737764776763064,0.9888550545408422,0.6959225012683917,0.5580436960933536,0.6958416412988331,0.673642598934551,0.557962836123795
1004,0.0,3015.0,3021.0,0.6737764776763064,0.9888550545408422,0.6959225012683917,0.558037132166413,0.6958416412988331,0.673642503805175,0.5579562721968544
1005,0.0,3018.0,3024.0,0.6737764776763064,0.9888550545408422,0.6959225012683917,0.5580305682394724,0.6958416412988331,0.673642408675799,0.5579497082699137
1006,0.0,3021.0,3027.0,0.6737764776763064,0.9888550545408422,0.6959225012683917,0.5580238457635718,0.6958416412988331,0.6736423135464231,0.5579429857940132
1007,0.0,3024.0,3030.0,0.6737764776763064,0.9888550545408422,0.6959225012683917,0.5580170915778793,0.6958416412988331,0.6736422184170472,0.5579362316083206
1008,0.0,3027.0,3033.0,0.6737764776763064,0.9888550545408422,0.6959225012683917,0.5580103373921868,0.6958416412988331,0.6736421232876713,0.5579294774226281
1009,0.0,3030.0,3036.0,0.6737764776763064,0.9888550545408422,0.6959225012683917,0.5580036149162861,0.6958416412988331,0.6736420281582953,0.5579227549467275
1010,0.0,3033.0,3039.0,0.6737764776763064,0.9888550545408422,0.6959225012683917,0.5579969558599696,0.6958416412988331,0.6736419330289193,0.5579160958904109
1011,0.0,3036.0,3042.0,0.6737764776763064,0.9888550545408422,0.6959225012683917,0.557990201674277,0.6958416412988331,0.6736418378995433,0.5579093417047184
1012,0.0,3039.0,3045.0,0.6737764776763064,0.9888550545408422,0.6959225012683917,0.5579833840690005,0.6958416412988331,0.6736417427701674,0.5579025240994419
1013,0.0,3042.0,3048.0,0.6737764776763064,0.9888550545408422,0.6959225012683917,0.557976471334348,0.6958416412988331,0.6736416476407915,0.5578956113647895
1014,0.0,3045.0,3051.0,0.6737764776763064,0.9888550545408422,0.6959225012683917,0.5579693683409437,0.6958416412988331,0.6736415525114156,0.557888508371385
1015,0.0,3048.0,3054.0,0.6737764776763064,0.9888550545408422,0.6959225012683917,0.5579622336377473,0.6958416412988331,0.6736414573820396,0.5578813736681887
1016,0.0,3051.0,3057.0,0.6737764776763064,0.9888550545408422,0.6959225012683917,0.557955003805175,0.6958416412988331,0.6736413622526636,0.5578741438356164
1017,0.0,3054.0,3060.0,0.6737764776763064,0.9888550545408422,0.6959225012683917,0.5579476154236428,0.6958416412988331,0.6736412671232876,0.5578667554540843
1018,0.0,3057.0,3063.0,0.6737764776763064,0.9888550545408422,0.6959225012683917,0.5579401002029427,0.6958416412988331,0.6736411719939117,0.5578592402333841
1019,0.0,3060.0,3066.0,0.6737764776763064,0.9888550545408422,0.6959225012683917,0.5579325849822425,0.6958416412988331,0.6736410768645358,0.5578517250126839
1020,0.0,3063.0,3069.0,0.6737764776763064,0.9888550545408422,0.6959225012683917,0.5579250697615423,0.6958416412988331,0.6736409817351598,0.5578442097919838
1021,0.0,3066.0,3072.0,0.6737764776763064,0.9888550545408422,0.6959225012683917,0.5579175862506341,0.6958416412988331,0.6736408866057839,0.5578367262810756
1022,0.0,3069.0,3075.0,0.6737764776763064,0.9888550545408422,0.6959225012683917,0.55791016615931,0.6958416412988331,0.6736407914764079,0.5578293061897514
1023,0.0,3072.0,3078.0,0.6737764776763064,0.9888550545408422,0.6959225012683917,0.5579027460679858,0.6958416412988331,0.6736406963470319,0.5578218860984272
1024,0.0,3075.0,3081.0,0.6737764776763064,0.9888550545408422,0.6959225012683917,0.5578953259766616,0.6958416412988331,0.673640601217656,0.5578144660071029
1025,0.0,3078.0,3084.0,0.6737764776763064,0.9888550545408422,0.6959225012683917,0.5578880644342973,0.6958416412988331,0.6736405060882801,0.5578072044647387
1026,0.0,3081.0,3087.0,0.6737764776763064,0.9888550545408422,0.6959225012683917,0.557880834601725,0.6958416412988331,0.6736404109589041,0.5577999746321665
1027,0.0,3084.0,3090.0,0.6737764776763064,0.9888550545408422,0.6959225012683917,0.5578736047691527,0.6958416412988331,0.6736403158295282,0.5577927447995941
1028,0.0,3087.0,3093.0,0.6737764776763064,0.9888550545408422,0.6959225012683917,0.5578663749365804,0.6958416412988331,0.6736402207001522,0.5577855149670218
1029,0.0,3090.0,3096.0,0.6737764776763064,0.9888550545408422,0.6959225012683917,0.5578591451040081,0.6958416412988331,0.6736401255707762,0.5577782851344495
1030,0.0,3093.0,3099.0,0.6737764776763064,0.9888550545408422,0.6959225012683917,0.5578518201420599,0.6958416412988331,0.6736400304414003,0.5577709601725013
1031,0.0,3096.0,3102.0,0.6737764776763064,0.9888550545408422,0.6959225012683917,0.5578444951801116,0.6958416412988331,0.6736399353120244,0.557763635210553
1032,0.0,3099.0,3105.0,0.6737764776763064,0.9888550545408422,0.6959225012683917,0.5578371702181634,0.6958416412988331,0.6736398401826484,0.5577563102486047
1033,0.0,3102.0,3108.0,0.6737764776763064,0.9888550545408422,0.6959225012683917,0.5578298452562152,0.6958416412988331,0.6736397450532724,0.5577489852866565
1034,0.0,3105.0,3111.0,0.6737764776763064,0.9888550545408422,0.6959225012683917,0.5578224885844749,0.6958416412988331,0.6736396499238965,0.5577416286149163
1035,0.0,3108.0,3114.0,0.6737764776763064,0.9888550545408422,0.6959225012683917,0.5578151953323186,0.6958416412988331,0.6736395547945205,0.5577343353627601
1036,0.0,3111.0,3117.0,0.6737764776763064,0.9888550545408422,0.6959225012683917,0.5578079654997463,0.6958416412988331,0.6736394596651446,0.5577271055301877
1037,0.0,3114.0,3120.0,0.6737764776763064,0.9888550545408422,0.6959225012683917,0.557800799086758,0.6958416412988331,0.6736393645357687,0.5577199391171994
1038,0.0,3117.0,3123.0,0.6737764776763064,0.9888550545408422,0.6959225012683917,0.5577935692541857,0.6958416412988331,0.6736392694063927,0.5577127092846271
1039,0.0,3120.0,3126.0,0.6737764776763064,0.9888550545408422,0.6959225012683917,0.5577863077118214,0.6958416412988331,0.6736391742770167,0.5577054477422628
1040,0.0,3123.0,3129.0,0.6737764776763064,0.9888550545408422,0.6959225012683917,0.5577789827498731,0.6958416412988331,0.6736390791476408,0.5576981227803146
1041,0.0,3126.0,3132.0,0.6737764776763064,0.9888550545408422,0.6959225012683917,0.5577717529173009,0.6958416412988331,0.6736389840182648,0.5576908929477422
1042,0.0,3129.0,3135.0,0.6737764776763064,0.9888550545408422,0.6959225012683917,0.5577645547945206,0.6958416412988331,0.6736388888888889,0.5576836948249619
1043,0.0,3132.0,3138.0,0.6737764776763064,0.9888550545408422,0.6959225012683917,0.5577573883815322,0.6958416412988331,0.673638793759513,0.5576765284119736
1044,0.0,3135.0,3141.0,0.6737764776763064,0.9888550545408422,0.6959225012683917,0.5577501585489599,0.6958416412988331,0.673638698630137,0.5576692985794013
1045,0.0,3138.0,3144.0,0.6737764776763064,0.9888550545408422,0.6959225012683917,0.5577429287163876,0.6958416412988331,0.673638603500761,0.557662068746829
1046,0.0,3141.0,3147.0,0.6737764776763064,0.9888550545408422,0.6959225012683917,0.5577358257229833,0.6958416412988331,0.6736385083713851,0.5576549657534247
1047,0.0,3144.0,3150.0,0.6737764776763064,0.9888550545408422,0.6959225012683917,0.5577287861491629,0.6958416412988331,0.6736384132420091,0.5576479261796042
1048,0.0,3147.0,3153.0,0.6737764776763064,0.9888550545408422,0.6959225012683917,0.5577217465753425,0.6958416412988331,0.6736383181126332,0.5576408866057838
1049,0.0,3150.0,3156.0,0.6737764776763064,0.9888550545408422,0.6959225012683917,0.557714707001522,0.6958416412988331,0.6736382229832573,0.5576338470319635
1050,0.0,3153.0,3159.0,0.6737764776763064,0.9888550545408422,0.6959225012683917,0.5577077308472856,0.6958416412988331,0.6736381278538813,0.557626870877727
1051,0.0,3156.0,3162.0,0.6737764776763064,0.9888550545408422,0.6959225012683917,0.5577007864028412,0.6958416412988331,0.6736380327245053,0.5576199264332826
1052,0.0,3159.0,3165.0,0.6737764776763064,0.9888550545408422,0.6959225012683917,0.5576938419583968,0.6958416412988331,0.6736379375951294,0.5576129819888381
1053,0.0,3162.0,3168.0,0.6737764776763064,0.9888550545408422,0.6959225012683917,0.5576868975139523,0.6958416412988331,0.6736378424657534,0.5576060375443938
1054,0.0,3165.0,3171.0,0.6737764776763064,0.9888550545408422,0.6959225012683917,0.55767982623034,0.6958416412988331,0.6736377473363775,0.5575989662607813
1055,0.0,3168.0,3174.0,0.6737764776763064,0.9888550545408422,0.6959225012683917,0.5576726915271436,0.6958416412988331,0.6736376522070016,0.557591831557585
1056,0.0,3171.0,3177.0,0.6737764776763064,0.9888550545408422,0.6959225012683917,0.5576655568239473,0.6958416412988331,0.6736375570776256,0.5575846968543886
1057,0.0,3174.0,3180.0,0.6737764776763064,0.9888550545408422,0.6959225012683917,0.5576586123795028,0.6958416412988331,0.6736374619482496,0.5575777524099442
1058,0.0,3177.0,3183.0,0.6737764776763064,0.9888550545408422,0.6959225012683917,0.5576516679350584,0.6958416412988331,0.6736373668188737,0.5575708079654997
1059,0.0,3180.0,3186.0,0.6737764776763064,0.9888550545408422,0.6959225012683917,0.5576447234906139,0.6958416412988331,0.6736372716894977,0.5575638635210552
1060,0.0,3183.0,3189.0,0.6737764776763064,0.9888550545408422,0.6959225012683917,0.5576378107559614,0.6958416412988331,0.6736371765601218,0.5575569507864029
1061,0.0,3186.0,3192.0,0.6737764776763064,0.9888550545408422,0.6959225012683917,0.557630866311517,0.6958416412988331,0.6736370814307459,0.5575500063419584
1062,0.0,3189.0,3195.0,0.6737764776763064,0.9888550545408422,0.6959225012683917,0.5576238901572805,0.6958416412988331,0.6736369863013698,0.557543030187722
1063,0.0,3192.0,3198.0,0.6737764776763064,0.9888550545408422,0.6959225012683917,0.5576168505834602,0.6958416412988331,0.6736368911719939,0.5575359906139016
1064,0.0,3195.0,3201.0,0.6737764776763064,0.9888550545408422,0.6959225012683917,0.5576098744292237,0.6958416412988331,0.673636796042618,0.5575290144596652
1065,0.0,3198.0,3204.0,0.6737764776763064,0.9888550545408422,0.6959225012683917,0.5576030251141553,0.6958416412988331,0.673636700913242,0.5575221651445966
1066,0.0,3201.0,3207.0,0.6737764776763064,0.9888550545408422,0.6959225012683917,0.5575961757990867,0.6958416412988331,0.6736366057838661,0.5575153158295282
1067,0.0,3204.0,3210.0,0.6737764776763064,0.9888550545408422,0.6959225012683917,0.5575893899036022,0.6958416412988331,0.6736365106544902,0.5575085299340437
1068,0.0,3207.0,3213.0,0.6737764776763064,0.9888550545408422,0.6959225012683917,0.5575825722983258,0.6958416412988331,0.6736364155251141,0.5575017123287671
1069,0.0,3210.0,3216.0,0.6737764776763064,0.9888550545408422,0.6959225012683917,0.5575757229832572,0.6958416412988331,0.6736363203957382,0.5574948630136987
1070,0.0,3213.0,3219.0,0.6737764776763064,0.9888550545408422,0.6959225012683917,0.5575688736681887,0.6958416412988331,0.6736362252663622,0.5574880136986301
1071,0.0,3216.0,3222.0,0.6737764776763064,0.9888550545408422,0.6959225012683917,0.5575620560629122,0.6958416412988331,0.6736361301369863,0.5574811960933537
1072,0.0,3219.0,3225.0,0.6737764776763064,0.9888550545408422,0.6959225012683917,0.5575553970065956,0.6958416412988331,0.6736360350076104,0.5574745370370371
1073,0.0,3222.0,3228.0,0.6737764776763064,0.9888550545408422,0.6959225012683917,0.557548737950279,0.6958416412988331,0.6736359398782344,0.5574678779807204
1074,0.0,3225.0,3231.0,0.6737764776763064,0.9888550545408422,0.6959225012683917,0.5575420788939625,0.6958416412988331,0.6736358447488584,0.5574612189244038
1075,0.0,3228.0,3234.0,0.6737764776763064,0.9888550545408422,0.6959225012683917,0.5575354198376459,0.6958416412988331,0.6736357496194825,0.5574545598680872
1076,0.0,3231.0,3237.0,0.6737764776763064,0.9888550545408422,0.6959225012683917,0.5575287607813293,0.6958416412988331,0.6736356544901065,0.5574479008117706
1077,0.0,3234.0,3240.0,0.6737764776763064,0.9888550545408422,0.6959225012683917,0.5575220383054287,0.6958416412988331,0.6736355593607306,0.5574411783358701
1078,0.0,3237.0,3243.0,0.6737764776763064,0.9888550545408422,0.6959225012683917,0.5575153158295282,0.6958416412988331,0.6736354642313547,0.5574344558599695
1079,0.0,3240.0,3246.0,0.6737764776763064,0.9888550545408422,0.6959225012683917,0.5575085933536276,0.6958416412988331,0.6736353691019787,0.557427733384069
1080,0.0,3243.0,3249.0,0.6737764776763064,0.9888550545408422,0.6959225012683917,0.557501934297311,0.6958416412988331,0.6736352739726027,0.5574210743277525
1081,0.0,3246.0,3252.0,0.6737764776763064,0.9888550545408422,0.6959225012683917,0.5574952752409944,0.6958416412988331,0.6736351788432268,0.5574144152714359
1082,0.0,3249.0,3255.0,0.6737764776763064,0.9888550545408422,0.6959225012683917,0.5574886161846778,0.6958416412988331,0.6736350837138508,0.5574077562151192
1083,0.0,3252.0,3258.0,0.6737764776763064,0.9888550545408422,0.6959225012683917,0.5574819571283612,0.6958416412988331,0.6736349885844749,0.5574010971588026
1084,0.0,3255.0,3261.0,0.6737764776763064,0.9888550545408422,0.6959225012683917,0.5574752980720447,0.6958416412988331,0.673634893455099,0.557394438102486
1085,0.0,3258.0,3264.0,0.6737764776763064,0.9888550545408422,0.6959225012683917,0.5574686390157281,0.6958416412988331,0.673634798325723,0.5573877790461694
1086,0.0,3261.0,3267.0,0.6737764776763064,0.9888550545408422,0.6959225012683917,0.5574619799594115,0.6958416412988331,0.673634703196347,0.5573811199898528
1087,0.0,3264.0,3270.0,0.6737764776763064,0.9888550545408422,0.6959225012683917,0.5574553526128868,0.6958416412988331,0.6736346080669711,0.5573744926433283
1088,0.0,3267.0,3273.0,0.6737764776763064,0.9888550545408422,0.6959225012683917,0.5574487886859463,0.6958416412988331,0.6736345129375951,0.5573679287163876
1089,0.0,3270.0,3276.0,0.6737764776763064,0.9888550545408422,0.6959225012683917,0.5574422247590056,0.6958416412988331,0.6736344178082192,0.557361364789447
1090,0.0,3273.0,3279.0,0.6737764776763064,0.9888550545408422,0.6959225012683917,0.557435565702689,0.6958416412988331,0.6736343226788433,0.5573547057331304
1091,0.0,3276.0,3282.0,0.6737764776763064,0.9888550545408422,0.6959225012683917,0.5574289066463723,0.6958416412988331,0.6736342275494672,0.5573480466768138
1092,0.0,3279.0,3285.0,0.6737764776763064,0.9888550545408422,0.6959225012683917,0.5574222475900558,0.6958416412988331,0.6736341324200913,0.5573413876204972
1093,0.0,3282.0,3288.0,0.6737764776763064,0.9888550545408422,0.6959225012683917,0.5574154934043632,0.6958416412988331,0.6736340372907154,0.5573346334348047
1094,0.0,3285.0,3291.0,0.6737764776763064,0.9888550545408422,0.6959225012683917,0.5574086440892948,0.6958416412988331,0.6736339421613394,0.5573277841197362
1095,0.0,3288.0,3294.0,0.6737764776763064,0.9888550545408422,0.6959225012683917,0.5574016996448503,0.6958416412988331,0.6736338470319635,0.5573208396752918
1096,0.0,3291.0,3297.0,0.6737764776763064,0.9888550545408422,0.6959225012683917,0.5573948503297819,0.6958416412988331,0.6736337519025876,0.5573139903602232
1097,0.0,3294.0,3300.0,0.6737764776763064,0.9888550545408422,0.6959225012683917,0.5573880010147133,0.6958416412988331,0.6736336567732115,0.5573071410451548
1098,0.0,3297.0,3303.0,0.6737764776763064,0.9888550545408422,0.6959225012683917,0.5573811516996449,0.6958416412988331,0.6736335616438356,0.5573002917300862
1099,0.0,3300.0,3306.0,0.6737764776763064,0.9888550545408422,0.6959225012683917,0.5573743023845763,0.6958416412988331,0.6736334665144597,0.5572934424150178
1100,0.0,3303.0,3309.0,0.6737764776763064,0.9888550545408422,0.6959225012683917,0.5573675164890919,0.6958416412988331,0.6736333713850837,0.5572866565195332
1101,0.0,3306.0,3312.0,0.6737764776763064,0.9888550545408422,0.6959225012683917,0.5573606671740233,0.6958416412988331,0.6736332762557078,0.5572798072044647
1102,0.0,3309.0,3315.0,0.6737764776763064,0.9888550545408422,0.6959225012683917,0.5573538812785388,0.6958416412988331,0.6736331811263319,0.5572730213089803
1103,0.0,3312.0,3318.0,0.6737764776763064,0.9888550545408422,0.6959225012683917,0.5573471270928463,0.6958416412988331,0.6736330859969558,0.5572662671232876
1104,0.0,3315.0,3321.0,0.6737764776763064,0.9888550545408422,0.6959225012683917,0.5573403729071538,0.6958416412988331,0.6736329908675799,0.5572595129375951
1105,0.0,3318.0,3324.0,0.6737764776763064,0.9888550545408422,0.6959225012683917,0.5573336187214611,0.6958416412988331,0.673632895738204,0.5572527587519026
1106,0.0,3321.0,3327.0,0.6737764776763064,0.9888550545408422,0.6959225012683917,0.5573268645357686,0.6958416412988331,0.673632800608828,0.5572460045662101
1107,0.0,3324.0,3330.0,0.6737764776763064,0.9888550545408422,0.6959225012683917,0.5573201103500761,0.6958416412988331,0.6736327054794521,0.5572392503805175
1108,0.0,3327.0,3333.0,0.6737764776763064,0.9888550545408422,0.6959225012683917,0.5573132610350076,0.6958416412988331,0.6736326103500762,0.557232401065449
1109,0.0,3330.0,3336.0,0.6737764776763064,0.9888550545408422,0.6959225012683917,0.5573062848807712,0.6958416412988331,0.6736325152207001,0.5572254249112126
1110,0.0,3333.0,3339.0,0.6737764776763064,0.9888550545408422,0.6959225012683917,0.5572992453069507,0.6958416412988331,0.6736324200913242,0.5572183853373922
1111,0.0,3336.0,3342.0,0.6737764776763064,0.9888550545408422,0.6959225012683917,0.5572922374429223,0.6958416412988331,0.6736323249619482,0.5572113774733638
1112,0.0,3339.0,3345.0,0.6737764776763064,0.9888550545408422,0.6959225012683917,0.557285292998478,0.6958416412988331,0.6736322298325723,0.5572044330289193
1113,0.0,3342.0,3348.0,0.6737764776763064,0.9888550545408422,0.6959225012683917,0.5572783485540335,0.6958416412988331,0.6736321347031964,0.5571974885844749
1114,0.0,3345.0,3351.0,0.6737764776763064,0.9888550545408422,0.6959225012683917,0.5572714041095891,0.6958416412988331,0.6736320395738203,0.5571905441400304
1115,0.0,3348.0,3354.0,0.6737764776763064,0.9888550545408422,0.6959225012683917,0.5572644596651446,0.6958416412988331,0.6736319444444444,0.557183599695586
1116,0.0,3351.0,3357.0,0.6737764776763064,0.9888550545408422,0.6959225012683917,0.5572574200913242,0.6958416412988331,0.6736318493150685,0.5571765601217656
1117,0.0,3354.0,3360.0,0.6737764776763064,0.9888550545408422,0.6959225012683917,0.5572503805175038,0.6958416412988331,0.6736317541856925,0.5571695205479452
1118,0.0,3357.0,3363.0,0.6737764776763064,0.9888550545408422,0.6959225012683917,0.5572433409436834,0.6958416412988331,0.6736316590563166,0.5571624809741248
1119,0.0,3360.0,3366.0,0.6737764776763064,0.9888550545408422,0.6959225012683917,0.557236301369863,0.6958416412988331,0.6736315639269407,0.5571554414003044
1120,0.0,3363.0,3369.0,0.6737764776763064,0.9888550545408422,0.6959225012683917,0.5572291983764587,0.6958416412988331,0.6736314687975646,0.5571483384069
1121,0.0,3366.0,3372.0,0.6737764776763064,0.9888550545408422,0.6959225012683917,0.5572220002536783,0.6958416412988331,0.6736313736681887,0.5571411402841198
1122,0.0,3369.0,3375.0,0.6737764776763064,0.9888550545408422,0.6959225012683917,0.557214770421106,0.6958416412988331,0.6736312785388128,0.5571339104515475
1123,0.0,3372.0,3378.0,0.6737764776763064,0.9888550545408422,0.6959225012683917,0.5572075405885337,0.6958416412988331,0.6736311834094368,0.5571266806189752
1124,0.0,3375.0,3381.0,0.6737764776763064,0.9888550545408422,0.6959225012683917,0.5572003741755454,0.6958416412988331,0.6736310882800609,0.5571195142059868
1125,0.0,3378.0,3384.0,0.6737764776763064,0.9888550545408422,0.6959225012683917,0.5571932394723491,0.6958416412988331,0.673630993150685,0.5571123795027905
1126,0.0,3381.0,3387.0,0.6737764776763064,0.9888550545408422,0.6959225012683917,0.5571860413495687,0.6958416412988331,0.6736308980213089,0.5571051813800102
1127,0.0,3384.0,3390.0,0.6737764776763064,0.9888550545408422,0.6959225012683917,0.5571788115169964,0.6958416412988331,0.673630802891933,0.5570979515474378
1128,0.0,3387.0,3393.0,0.6737764776763064,0.9888550545408422,0.6959225012683917,0.5571715499746321,0.6958416412988331,0.6736307077625571,0.5570906900050736
1129,0.0,3390.0,3396.0,0.6737764776763064,0.9888550545408422,0.6959225012683917,0.5571642250126839,0.6958416412988331,0.6736306126331811,0.5570833650431253
1130,0.0,3393.0,3399.0,0.6737764776763064,0.9888550545408422,0.6959225012683917,0.5571569000507357,0.6958416412988331,0.6736305175038052,0.5570760400811771
1131,0.0,3396.0,3402.0,0.6737764776763064,0.9888550545408422,0.6959225012683917,0.5571495750887874,0.6958416412988331,0.6736304223744293,0.5570687151192288
1132,0.0,3399.0,3405.0,0.6737764776763064,0.9888550545408422,0.6959225012683917,0.5571422501268392,0.6958416412988331,0.6736303272450532,0.5570613901572806
1133,0.0,3402.0,3408.0,0.6737764776763064,0.9888550545408422,0.6959225012683917,0.5571349885844749,0.6958416412988331,0.6736302321156773,0.5570541286149163
1134,0.0,3405.0,3411.0,0.6737764776763064,0.9888550545408422,0.6959225012683917,0.5571277587519026,0.6958416412988331,0.6736301369863014,0.557046898782344
1135,0.0,3408.0,3414.0,0.6737764776763064,0.9888550545408422,0.6959225012683917,0.5571204972095383,0.6958416412988331,0.6736300418569254,0.5570396372399797
1136,0.0,3411.0,3417.0,0.6737764776763064,0.9888550545408422,0.6959225012683917,0.55711317224759,0.6958416412988331,0.6736299467275495,0.5570323122780314
1137,0.0,3414.0,3420.0,0.6737764776763064,0.9888550545408422,0.6959225012683917,0.5571058155758498,0.6958416412988331,0.6736298515981736,0.5570249556062912
1138,0.0,3417.0,3423.0,0.6737764776763064,0.9888550545408422,0.6959225012683917,0.5570983954845257,0.6958416412988331,0.6736297564687975,0.557017535514967
1139,0.0,3420.0,3426.0,0.6737764776763064,0.9888550545408422,0.6959225012683917,0.5570910388127854,0.6958416412988331,0.6736296613394216,0.5570101788432268
1140,0.0,3423.0,3429.0,0.6737764776763064,0.9888550545408422,0.6959225012683917,0.5570836821410452,0.6958416412988331,0.6736295662100457,0.5570028221714866
1141,0.0,3426.0,3432.0,0.6737764776763064,0.9888550545408422,0.6959225012683917,0.5570763571790969,0.6958416412988331,0.6736294710806697,0.5569954972095383
1142,0.0,3429.0,3435.0,0.6737764776763064,0.9888550545408422,0.6959225012683917,0.5570690322171487,0.6958416412988331,0.6736293759512938,0.55698817224759
1143,0.0,3432.0,3438.0,0.6737764776763064,0.9888550545408422,0.6959225012683917,0.5570617072552004,0.6958416412988331,0.6736292808219178,0.5569808472856418
1144,0.0,3435.0,3441.0,0.6737764776763064,0.9888550545408422,0.6959225012683917,0.5570543822932521,0.6958416412988331,0.6736291856925418,0.5569735223236936
1145,0.0,3438.0,3444.0,0.6737764776763064,0.9888550545408422,0.6959225012683917,0.5570470573313039,0.6958416412988331,0.6736290905631659,0.5569661973617454
1146,0.0,3441.0,3447.0,0.6737764776763064,0.9888550545408422,0.6959225012683917,0.5570397957889396,0.6958416412988331,0.67362899543379,0.556958935819381
1147,0.0,3444.0,3450.0,0.6737764776763064,0.9888550545408422,0.6959225012683917,0.5570325659563673,0.6958416412988331,0.673628900304414,0.5569517059868088
1148,0.0,3447.0,3453.0,0.6737764776763064,0.9888550545408422,0.6959225012683917,0.557025336123795,0.6958416412988331,0.6736288051750381,0.5569444761542365
1149,0.0,3450.0,3456.0,0.6737764776763064,0.9888550545408422,0.6959225012683917,0.5570181062912227,0.6958416412988331,0.673628710045662,0.5569372463216641
1150,0.0,3453.0,3459.0,0.6737764776763064,0.9888550545408422,0.6959225012683917,0.5570108764586504,0.6958416412988331,0.6736286149162861,0.5569300164890918
1151,0.0,3456.0,3462.0,0.6737764776763064,0.9888550545408422,0.6959225012683917,0.5570036466260782,0.6958416412988331,0.6736285197869102,0.5569227866565195
1152,0.0,3459.0,3465.0,0.6737764776763064,0.9888550545408422,0.6959225012683917,0.5569964167935059,0.6958416412988331,0.6736284246575343,0.5569155568239472
1153,0.0,3462.0,3468.0,0.6737764776763064,0.9888550545408422,0.6959225012683917,0.5569891869609336,0.6958416412988331,0.6736283295281583,0.5569083269913749
1154,0.0,3465.0,3471.0,0.6737764776763064,0.9888550545408422,0.6959225012683917,0.5569820205479452,0.6958416412988331,0.6736282343987824,0.5569011605783866
1155,0.0,3468.0,3474.0,0.6737764776763064,0.9888550545408422,0.6959225012683917,0.5569749175545409,0.6958416412988331,0.6736281392694063,0.5568940575849822
1156,0.0,3471.0,3477.0,0.6737764776763064,0.9888550545408422,0.6959225012683917,0.5569680365296804,0.6958416412988331,0.6736280441400304,0.5568871765601218
1157,0.0,3474.0,3480.0,0.6737764776763064,0.9888550545408422,0.6959225012683917,0.5569611872146119,0.6958416412988331,0.6736279490106545,0.5568803272450533
1158,0.0,3477.0,3483.0,0.6737764776763064,0.9888550545408422,0.6959225012683917,0.5569543378995434,0.6958416412988331,0.6736278538812785,0.5568734779299848
1159,0.0,3480.0,3486.0,0.6737764776763064,0.9888550545408422,0.6959225012683917,0.5569474885844748,0.6958416412988331,0.6736277587519026,0.5568666286149163
1160,0.0,3483.0,3489.0,0.6737764776763064,0.9888550545408422,0.6959225012683917,0.5569405441400305,0.6958416412988331,0.6736276636225267,0.5568596841704718
1161,0.0,3486.0,3492.0,0.6737764776763064,0.9888550545408422,0.6959225012683917,0.55693350456621,0.6958416412988331,0.6736275684931506,0.5568526445966514
1162,0.0,3489.0,3495.0,0.6737764776763064,0.9888550545408422,0.6959225012683917,0.5569264649923896,0.6958416412988331,0.6736274733637747,0.5568456050228311
1163,0.0,3492.0,3498.0,0.6737764776763064,0.9888550545408422,0.6959225012683917,0.5569193619989853,0.6958416412988331,0.6736273782343988,0.5568385020294266
1164,0.0,3495.0,3501.0,0.6737764776763064,0.9888550545408422,0.6959225012683917,0.5569122272957889,0.6958416412988331,0.6736272831050228,0.5568313673262303
1165,0.0,3498.0,3504.0,0.6737764776763064,0.9888550545408422,0.6959225012683917,0.5569050925925926,0.6958416412988331,0.6736271879756469,0.556824232623034
1166,0.0,3501.0,3507.0,0.6737764776763064,0.9888550545408422,0.6959225012683917,0.5568979578893962,0.6958416412988331,0.673627092846271,0.5568170979198377
1167,0.0,3504.0,3510.0,0.6737764776763064,0.9888550545408422,0.6959225012683917,0.5568909183155758,0.6958416412988331,0.6736269977168949,0.5568100583460173
1168,0.0,3507.0,3513.0,0.6737764776763064,0.9888550545408422,0.6959225012683917,0.5568838787417555,0.6958416412988331,0.673626902587519,0.5568030187721968
1169,0.0,3510.0,3516.0,0.6737764776763064,0.9888550545408422,0.6959225012683917,0.556876934297311,0.6958416412988331,0.6736268074581431,0.5567960743277524
1170,0.0,3513.0,3519.0,0.6737764776763064,0.9888550545408422,0.6959225012683917,0.5568699898528666,0.6958416412988331,0.6736267123287671,0.556789129883308
1171,0.0,3516.0,3522.0,0.6737764776763064,0.9888550545408422,0.6959225012683917,0.5568631405377981,0.6958416412988331,0.6736266171993912,0.5567822805682394
1172,0.0,3519.0,3525.0,0.6737764776763064,0.9888550545408422,0.6959225012683917,0.5568562912227296,0.6958416412988331,0.6736265220700152,0.556775431253171
1173,0.0,3522.0,3528.0,0.6737764776763064,0.9888550545408422,0.6959225012683917,0.5568494419076611,0.6958416412988331,0.6736264269406392,0.5567685819381025
1174,0.0,3525.0,3531.0,0.6737764776763064,0.9888550545408422,0.6959225012683917,0.5568425925925926,0.6958416412988331,0.6736263318112633,0.556761732623034
1175,0.0,3528.0,3534.0,0.6737764776763064,0.9888550545408422,0.6959225012683917,0.5568357115677322,0.6958416412988331,0.6736262366818874,0.5567548515981735
1176,0.0,3531.0,3537.0,0.6737764776763064,0.9888550545408422,0.6959225012683917,0.5568287671232877,0.6958416412988331,0.6736261415525114,0.5567479071537291
1177,0.0,3534.0,3540.0,0.6737764776763064,0.9888550545408422,0.6959225012683917,0.5568217909690513,0.6958416412988331,0.6736260464231355,0.5567409309994926
1178,0.0,3537.0,3543.0,0.6737764776763064,0.9888550545408422,0.6959225012683917,0.5568147513952308,0.6958416412988331,0.6736259512937595,0.5567338914256722
1179,0.0,3540.0,3546.0,0.6737764776763064,0.9888550545408422,0.6959225012683917,0.5568077435312024,0.6958416412988331,0.6736258561643835,0.5567268835616438
1180,0.0,3543.0,3549.0,0.6737764776763064,0.9888550545408422,0.6959225012683917,0.556800735667174,0.6958416412988331,0.6736257610350076,0.5567198756976154
1181,0.0,3546.0,3552.0,0.6737764776763064,0.9888550545408422,0.6959225012683917,0.5567936960933536,0.6958416412988331,0.6736256659056317,0.5567128361237951
1182,0.0,3549.0,3555.0,0.6737764776763064,0.9888550545408422,0.6959225012683917,0.5567866565195332,0.6958416412988331,0.6736255707762557,0.5567057965499747
1183,0.0,3552.0,3558.0,0.6737764776763064,0.9888550545408422,0.6959225012683917,0.5567796169457129,0.6958416412988331,0.6736254756468798,0.5566987569761542
1184,0.0,3555.0,3561.0,0.6737764776763064,0.9888550545408422,0.6959225012683917,0.5567725773718925,0.6958416412988331,0.6736253805175038,0.5566917174023338
1185,0.0,3558.0,3564.0,0.6737764776763064,0.9888550545408422,0.6959225012683917,0.556765537798072,0.6958416412988331,0.6736252853881278,0.5566846778285135
1186,0.0,3561.0,3567.0,0.6737764776763064,0.9888550545408422,0.6959225012683917,0.5567584030948757,0.6958416412988331,0.6736251902587519,0.5566775431253171
1187,0.0,3564.0,3570.0,0.6737764776763064,0.9888550545408422,0.6959225012683917,0.5567512683916793,0.6958416412988331,0.673625095129376,0.5566704084221208
1188,0.0,3567.0,3573.0,0.6737764776763064,0.9888550545408422,0.6959225012683917,0.5567442288178589,0.6958416412988331,0.673625,0.5566633688483004
1189,0.0,3570.0,3576.0,0.6737764776763064,0.9888550545408422,0.6959225012683917,0.5567371892440386,0.6958416412988331,0.6736249048706241,0.5566563292744799
1190,0.0,3573.0,3579.0,0.6737764776763064,0.9888550545408422,0.6959225012683917,0.5567301496702182,0.6958416412988331,0.673624809741248,0.5566492897006595
1191,0.0,3576.0,3582.0,0.6737764776763064,0.9888550545408422,0.6959225012683917,0.5567231100963977,0.6958416412988331,0.6736247146118721,0.5566422501268392
1192,0.0,3579.0,3585.0,0.6737764776763064,0.9888550545408422,0.6959225012683917,0.5567160705225773,0.6958416412988331,0.6736246194824962,0.5566352105530188
1193,0.0,3582.0,3588.0,0.6737764776763064,0.9888550545408422,0.6959225012683917,0.556709030948757,0.6958416412988331,0.6736245243531203,0.5566281709791984
1194,0.0,3585.0,3591.0,0.6737764776763064,0.9888550545408422,0.6959225012683917,0.5567019913749366,0.6958416412988331,0.6736244292237443,0.556621131405378
1195,0.0,3588.0,3594.0,0.6737764776763064,0.9888550545408422,0.6959225012683917,0.5566949518011162,0.6958416412988331,0.6736243340943684,0.5566140918315576
1196,0.0,3591.0,3597.0,0.6737764776763064,0.9888550545408422,0.6959225012683917,0.5566879122272957,0.6958416412988331,0.6736242389649924,0.5566070522577372
1197,0.0,3594.0,3600.0,0.6737764776763064,0.9888550545408422,0.6959225012683917,0.5566809043632673,0.6958416412988331,0.6736241438356164,0.5566000443937088
1198,0.0,3597.0,3603.0,0.6737764776763064,0.9888550545408422,0.6959225012683917,0.556673959918823,0.6958416412988331,0.6736240487062405,0.5565930999492643
1199,0.0,3600.0,3606.0,0.6737764776763064,0.9888550545408422,0.6959225012683917,0.5566670154743785,0.6958416412988331,0.6736239535768646,0.5565861555048199
1200,0.0,3603.0,3609.0,0.6737764776763064,0.9888550545408422,0.6959225012683917,0.5566600710299341,0.6958416412988331,0.6736238584474886,0.5565792110603754
1201,0.0,3606.0,3612.0,0.6737764776763064,0.9888550545408422,0.6959225012683917,0.5566531265854896,0.6958416412988331,0.6736237633181126,0.556572266615931
1202,0.0,3609.0,3615.0,0.6737764776763064,0.9888550545408422,0.6959225012683917,0.5566461504312532,0.6958416412988331,0.6736236681887366,0.5565652904616946
1203,0.0,3612.0,3618.0,0.6737764776763064,0.9888550545408422,0.6959225012683917,0.5566392059868087,0.6958416412988331,0.6736235730593607,0.5565583460172501
1204,0.0,3615.0,3621.0,0.6737764776763064,0.9888550545408422,0.6959225012683917,0.5566321664129883,0.6958416412988331,0.6736234779299848,0.5565513064434298
1205,0.0,3618.0,3624.0,0.6737764776763064,0.9888550545408422,0.6959225012683917,0.556625126839168,0.6958416412988331,0.6736233828006088,0.5565442668696093
1206,0.0,3621.0,3627.0,0.6737764776763064,0.9888550545408422,0.6959225012683917,0.5566179287163876,0.6958416412988331,0.6736232876712329,0.5565370687468291
1207,0.0,3624.0,3630.0,0.6737764776763064,0.9888550545408422,0.6959225012683917,0.5566106988838153,0.6958416412988331,0.6736231925418569,0.5565298389142567
1208,0.0,3627.0,3633.0,0.6737764776763064,0.9888550545408422,0.6959225012683917,0.5566034056316591,0.6958416412988331,0.6736230974124809,0.5565225456621005
1209,0.0,3630.0,3636.0,0.6737764776763064,0.9888550545408422,0.6959225012683917,0.5565960806697108,0.6958416412988331,0.673623002283105,0.5565152207001522
1210,0.0,3633.0,3639.0,0.6737764776763064,0.9888550545408422,0.6959225012683917,0.5565887557077626,0.6958416412988331,0.6736229071537291,0.5565078957382039
1211,0.0,3636.0,3642.0,0.6737764776763064,0.9888550545408422,0.6959225012683917,0.5565814307458143,0.6958416412988331,0.6736228120243531,0.5565005707762557
1212,0.0,3639.0,3645.0,0.6737764776763064,0.9888550545408422,0.6959225012683917,0.5565740106544901,0.6958416412988331,0.6736227168949772,0.5564931506849315
1213,0.0,3642.0,3648.0,0.6737764776763064,0.9888550545408422,0.6959225012683917,0.5565665905631659,0.6958416412988331,0.6736226217656012,0.5564857305936073
1214,0.0,3645.0,3651.0,0.6737764776763064,0.9888550545408422,0.6959225012683917,0.5565591704718417,0.6958416412988331,0.6736225266362252,0.5564783105022831
1215,0.0,3648.0,3654.0,0.6737764776763064,0.9888550545408422,0.6959225012683917,0.5565517503805175,0.6958416412988331,0.6736224315068493,0.5564708904109589
1216,0.0,3651.0,3657.0,0.6737764776763064,0.9888550545408422,0.6959225012683917,0.5565443302891933,0.6958416412988331,0.6736223363774734,0.5564634703196347
1217,0.0,3654.0,3660.0,0.6737764776763064,0.9888550545408422,0.6959225012683917,0.5565369101978691,0.6958416412988331,0.6736222412480974,0.5564560502283105
1218,0.0,3657.0,3663.0,0.6737764776763064,0.9888550545408422,0.6959225012683917,0.5565293949771689,0.6958416412988331,0.6736221461187215,0.5564485350076104
1219,0.0,3660.0,3666.0,0.6737764776763064,0.9888550545408422,0.6959225012683917,0.5565218797564688,0.6958416412988331,0.6736220509893455,0.5564410197869102
1220,0.0,3663.0,3669.0,0.6737764776763064,0.9888550545408422,0.6959225012683917,0.5565143645357686,0.6958416412988331,0.6736219558599695,0.55643350456621
1221,0.0,3666.0,3672.0,0.6737764776763064,0.9888550545408422,0.6959225012683917,0.5565068176052765,0.6958416412988331,0.6736218607305936,0.5564259576357179
1222,0.0,3669.0,3675.0,0.6737764776763064,0.9888550545408422,0.6959225012683917,0.5564992072552004,0.6958416412988331,0.6736217656012177,0.5564183472856418
1223,0.0,3672.0,3678.0,0.6737764776763064,0.9888550545408422,0.6959225012683917,0.5564915969051243,0.6958416412988331,0.6736216704718417,0.5564107369355658
1224,0.0,3675.0,3681.0,0.6737764776763064,0.9888550545408422,0.6959225012683917,0.5564839865550482,0.6958416412988331,0.6736215753424658,0.5564031265854896
1225,0.0,3678.0,3684.0,0.6737764776763064,0.9888550545408422,0.6959225012683917,0.5564763762049721,0.6958416412988331,0.6736214802130898,0.5563955162354135
1226,0.0,3681.0,3687.0,0.6737764776763064,0.9888550545408422,0.6959225012683917,0.556468702435312,0.6958416412988331,0.6736213850837138,0.5563878424657535
1227,0.0,3684.0,3690.0,0.6737764776763064,0.9888550545408422,0.6959225012683917,0.5564609969558599,0.6958416412988331,0.6736212899543379,0.5563801369863014
1228,0.0,3687.0,3693.0,0.6737764776763064,0.9888550545408422,0.6959225012683917,0.5564533548959919,0.6958416412988331,0.673621194824962,0.5563724949264333
1229,0.0,3690.0,3696.0,0.6737764776763064,0.9888550545408422,0.6959225012683917,0.5564457445459158,0.6958416412988331,0.673621099695586,0.5563648845763571
1230,0.0,3693.0,3699.0,0.6737764776763064,0.9888550545408422,0.6959225012683917,0.5564381341958397,0.6958416412988331,0.67362100456621,0.5563572742262811
1231,0.0,3696.0,3702.0,0.6737764776763064,0.9888550545408422,0.6959225012683917,0.5564305238457635,0.6958416412988331,0.6736209094368341,0.556349663876205
1232,0.0,3699.0,3705.0,0.6737764776763064,0.9888550545408422,0.6959225012683917,0.5564228500761035,0.6958416412988331,0.6736208143074581,0.556341990106545
1233,0.0,3702.0,3708.0,0.6737764776763064,0.9888550545408422,0.6959225012683917,0.5564151445966514,0.6958416412988331,0.6736207191780822,0.5563342846270929
1234,0.0,3705.0,3711.0,0.6737764776763064,0.9888550545408422,0.6959225012683917,0.5564075659563673,0.6958416412988331,0.6736206240487063,0.5563267059868088
1235,0.0,3708.0,3714.0,0.6737764776763064,0.9888550545408422,0.6959225012683917,0.5564000190258752,0.6958416412988331,0.6736205289193303,0.5563191590563166
1236,0.0,3711.0,3717.0,0.6737764776763064,0.9888550545408422,0.6959225012683917,0.5563923452562152,0.6958416412988331,0.6736204337899543,0.5563114852866565
1237,0.0,3714.0,3720.0,0.6737764776763064,0.9888550545408422,0.6959225012683917,0.5563846397767631,0.6958416412988331,0.6736203386605784,0.5563037798072045
1238,0.0,3717.0,3723.0,0.6737764776763064,0.9888550545408422,0.6959225012683917,0.556376934297311,0.6958416412988331,0.6736202435312024,0.5562960743277524
1239,0.0,3720.0,3726.0,0.6737764776763064,0.9888550545408422,0.6959225012683917,0.556369228817859,0.6958416412988331,0.6736201484018265,0.5562883688483004
1240,0.0,3723.0,3729.0,0.6737764776763064,0.9888550545408422,0.6959225012683917,0.5563615233384069,0.6958416412988331,0.6736200532724506,0.5562806633688483
1241,0.0,3726.0,3732.0,0.6737764776763064,0.9888550545408422,0.6959225012683917,0.5563538178589549,0.6958416412988331,0.6736199581430746,0.5562729578893962
1242,0.0,3729.0,3735.0,0.6737764776763064,0.9888550545408422,0.6959225012683917,0.5563461123795028,0.6958416412988331,0.6736198630136986,0.5562652524099442
1243,0.0,3732.0,3738.0,0.6737764776763064,0.9888550545408422,0.6959225012683917,0.5563384069000508,0.6958416412988331,0.6736197678843227,0.5562575469304921
1244,0.0,3735.0,3741.0,0.6737764776763064,0.9888550545408422,0.6959225012683917,0.5563307014205987,0.6958416412988331,0.6736196727549467,0.5562498414510401
1245,0.0,3738.0,3744.0,0.6737764776763064,0.9888550545408422,0.6959225012683917,0.5563229959411466,0.6958416412988331,0.6736195776255708,0.556242135971588
1246,0.0,3741.0,3747.0,0.6737764776763064,0.9888550545408422,0.6959225012683917,0.5563153855910705,0.6958416412988331,0.6736194824961949,0.5562345256215119
1247,0.0,3744.0,3750.0,0.6737764776763064,0.9888550545408422,0.6959225012683917,0.5563077752409944,0.6958416412988331,0.6736193873668189,0.5562269152714359
1248,0.0,3747.0,3753.0,0.6737764776763064,0.9888550545408422,0.6959225012683917,0.5563001648909183,0.6958416412988331,0.6736192922374429,0.5562193049213597
1249,0.0,3750.0,3756.0,0.6737764776763064,0.9888550545408422,0.6959225012683917,0.5562925545408423,0.6958416412988331,0.673619197108067,0.5562116945712836
1250,0.0,3753.0,3759.0,0.6737764776763064,0.9888550545408422,0.6959225012683917,0.55628500761035,0.6958416412988331,0.673619101978691,0.5562041476407915
1251,0.0,3756.0,3762.0,0.6737764776763064,0.9888550545408422,0.6959225012683917,0.55627749238965,0.6958416412988331,0.6736190068493151,0.5561966324200913
1252,0.0,3759.0,3765.0,0.6737764776763064,0.9888550545408422,0.6959225012683917,0.5562699771689498,0.6958416412988331,0.6736189117199392,0.5561891171993911
1253,0.0,3762.0,3768.0,0.6737764776763064,0.9888550545408422,0.6959225012683917,0.5562624619482496,0.6958416412988331,0.6736188165905632,0.556181601978691
1254,0.0,3765.0,3771.0,0.6737764776763064,0.9888550545408422,0.6959225012683917,0.5562550101471334,0.6958416412988331,0.6736187214611872,0.5561741501775749
1255,0.0,3768.0,3774.0,0.6737764776763064,0.9888550545408422,0.6959225012683917,0.5562475900558093,0.6958416412988331,0.6736186263318112,0.5561667300862506
1256,0.0,3771.0,3777.0,0.6737764776763064,0.9888550545408422,0.6959225012683917,0.556240201674277,0.6958416412988331,0.6736185312024353,0.5561593417047184
1257,0.0,3774.0,3780.0,0.6737764776763064,0.9888550545408422,0.6959225012683917,0.5562328767123288,0.6958416412988331,0.6736184360730594,0.5561520167427701
1258,0.0,3777.0,3783.0,0.6737764776763064,0.9888550545408422,0.6959225012683917,0.5562255200405886,0.6958416412988331,0.6736183409436834,0.5561446600710299
1259,0.0,3780.0,3786.0,0.6737764776763064,0.9888550545408422,0.6959225012683917,0.5562179414003044,0.6958416412988331,0.6736182458143074,0.5561370814307458
1260,0.0,3783.0,3789.0,0.6737764776763064,0.9888550545408422,0.6959225012683917,0.5562103310502283,0.6958416412988331,0.6736181506849315,0.5561294710806697
1261,0.0,3786.0,3792.0,0.6737764776763064,0.9888550545408422,0.6959225012683917,0.5562027207001522,0.6958416412988331,0.6736180555555555,0.5561218607305936
1262,0.0,3789.0,3795.0,0.6737764776763064,0.9888550545408422,0.6959225012683917,0.5561951420598681,0.6958416412988331,0.6736179604261796,0.5561142820903094
1263,0.0,3792.0,3798.0,0.6737764776763064,0.9888550545408422,0.6959225012683917,0.556187563419584,0.6958416412988331,0.6736178652968037,0.5561067034500253
1264,0.0,3795.0,3801.0,0.6737764776763064,0.9888550545408422,0.6959225012683917,0.5561799530695078,0.6958416412988331,0.6736177701674277,0.5560990930999493
1265,0.0,3798.0,3804.0,0.6737764776763064,0.9888550545408422,0.6959225012683917,0.5561723427194317,0.6958416412988331,0.6736176750380517,0.5560914827498732
1266,0.0,3801.0,3807.0,0.6737764776763064,0.9888550545408422,0.6959225012683917,0.5561647323693557,0.6958416412988331,0.6736175799086758,0.5560838723997971
1267,0.0,3804.0,3810.0,0.6737764776763064,0.9888550545408422,0.6959225012683917,0.5561572171486555,0.6958416412988331,0.6736174847792998,0.5560763571790969
1268,0.0,3807.0,3813.0,0.6737764776763064,0.9888550545408422,0.6959225012683917,0.5561497019279553,0.6958416412988331,0.6736173896499239,0.5560688419583968
1269,0.0,3810.0,3816.0,0.6737764776763064,0.9888550545408422,0.6959225012683917,0.5561421549974632,0.6958416412988331,0.673617294520548,0.5560612950279046
1270,0.0,3813.0,3819.0,0.6737764776763064,0.9888550545408422,0.6959225012683917,0.5561345446473871,0.6958416412988331,0.673617199391172,0.5560536846778286
1271,0.0,3816.0,3822.0,0.6737764776763064,0.9888550545408422,0.6959225012683917,0.556126934297311,0.6958416412988331,0.673617104261796,0.5560460743277524
1272,0.0,3819.0,3825.0,0.6737764776763064,0.9888550545408422,0.6959225012683917,0.556119323947235,0.6958416412988331,0.6736170091324201,0.5560384639776763
1273,0.0,3822.0,3828.0,0.6737764776763064,0.9888550545408422,0.6959225012683917,0.5561117135971588,0.6958416412988331,0.6736169140030441,0.5560308536276002
1274,0.0,3825.0,3831.0,0.6737764776763064,0.9888550545408422,0.6959225012683917,0.5561041032470827,0.6958416412988331,0.6736168188736682,0.5560232432775241
1275,0.0,3828.0,3834.0,0.6737764776763064,0.9888550545408422,0.6959225012683917,0.5560964294774227,0.6958416412988331,0.6736167237442923,0.556015569507864
1276,0.0,3831.0,3837.0,0.6737764776763064,0.9888550545408422,0.6959225012683917,0.5560887874175545,0.6958416412988331,0.6736166286149163,0.556007927447996
1277,0.0,3834.0,3840.0,0.6737764776763064,0.9888550545408422,0.6959225012683917,0.5560811770674784,0.6958416412988331,0.6736165334855403,0.5560003170979199
1278,0.0,3837.0,3843.0,0.6737764776763064,0.9888550545408422,0.6959225012683917,0.5560735667174024,0.6958416412988331,0.6736164383561644,0.5559927067478437
1279,0.0,3840.0,3846.0,0.6737764776763064,0.9888550545408422,0.6959225012683917,0.5560660514967022,0.6958416412988331,0.6736163432267884,0.5559851915271435
1280,0.0,3843.0,3849.0,0.6737764776763064,0.9888550545408422,0.6959225012683917,0.556058631405378,0.6958416412988331,0.6736162480974125,0.5559777714358194
1281,0.0,3846.0,3852.0,0.6737764776763064,0.9888550545408422,0.6959225012683917,0.5560512113140538,0.6958416412988331,0.6736161529680366,0.5559703513444951
1282,0.0,3849.0,3855.0,0.6737764776763064,0.9888550545408422,0.6959225012683917,0.5560437912227296,0.6958416412988331,0.6736160578386606,0.555962931253171
1283,0.0,3852.0,3858.0,0.6737764776763064,0.9888550545408422,0.6959225012683917,0.5560363711314054,0.6958416412988331,0.6736159627092846,0.5559555111618468
1284,0.0,3855.0,3861.0,0.6737764776763064,0.9888550545408422,0.6959225012683917,0.5560289510400812,0.6958416412988331,0.6736158675799087,0.5559480910705226
1285,0.0,3858.0,3864.0,0.6737764776763064,0.9888550545408422,0.6959225012683917,0.556021530948757,0.6958416412988331,0.6736157724505327,0.5559406709791984
1286,0.0,3861.0,3867.0,0.6737764776763064,0.9888550545408422,0.6959225012683917,0.5560140474378488,0.6958416412988331,0.6736156773211568,0.5559331874682902
1287,0.0,3864.0,3870.0,0.6737764776763064,0.9888550545408422,0.6959225012683917,0.5560065639269406,0.6958416412988331,0.6736155821917809,0.5559257039573821
1288,0.0,3867.0,3873.0,0.6737764776763064,0.9888550545408422,0.6959225012683917,0.5559990487062405,0.6958416412988331,0.6736154870624048,0.5559181887366819
1289,0.0,3870.0,3876.0,0.6737764776763064,0.9888550545408422,0.6959225012683917,0.5559915334855403,0.6958416412988331,0.6736153919330289,0.5559106735159818
1290,0.0,3873.0,3879.0,0.6737764776763064,0.9888550545408422,0.6959225012683917,0.5559840182648402,0.6958416412988331,0.673615296803653,0.5559031582952816
1291,0.0,3876.0,3882.0,0.6737764776763064,0.9888550545408422,0.6959225012683917,0.55597650304414,0.6958416412988331,0.673615201674277,0.5558956430745814
1292,0.0,3879.0,3885.0,0.6737764776763064,0.9888550545408422,0.6959225012683917,0.5559690512430239,0.6958416412988331,0.6736151065449011,0.5558881912734652
1293,0.0,3882.0,3888.0,0.6737764776763064,0.9888550545408422,0.6959225012683917,0.5559617579908676,0.6958416412988331,0.6736150114155252,0.555880898021309
1294,0.0,3885.0,3891.0,0.6737764776763064,0.9888550545408422,0.6959225012683917,0.5559544647387114,0.6958416412988331,0.6736149162861491,0.5558736047691527
1295,0.0,3888.0,3894.0,0.6737764776763064,0.9888550545408422,0.6959225012683917,0.555947139776763,0.6958416412988331,0.6736148211567732,0.5558662798072045
1296,0.0,3891.0,3897.0,0.6737764776763064,0.9888550545408422,0.6959225012683917,0.5559398148148148,0.6958416412988331,0.6736147260273972,0.5558589548452563
1297,0.0,3894.0,3900.0,0.6737764776763064,0.9888550545408422,0.6959225012683917,0.5559323947234907,0.6958416412988331,0.6736146308980213,0.555851534753932
1298,0.0,3897.0,3903.0,0.6737764776763064,0.9888550545408422,0.6959225012683917,0.5559248795027905,0.6958416412988331,0.6736145357686454,0.5558440195332318
1299,0.0,3900.0,3906.0,0.6737764776763064,0.9888550545408422,0.6959225012683917,0.5559173959918823,0.6958416412988331,0.6736144406392695,0.5558365360223237
1300,0.0,3903.0,3909.0,0.6737764776763064,0.9888550545408422,0.6959225012683917,0.5559099441907661,0.6958416412988331,0.6736143455098934,0.5558290842212075
1301,0.0,3906.0,3912.0,0.6737764776763064,0.9888550545408422,0.6959225012683917,0.5559024289700659,0.6958416412988331,0.6736142503805175,0.5558215690005074
1302,0.0,3909.0,3915.0,0.6737764776763064,0.9888550545408422,0.6959225012683917,0.5558949137493658,0.6958416412988331,0.6736141552511415,0.5558140537798072
1303,0.0,3912.0,3918.0,0.6737764776763064,0.9888550545408422,0.6959225012683917,0.5558873985286656,0.6958416412988331,0.6736140601217656,0.555806538559107
1304,0.0,3915.0,3921.0,0.6737764776763064,0.9888550545408422,0.6959225012683917,0.5558798833079655,0.6958416412988331,0.6736139649923897,0.5557990233384069
1305,0.0,3918.0,3924.0,0.6737764776763064,0.9888550545408422,0.6959225012683917,0.5558723680872654,0.6958416412988331,0.6736138698630137,0.5557915081177067
1306,0.0,3921.0,3927.0,0.6737764776763064,0.9888550545408422,0.6959225012683917,0.5558648528665652,0.6958416412988331,0.6736137747336377,0.5557839928970066
1307,0.0,3924.0,3930.0,0.6737764776763064,0.9888550545408422,0.6959225012683917,0.5558573376458651,0.6958416412988331,0.6736136796042618,0.5557764776763064
1308,0.0,3927.0,3933.0,0.6737764776763064,0.9888550545408422,0.6959225012683917,0.5558498224251649,0.6958416412988331,0.6736135844748858,0.5557689624556063
1309,0.0,3930.0,3936.0,0.6737764776763064,0.9888550545408422,0.6959225012683917,0.5558423072044647,0.6958416412988331,0.6736134893455099,0.5557614472349062
1310,0.0,3933.0,3939.0,0.6737764776763064,0.9888550545408422,0.6959225012683917,0.5558347285641806,0.6958416412988331,0.673613394216134,0.5557538685946221
1311,0.0,3936.0,3942.0,0.6737764776763064,0.9888550545408422,0.6959225012683917,0.5558271182141045,0.6958416412988331,0.673613299086758,0.5557462582445459
1312,0.0,3939.0,3945.0,0.6737764776763064,0.9888550545408422,0.6959225012683917,0.5558195078640285,0.6958416412988331,0.673613203957382,0.5557386478944698
1313,0.0,3942.0,3948.0,0.6737764776763064,0.9888550545408422,0.6959225012683917,0.5558118975139523,0.6958416412988331,0.6736131088280061,0.5557310375443937
1314,0.0,3945.0,3951.0,0.6737764776763064,0.9888550545408422,0.6959225012683917,0.5558042871638762,0.6958416412988331,0.6736130136986301,0.5557234271943176
1315,0.0,3948.0,3954.0,0.6737764776763064,0.9888550545408422,0.6959225012683917,0.5557966768138001,0.6958416412988331,0.6736129185692542,0.5557158168442415
1316,0.0,3951.0,3957.0,0.6737764776763064,0.9888550545408422,0.6959225012683917,0.555789066463724,0.6958416412988331,0.6736128234398783,0.5557082064941654
1317,0.0,3954.0,3960.0,0.6737764776763064,0.9888550545408422,0.6959225012683917,0.5557814561136479,0.6958416412988331,0.6736127283105022,0.5557005961440893
1318,0.0,3957.0,3963.0,0.6737764776763064,0.9888550545408422,0.6959225012683917,0.5557739091831557,0.6958416412988331,0.6736126331811263,0.5556930492135972
1319,0.0,3960.0,3966.0,0.6737764776763064,0.9888550545408422,0.6959225012683917,0.5557663939624556,0.6958416412988331,0.6736125380517504,0.555685533992897
1320,0.0,3963.0,3969.0,0.6737764776763064,0.9888550545408422,0.6959225012683917,0.5557588787417554,0.6958416412988331,0.6736124429223744,0.5556780187721968
1321,0.0,3966.0,3972.0,0.6737764776763064,0.9888550545408422,0.6959225012683917,0.5557513001014713,0.6958416412988331,0.6736123477929985,0.5556704401319127
1322,0.0,3969.0,3975.0,0.6737764776763064,0.9888550545408422,0.6959225012683917,0.5557436897513952,0.6958416412988331,0.6736122526636226,0.5556628297818367
1323,0.0,3972.0,3978.0,0.6737764776763064,0.9888550545408422,0.6959225012683917,0.5557360794013191,0.6958416412988331,0.6736121575342465,0.5556552194317605
1324,0.0,3975.0,3981.0,0.6737764776763064,0.9888550545408422,0.6959225012683917,0.5557283422120751,0.6958416412988331,0.6736120624048706,0.5556474822425165
1325,0.0,3978.0,3984.0,0.6737764776763064,0.9888550545408422,0.6959225012683917,0.555720573313039,0.6958416412988331,0.6736119672754947,0.5556397133434805
1326,0.0,3981.0,3987.0,0.6737764776763064,0.9888550545408422,0.6959225012683917,0.5557128044140031,0.6958416412988331,0.6736118721461187,0.5556319444444444
1327,0.0,3984.0,3990.0,0.6737764776763064,0.9888550545408422,0.6959225012683917,0.555705098934551,0.6958416412988331,0.6736117770167428,0.5556242389649924
1328,0.0,3987.0,3993.0,0.6737764776763064,0.9888550545408422,0.6959225012683917,0.5556973300355149,0.6958416412988331,0.6736116818873669,0.5556164700659564
1329,0.0,3990.0,3996.0,0.6737764776763064,0.9888550545408422,0.6959225012683917,0.5556895294266869,0.6958416412988331,0.6736115867579908,0.5556086694571284
1330,0.0,3993.0,3999.0,0.6737764776763064,0.9888550545408422,0.6959225012683917,0.5556817288178589,0.6958416412988331,0.6736114916286149,0.5556008688483004
1331,0.0,3996.0,4002.0,0.6737764776763064,0.9888550545408422,0.6959225012683917,0.5556739282090309,0.6958416412988331,0.673611396499239,0.5555930682394723
1332,0.0,3999.0,4005.0,0.6737764776763064,0.9888550545408422,0.6959225012683917,0.555666127600203,0.6958416412988331,0.673611301369863,0.5555852676306443
1333,0.0,4002.0,4008.0,0.6737764776763064,0.9888550545408422,0.6959225012683917,0.5556582635717909,0.6958416412988331,0.6736112062404871,0.5555774036022324
1334,0.0,4005.0,4011.0,0.6737764776763064,0.9888550545408422,0.6959225012683917,0.555650367833587,0.6958416412988331,0.6736111111111112,0.5555695078640284
1335,0.0,4008.0,4014.0,0.6737764776763064,0.9888550545408422,0.6959225012683917,0.5556424720953831,0.6958416412988331,0.6736110159817351,0.5555616121258244
1336,0.0,4011.0,4017.0,0.6737764776763064,0.9888550545408422,0.6959225012683917,0.555634576357179,0.6958416412988331,0.6736109208523592,0.5555537163876205
1337,0.0,4014.0,4020.0,0.6737764776763064,0.9888550545408422,0.6959225012683917,0.5556266489091831,0.6958416412988331,0.6736108257229833,0.5555457889396246
1338,0.0,4017.0,4023.0,0.6737764776763064,0.9888550545408422,0.6959225012683917,0.5556187531709792,0.6958416412988331,0.6736107305936073,0.5555378932014206
1339,0.0,4020.0,4026.0,0.6737764776763064,0.9888550545408422,0.6959225012683917,0.5556108574327753,0.6958416412988331,0.6736106354642314,0.5555299974632166
1340,0.0,4023.0,4029.0,0.6737764776763064,0.9888550545408422,0.6959225012683917,0.5556029616945712,0.6958416412988331,0.6736105403348555,0.5555221017250127
1341,0.0,4026.0,4032.0,0.6737764776763064,0.9888550545408422,0.6959225012683917,0.5555950659563673,0.6958416412988331,0.6736104452054794,0.5555142059868087
1342,0.0,4029.0,4035.0,0.6737764776763064,0.9888550545408422,0.6959225012683917,0.5555871702181634,0.6958416412988331,0.6736103500761035,0.5555063102486048
1343,0.0,4032.0,4038.0,0.6737764776763064,0.9888550545408422,0.6959225012683917,0.5555792744799594,0.6958416412988331,0.6736102549467275,0.5554984145104008
1344,0.0,4035.0,4041.0,0.6737764776763064,0.9888550545408422,0.6959225012683917,0.5555713787417554,0.6958416412988331,0.6736101598173516,0.5554905187721969
1345,0.0,4038.0,4044.0,0.6737764776763064,0.9888550545408422,0.6959225012683917,0.5555634512937595,0.6958416412988331,0.6736100646879757,0.5554825913242009
1346,0.0,4041.0,4047.0,0.6737764776763064,0.9888550545408422,0.6959225012683917,0.5555554604261796,0.6958416412988331,0.6736099695585996,0.555474600456621
1347,0.0,4044.0,4050.0,0.6737764776763064,0.9888550545408422,0.6959225012683917,0.5555474695585997,0.6958416412988331,0.6736098744292237,0.5554666095890411
1348,0.0,4047.0,4053.0,0.6737764776763064,0.9888550545408422,0.6959225012683917,0.5555394786910198,0.6958416412988331,0.6736097792998478,0.5554586187214612
1349,0.0,4050.0,4056.0,0.6737764776763064,0.9888550545408422,0.6959225012683917,0.5555314878234399,0.6958416412988331,0.6736096841704718,0.5554506278538813
1350,0.0,4053.0,4059.0,0.6737764776763064,0.9888550545408422,0.6959225012683917,0.555523401826484,0.6958416412988331,0.6736095890410959,0.5554425418569254
1351,0.0,4056.0,4062.0,0.6737764776763064,0.9888550545408422,0.6959225012683917,0.5555153158295282,0.6958416412988331,0.67360949391172,0.5554344558599695
1352,0.0,4059.0,4065.0,0.6737764776763064,0.9888550545408422,0.6959225012683917,0.5555072298325723,0.6958416412988331,0.6736093987823439,0.5554263698630137
1353,0.0,4062.0,4068.0,0.6737764776763064,0.9888550545408422,0.6959225012683917,0.5554991438356165,0.6958416412988331,0.673609303652968,0.5554182838660578
1354,0.0,4065.0,4071.0,0.6737764776763064,0.9888550545408422,0.6959225012683917,0.5554910578386606,0.6958416412988331,0.6736092085235921,0.555410197869102
1355,0.0,4068.0,4074.0,0.6737764776763064,0.9888550545408422,0.6959225012683917,0.5554829718417047,0.6958416412988331,0.6736091133942161,0.5554021118721462
1356,0.0,4071.0,4077.0,0.6737764776763064,0.9888550545408422,0.6959225012683917,0.5554748858447489,0.6958416412988331,0.6736090182648402,0.5553940258751903
1357,0.0,4074.0,4080.0,0.6737764776763064,0.9888550545408422,0.6959225012683917,0.555466768138001,0.6958416412988331,0.6736089231354643,0.5553859081684425
1358,0.0,4077.0,4083.0,0.6737764776763064,0.9888550545408422,0.6959225012683917,0.5554585870116692,0.6958416412988331,0.6736088280060882,0.5553777270421106
1359,0.0,4080.0,4086.0,0.6737764776763064,0.9888550545408422,0.6959225012683917,0.5554504375951294,0.6958416412988331,0.6736087328767123,0.5553695776255708
1360,0.0,4083.0,4089.0,0.6737764776763064,0.9888550545408422,0.6959225012683917,0.5554423515981736,0.6958416412988331,0.6736086377473364,0.5553614916286149
1361,0.0,4086.0,4092.0,0.6737764776763064,0.9888550545408422,0.6959225012683917,0.5554341704718417,0.6958416412988331,0.6736085426179604,0.5553533105022831
1362,0.0,4089.0,4095.0,0.6737764776763064,0.9888550545408422,0.6959225012683917,0.5554259893455099,0.6958416412988331,0.6736084474885845,0.5553451293759513
1363,0.0,4092.0,4098.0,0.6737764776763064,0.9888550545408422,0.6959225012683917,0.5554178082191781,0.6958416412988331,0.6736083523592086,0.5553369482496194
1364,0.0,4095.0,4101.0,0.6737764776763064,0.9888550545408422,0.6959225012683917,0.5554096270928462,0.6958416412988331,0.6736082572298325,0.5553287671232877
1365,0.0,4098.0,4104.0,0.6737764776763064,0.9888550545408422,0.6959225012683917,0.5554014459665144,0.6958416412988331,0.6736081621004566,0.5553205859969559
1366,0.0,4101.0,4107.0,0.6737764776763064,0.9888550545408422,0.6959225012683917,0.5553932648401827,0.6958416412988331,0.6736080669710807,0.555312404870624
1367,0.0,4104.0,4110.0,0.6737764776763064,0.9888550545408422,0.6959225012683917,0.5553849885844749,0.6958416412988331,0.6736079718417047,0.5553041286149163
1368,0.0,4107.0,4113.0,0.6737764776763064,0.9888550545408422,0.6959225012683917,0.5553767757483511,0.6958416412988331,0.6736078767123288,0.5552959157787924
1369,0.0,4110.0,4116.0,0.6737764776763064,0.9888550545408422,0.6959225012683917,0.5553685946220193,0.6958416412988331,0.6736077815829529,0.5552877346524607
1370,0.0,4113.0,4119.0,0.6737764776763064,0.9888550545408422,0.6959225012683917,0.5553603500761035,0.6958416412988331,0.6736076864535768,0.5552794901065449
1371,0.0,4116.0,4122.0,0.6737764776763064,0.9888550545408422,0.6959225012683917,0.5553521689497717,0.6958416412988331,0.6736075913242009,0.555271308980213
1372,0.0,4119.0,4125.0,0.6737764776763064,0.9888550545408422,0.6959225012683917,0.5553439878234399,0.6958416412988331,0.673607496194825,0.5552631278538813
1373,0.0,4122.0,4128.0,0.6737764776763064,0.9888550545408422,0.6959225012683917,0.5553357432775241,0.6958416412988331,0.673607401065449,0.5552548833079655
1374,0.0,4125.0,4131.0,0.6737764776763064,0.9888550545408422,0.6959225012683917,0.5553274670218163,0.6958416412988331,0.6736073059360731,0.5552466070522577
1375,0.0,4128.0,4134.0,0.6737764776763064,0.9888550545408422,0.6959225012683917,0.5553191590563166,0.6958416412988331,0.673607210806697,0.555238299086758
1376,0.0,4131.0,4137.0,0.6737764776763064,0.9888550545408422,0.6959225012683917,0.5553108828006088,0.6958416412988331,0.6736071156773211,0.5552300228310503
1377,0.0,4134.0,4140.0,0.6737764776763064,0.9888550545408422,0.6959225012683917,0.555302606544901,0.6958416412988331,0.6736070205479452,0.5552217465753425
1378,0.0,4137.0,4143.0,0.6737764776763064,0.9888550545408422,0.6959225012683917,0.5552943302891933,0.6958416412988331,0.6736069254185693,0.5552134703196347
1379,0.0,4140.0,4146.0,0.6737764776763064,0.9888550545408422,0.6959225012683917,0.5552860857432775,0.6958416412988331,0.6736068302891933,0.5552052257737189
1380,0.0,4143.0,4149.0,0.6737764776763064,0.9888550545408422,0.6959225012683917,0.5552779046169457,0.6958416412988331,0.6736067351598174,0.5551970446473871
1381,0.0,4146.0,4152.0,0.6737764776763064,0.9888550545408422,0.6959225012683917,0.5552697234906139,0.6958416412988331,0.6736066400304414,0.5551888635210553
1382,0.0,4149.0,4155.0,0.6737764776763064,0.9888550545408422,0.6959225012683917,0.5552614789446981,0.6958416412988331,0.6736065449010654,0.5551806189751395
1383,0.0,4152.0,4158.0,0.6737764776763064,0.9888550545408422,0.6959225012683917,0.5552532026889904,0.6958416412988331,0.6736064497716895,0.5551723427194317
1384,0.0,4155.0,4161.0,0.6737764776763064,0.9888550545408422,0.6959225012683917,0.5552449264332826,0.6958416412988331,0.6736063546423136,0.555164066463724
1385,0.0,4158.0,4164.0,0.6737764776763064,0.9888550545408422,0.6959225012683917,0.5552365867579908,0.6958416412988331,0.6736062595129376,0.5551557267884323
1386,0.0,4161.0,4167.0,0.6737764776763064,0.9888550545408422,0.6959225012683917,0.5552283739218671,0.6958416412988331,0.6736061643835617,0.5551475139523084
1387,0.0,4164.0,4170.0,0.6737764776763064,0.9888550545408422,0.6959225012683917,0.5552201927955353,0.6958416412988331,0.6736060692541856,0.5551393328259767
1388,0.0,4167.0,4173.0,0.6737764776763064,0.9888550545408422,0.6959225012683917,0.5552120116692034,0.6958416412988331,0.6736059741248097,0.5551311516996449
1389,0.0,4170.0,4176.0,0.6737764776763064,0.9888550545408422,0.6959225012683917,0.5552038305428716,0.6958416412988331,0.6736058789954338,0.5551229705733131
1390,0.0,4173.0,4179.0,0.6737764776763064,0.9888550545408422,0.6959225012683917,0.5551955859969558,0.6958416412988331,0.6736057838660579,0.5551147260273973
1391,0.0,4176.0,4182.0,0.6737764776763064,0.9888550545408422,0.6959225012683917,0.5551875,0.6958416412988331,0.6736056887366819,0.5551066400304414
1392,0.0,4179.0,4185.0,0.6737764776763064,0.9888550545408422,0.6959225012683917,0.5551794140030442,0.6958416412988331,0.673605593607306,0.5550985540334855
1393,0.0,4182.0,4188.0,0.6737764776763064,0.9888550545408422,0.6959225012683917,0.5551714231354642,0.6958416412988331,0.6736054984779299,0.5550905631659057
1394,0.0,4185.0,4191.0,0.6737764776763064,0.9888550545408422,0.6959225012683917,0.5551634956874683,0.6958416412988331,0.673605403348554,0.5550826357179097
1395,0.0,4188.0,4194.0,0.6737764776763064,0.9888550545408422,0.6959225012683917,0.5551555999492643,0.6958416412988331,0.6736053082191781,0.5550747399797057
1396,0.0,4191.0,4197.0,0.6737764776763064,0.9888550545408422,0.6959225012683917,0.5551477993404363,0.6958416412988331,0.6736052130898021,0.5550669393708777
1397,0.0,4194.0,4200.0,0.6737764776763064,0.9888550545408422,0.6959225012683917,0.5551399036022324,0.6958416412988331,0.6736051179604262,0.5550590436326738
1398,0.0,4197.0,4203.0,0.6737764776763064,0.9888550545408422,0.6959225012683917,0.5551319761542364,0.6958416412988331,0.6736050228310503,0.5550511161846778
1399,0.0,4200.0,4206.0,0.6737764776763064,0.9888550545408422,0.6959225012683917,0.5551240169964485,0.6958416412988331,0.6736049277016742,0.5550431570268899
1400,0.0,4203.0,4209.0,0.6737764776763064,0.9888550545408422,0.6959225012683917,0.5551160261288686,0.6958416412988331,0.6736048325722983,0.55503516615931
1401,0.0,4206.0,4212.0,0.6737764776763064,0.9888550545408422,0.6959225012683917,0.5551080352612887,0.6958416412988331,0.6736047374429224,0.5550271752917301
1402,0.0,4209.0,4215.0,0.6737764776763064,0.9888550545408422,0.6959225012683917,0.5551000443937087,0.6958416412988331,0.6736046423135464,0.5550191844241502
1403,0.0,4212.0,4218.0,0.6737764776763064,0.9888550545408422,0.6959225012683917,0.5550920535261289,0.6958416412988331,0.6736045471841705,0.5550111935565702
1404,0.0,4215.0,4221.0,0.6737764776763064,0.9888550545408422,0.6959225012683917,0.5550840626585489,0.6958416412988331,0.6736044520547945,0.5550032026889904
1405,0.0,4218.0,4224.0,0.6737764776763064,0.9888550545408422,0.6959225012683917,0.555076135210553,0.6958416412988331,0.6736043569254185,0.5549952752409945
1406,0.0,4221.0,4227.0,0.6737764776763064,0.9888550545408422,0.6959225012683917,0.5550682394723491,0.6958416412988331,0.6736042617960426,0.5549873795027904
1407,0.0,4224.0,4230.0,0.6737764776763064,0.9888550545408422,0.6959225012683917,0.5550603437341451,0.6958416412988331,0.6736041666666667,0.5549794837645865
1408,0.0,4227.0,4233.0,0.6737764776763064,0.9888550545408422,0.6959225012683917,0.5550523528665652,0.6958416412988331,0.6736040715372907,0.5549714928970066
1409,0.0,4230.0,4236.0,0.6737764776763064,0.9888550545408422,0.6959225012683917,0.5550443619989853,0.6958416412988331,0.6736039764079148,0.5549635020294267
1410,0.0,4233.0,4239.0,0.6737764776763064,0.9888550545408422,0.6959225012683917,0.5550363711314054,0.6958416412988331,0.6736038812785388,0.5549555111618468
1411,0.0,4236.0,4242.0,0.6737764776763064,0.9888550545408422,0.6959225012683917,0.5550283802638255,0.6958416412988331,0.6736037861491628,0.5549475202942669
1412,0.0,4239.0,4245.0,0.6737764776763064,0.9888550545408422,0.6959225012683917,0.5550203893962455,0.6958416412988331,0.6736036910197869,0.554939529426687
1413,0.0,4242.0,4248.0,0.6737764776763064,0.9888550545408422,0.6959225012683917,0.5550123985286657,0.6958416412988331,0.673603595890411,0.554931538559107
1414,0.0,4245.0,4251.0,0.6737764776763064,0.9888550545408422,0.6959225012683917,0.5550044076610857,0.6958416412988331,0.673603500761035,0.5549235476915272
1415,0.0,4248.0,4254.0,0.6737764776763064,0.9888550545408422,0.6959225012683917,0.5549964167935059,0.6958416412988331,0.6736034056316591,0.5549155568239472
1416,0.0,4251.0,4257.0,0.6737764776763064,0.9888550545408422,0.6959225012683917,0.5549884259259259,0.6958416412988331,0.6736033105022831,0.5549075659563674
1417,0.0,4254.0,4260.0,0.6737764776763064,0.9888550545408422,0.6959225012683917,0.55498049847793,0.6958416412988331,0.6736032153729071,0.5548996385083714
1418,0.0,4257.0,4263.0,0.6737764776763064,0.9888550545408422,0.6959225012683917,0.554972602739726,0.6958416412988331,0.6736031202435312,0.5548917427701674
1419,0.0,4260.0,4266.0,0.6737764776763064,0.9888550545408422,0.6959225012683917,0.554964802130898,0.6958416412988331,0.6736030251141553,0.5548839421613394
1420,0.0,4263.0,4269.0,0.6737764776763064,0.9888550545408422,0.6959225012683917,0.554956938102486,0.6958416412988331,0.6736029299847793,0.5548760781329275
1421,0.0,4266.0,4272.0,0.6737764776763064,0.9888550545408422,0.6959225012683917,0.5549490423642821,0.6958416412988331,0.6736028348554034,0.5548681823947235
1422,0.0,4269.0,4275.0,0.6737764776763064,0.9888550545408422,0.6959225012683917,0.5549411466260782,0.6958416412988331,0.6736027397260274,0.5548602866565195
1423,0.0,4272.0,4278.0,0.6737764776763064,0.9888550545408422,0.6959225012683917,0.5549332508878742,0.6958416412988331,0.6736026445966514,0.5548523909183156
1424,0.0,4275.0,4281.0,0.6737764776763064,0.9888550545408422,0.6959225012683917,0.5549253551496702,0.6958416412988331,0.6736025494672755,0.5548444951801116
1425,0.0,4278.0,4284.0,0.6737764776763064,0.9888550545408422,0.6959225012683917,0.5549175228310502,0.6958416412988331,0.6736024543378996,0.5548366628614916
1426,0.0,4281.0,4287.0,0.6737764776763064,0.9888550545408422,0.6959225012683917,0.5549096905124302,0.6958416412988331,0.6736023592085236,0.5548288305428717
1427,0.0,4284.0,4290.0,0.6737764776763064,0.9888550545408422,0.6959225012683917,0.5549017947742263,0.6958416412988331,0.6736022640791477,0.5548209348046677
1428,0.0,4287.0,4293.0,0.6737764776763064,0.9888550545408422,0.6959225012683917,0.5548938990360224,0.6958416412988331,0.6736021689497717,0.5548130390664637
1429,0.0,4290.0,4296.0,0.6737764776763064,0.9888550545408422,0.6959225012683917,0.5548860032978183,0.6958416412988331,0.6736020738203957,0.5548051433282598
1430,0.0,4293.0,4299.0,0.6737764776763064,0.9888550545408422,0.6959225012683917,0.5548780124302385,0.6958416412988331,0.6736019786910198,0.5547971524606798
1431,0.0,4296.0,4302.0,0.6737764776763064,0.9888550545408422,0.6959225012683917,0.5548701166920345,0.6958416412988331,0.6736018835616439,0.5547892567224759
1432,0.0,4299.0,4305.0,0.6737764776763064,0.9888550545408422,0.6959225012683917,0.5548622209538305,0.6958416412988331,0.6736017884322679,0.554781360984272
1433,0.0,4302.0,4308.0,0.6737764776763064,0.9888550545408422,0.6959225012683917,0.5548543252156266,0.6958416412988331,0.6736016933028919,0.554773465246068
1434,0.0,4305.0,4311.0,0.6737764776763064,0.9888550545408422,0.6959225012683917,0.5548464294774226,0.6958416412988331,0.673601598173516,0.554765569507864
1435,0.0,4308.0,4314.0,0.6737764776763064,0.9888550545408422,0.6959225012683917,0.5548385971588027,0.6958416412988331,0.67360150304414,0.554757737189244
1436,0.0,4311.0,4317.0,0.6737764776763064,0.9888550545408422,0.6959225012683917,0.5548307965499746,0.6958416412988331,0.6736014079147641,0.554749936580416
1437,0.0,4314.0,4320.0,0.6737764776763064,0.9888550545408422,0.6959225012683917,0.5548229959411466,0.6958416412988331,0.6736013127853882,0.5547421359715881
1438,0.0,4317.0,4323.0,0.6737764776763064,0.9888550545408422,0.6959225012683917,0.5548151953323186,0.6958416412988331,0.6736012176560122,0.5547343353627601
1439,0.0,4320.0,4326.0,0.6737764776763064,0.9888550545408422,0.6959225012683917,0.5548074581430745,0.6958416412988331,0.6736011225266362,0.554726598173516
1440,0.0,4323.0,4329.0,0.6737764776763064,0.9888550545408422,0.6959225012683917,0.5547997843734145,0.6958416412988331,0.6736010273972602,0.554718924403856
1441,0.0,4326.0,4332.0,0.6737764776763064,0.9888550545408422,0.6959225012683917,0.5547921740233384,0.6958416412988331,0.6736009322678843,0.5547113140537798
1442,0.0,4329.0,4335.0,0.6737764776763064,0.9888550545408422,0.6959225012683917,0.5547845636732623,0.6958416412988331,0.6736008371385084,0.5547037037037037
1443,0.0,4332.0,4338.0,0.6737764776763064,0.9888550545408422,0.6959225012683917,0.5547770484525621,0.6958416412988331,0.6736007420091324,0.5546961884830035
1444,0.0,4335.0,4341.0,0.6737764776763064,0.9888550545408422,0.6959225012683917,0.554769533231862,0.6958416412988331,0.6736006468797565,0.5546886732623034
1445,0.0,4338.0,4344.0,0.6737764776763064,0.9888550545408422,0.6959225012683917,0.5547620180111619,0.6958416412988331,0.6736005517503805,0.5546811580416032
1446,0.0,4341.0,4347.0,0.6737764776763064,0.9888550545408422,0.6959225012683917,0.5547545027904617,0.6958416412988331,0.6736004566210045,0.5546736428209031
1447,0.0,4344.0,4350.0,0.6737764776763064,0.9888550545408422,0.6959225012683917,0.5547469875697616,0.6958416412988331,0.6736003614916286,0.554666127600203
1448,0.0,4347.0,4353.0,0.6737764776763064,0.9888550545408422,0.6959225012683917,0.5547394723490614,0.6958416412988331,0.6736002663622527,0.5546586123795028
1449,0.0,4350.0,4356.0,0.6737764776763064,0.9888550545408422,0.6959225012683917,0.5547318619989853,0.6958416412988331,0.6736001712328767,0.5546510020294266
1450,0.0,4353.0,4359.0,0.6737764776763064,0.9888550545408422,0.6959225012683917,0.5547242516489092,0.6958416412988331,0.6736000761035008,0.5546433916793506
1451,0.0,4356.0,4362.0,0.6737764776763064,0.9888550545408422,0.6959225012683917,0.554716641298833,0.6958416412988331,0.6735999809741248,0.5546357813292745
1452,0.0,4359.0,4365.0,0.6737764776763064,0.9888550545408422,0.6959225012683917,0.5547090626585489,0.6958416412988331,0.6735998858447488,0.5546282026889904
1453,0.0,4362.0,4368.0,0.6737764776763064,0.9888550545408422,0.6959225012683917,0.5547016108574327,0.6958416412988331,0.6735997907153729,0.5546207508878742
1454,0.0,4365.0,4371.0,0.6737764776763064,0.9888550545408422,0.6959225012683917,0.5546941907661086,0.6958416412988331,0.673599695585997,0.55461333079655
1455,0.0,4368.0,4374.0,0.6737764776763064,0.9888550545408422,0.6959225012683917,0.5546867706747843,0.6958416412988331,0.673599600456621,0.5546059107052258
1456,0.0,4371.0,4377.0,0.6737764776763064,0.9888550545408422,0.6959225012683917,0.5546793188736682,0.6958416412988331,0.6735995053272451,0.5545984589041096
1457,0.0,4374.0,4380.0,0.6737764776763064,0.9888550545408422,0.6959225012683917,0.5546718036529681,0.6958416412988331,0.6735994101978691,0.5545909436834094
1458,0.0,4377.0,4383.0,0.6737764776763064,0.9888550545408422,0.6959225012683917,0.5546642884322679,0.6958416412988331,0.6735993150684931,0.5545834284627092
1459,0.0,4380.0,4386.0,0.6737764776763064,0.9888550545408422,0.6959225012683917,0.5546567732115677,0.6958416412988331,0.6735992199391172,0.5545759132420092
1460,0.0,4383.0,4389.0,0.6737764776763064,0.9888550545408422,0.6959225012683917,0.5546492579908676,0.6958416412988331,0.6735991248097413,0.554568398021309
1461,0.0,4386.0,4392.0,0.6737764776763064,0.9888550545408422,0.6959225012683917,0.5546417427701674,0.6958416412988331,0.6735990296803653,0.5545608828006088
1462,0.0,4389.0,4395.0,0.6737764776763064,0.9888550545408422,0.6959225012683917,0.5546342275494672,0.6958416412988331,0.6735989345509893,0.5545533675799087
1463,0.0,4392.0,4398.0,0.6737764776763064,0.9888550545408422,0.6959225012683917,0.5546266489091831,0.6958416412988331,0.6735988394216134,0.5545457889396246
1464,0.0,4395.0,4401.0,0.6737764776763064,0.9888550545408422,0.6959225012683917,0.5546190385591071,0.6958416412988331,0.6735987442922374,0.5545381785895485
1465,0.0,4398.0,4404.0,0.6737764776763064,0.9888550545408422,0.6959225012683917,0.554611428209031,0.6958416412988331,0.6735986491628615,0.5545305682394723
1466,0.0,4401.0,4407.0,0.6737764776763064,0.9888550545408422,0.6959225012683917,0.5546038178589549,0.6958416412988331,0.6735985540334856,0.5545229578893962
1467,0.0,4404.0,4410.0,0.6737764776763064,0.9888550545408422,0.6959225012683917,0.5545962075088787,0.6958416412988331,0.6735984589041096,0.5545153475393202
1468,0.0,4407.0,4413.0,0.6737764776763064,0.9888550545408422,0.6959225012683917,0.5545885971588026,0.6958416412988331,0.6735983637747336,0.5545077371892441
1469,0.0,4410.0,4416.0,0.6737764776763064,0.9888550545408422,0.6959225012683917,0.5545809868087266,0.6958416412988331,0.6735982686453577,0.5545001268391679
1470,0.0,4413.0,4419.0,0.6737764776763064,0.9888550545408422,0.6959225012683917,0.5545733764586505,0.6958416412988331,0.6735981735159817,0.5544925164890918
1471,0.0,4416.0,4422.0,0.6737764776763064,0.9888550545408422,0.6959225012683917,0.5545657661085743,0.6958416412988331,0.6735980783866058,0.5544849061390157
1472,0.0,4419.0,4425.0,0.6737764776763064,0.9888550545408422,0.6959225012683917,0.5545581557584982,0.6958416412988331,0.6735979832572299,0.5544772957889397
1473,0.0,4422.0,4428.0,0.6737764776763064,0.9888550545408422,0.6959225012683917,0.5545505454084221,0.6958416412988331,0.6735978881278539,0.5544696854388635
1474,0.0,4425.0,4431.0,0.6737764776763064,0.9888550545408422,0.6959225012683917,0.5545429350583461,0.6958416412988331,0.6735977929984779,0.5544620750887874
1475,0.0,4428.0,4434.0,0.6737764776763064,0.9888550545408422,0.6959225012683917,0.5545353247082699,0.6958416412988331,0.673597697869102,0.5544544647387113
1476,0.0,4431.0,4437.0,0.6737764776763064,0.9888550545408422,0.6959225012683917,0.5545278094875697,0.6958416412988331,0.673597602739726,0.5544469495180112
1477,0.0,4434.0,4440.0,0.6737764776763064,0.9888550545408422,0.6959225012683917,0.5545203893962456,0.6958416412988331,0.6735975076103501,0.554439529426687
1478,0.0,4437.0,4443.0,0.6737764776763064,0.9888550545408422,0.6959225012683917,0.5545129693049213,0.6958416412988331,0.6735974124809742,0.5544321093353628
1479,0.0,4440.0,4446.0,0.6737764776763064,0.9888550545408422,0.6959225012683917,0.5545055492135972,0.6958416412988331,0.6735973173515982,0.5544246892440385
1480,0.0,4443.0,4449.0,0.6737764776763064,0.9888550545408422,0.6959225012683917,0.5544981291222729,0.6958416412988331,0.6735972222222222,0.5544172691527144
1481,0.0,4446.0,4452.0,0.6737764776763064,0.9888550545408422,0.6959225012683917,0.5544907724505327,0.6958416412988331,0.6735971270928462,0.5544099124809742
1482,0.0,4449.0,4455.0,0.6737764776763064,0.9888550545408422,0.6959225012683917,0.5544833206494165,0.6958416412988331,0.6735970319634703,0.554402460679858
1483,0.0,4452.0,4458.0,0.6737764776763064,0.9888550545408422,0.6959225012683917,0.5544758054287164,0.6958416412988331,0.6735969368340944,0.5543949454591578
1484,0.0,4455.0,4461.0,0.6737764776763064,0.9888550545408422,0.6959225012683917,0.5544683853373922,0.6958416412988331,0.6735968417047185,0.5543875253678335
1485,0.0,4458.0,4464.0,0.6737764776763064,0.9888550545408422,0.6959225012683917,0.554460965246068,0.6958416412988331,0.6735967465753425,0.5543801052765094
1486,0.0,4461.0,4467.0,0.6737764776763064,0.9888550545408422,0.6959225012683917,0.5544535451547438,0.6958416412988331,0.6735966514459665,0.5543726851851852
1487,0.0,4464.0,4470.0,0.6737764776763064,0.9888550545408422,0.6959225012683917,0.5544461250634196,0.6958416412988331,0.6735965563165905,0.554365265093861
1488,0.0,4467.0,4473.0,0.6737764776763064,0.9888550545408422,0.6959225012683917,0.5544387366818874,0.6958416412988331,0.6735964611872146,0.5543578767123287
1489,0.0,4470.0,4476.0,0.6737764776763064,0.9888550545408422,0.6959225012683917,0.5544314117199391,0.6958416412988331,0.6735963660578387,0.5543505517503805
1490,0.0,4473.0,4479.0,0.6737764776763064,0.9888550545408422,0.6959225012683917,0.5544240867579908,0.6958416412988331,0.6735962709284627,0.5543432267884323
1491,0.0,4476.0,4482.0,0.6737764776763064,0.9888550545408422,0.6959225012683917,0.5544167617960426,0.6958416412988331,0.6735961757990867,0.5543359018264841
1492,0.0,4479.0,4485.0,0.6737764776763064,0.9888550545408422,0.6959225012683917,0.5544094368340944,0.6958416412988331,0.6735960806697108,0.5543285768645357
1493,0.0,4482.0,4488.0,0.6737764776763064,0.9888550545408422,0.6959225012683917,0.5544021118721462,0.6958416412988331,0.6735959855403348,0.5543212519025875
1494,0.0,4485.0,4491.0,0.6737764776763064,0.9888550545408422,0.6959225012683917,0.5543947234906139,0.6958416412988331,0.6735958904109589,0.5543138635210553
1495,0.0,4488.0,4494.0,0.6737764776763064,0.9888550545408422,0.6959225012683917,0.5543873985286657,0.6958416412988331,0.673595795281583,0.554306538559107
1496,0.0,4491.0,4497.0,0.6737764776763064,0.9888550545408422,0.6959225012683917,0.5543800735667174,0.6958416412988331,0.673595700152207,0.5542992135971588
1497,0.0,4494.0,4500.0,0.6737764776763064,0.9888550545408422,0.6959225012683917,0.5543727486047691,0.6958416412988331,0.673595605022831,0.5542918886352105
1498,0.0,4497.0,4503.0,0.6737764776763064,0.9888550545408422,0.6959225012683917,0.5543654236428209,0.6958416412988331,0.6735955098934551,0.5542845636732623
1499,0.0,4500.0,4506.0,0.6737764776763064,0.9888550545408422,0.6959225012683917,0.5543580986808726,0.6958416412988331,0.6735954147640791,0.5542772387113141
1500,0.0,4503.0,4509.0,0.6737764776763064,0.9888550545408422,0.6959225012683917,0.5543507737189244,0.6958416412988331,0.6735953196347032,0.5542699137493659
1501,0.0,4506.0,4512.0,0.6737764776763064,0.9888550545408422,0.6959225012683917,0.5543434487569762,0.6958416412988331,0.6735952245053273,0.5542625887874175
1502,0.0,4509.0,4515.0,0.6737764776763064,0.9888550545408422,0.6959225012683917,0.5543362189244039,0.6958416412988331,0.6735951293759513,0.5542553589548452
1503,0.0,4512.0,4518.0,0.6737764776763064,0.9888550545408422,0.6959225012683917,0.5543289890918316,0.6958416412988331,0.6735950342465753,0.554248129122273
1504,0.0,4515.0,4521.0,0.6737764776763064,0.9888550545408422,0.6959225012683917,0.5543217592592593,0.6958416412988331,0.6735949391171994,0.5542408992897007
1505,0.0,4518.0,4524.0,0.6737764776763064,0.9888550545408422,0.6959225012683917,0.5543145294266869,0.6958416412988331,0.6735948439878234,0.5542336694571284
1506,0.0,4521.0,4527.0,0.6737764776763064,0.9888550545408422,0.6959225012683917,0.5543072995941146,0.6958416412988331,0.6735947488584475,0.5542264396245561
1507,0.0,4524.0,4530.0,0.6737764776763064,0.9888550545408422,0.6959225012683917,0.5543000697615423,0.6958416412988331,0.6735946537290716,0.5542192097919838
1508,0.0,4527.0,4533.0,0.6737764776763064,0.9888550545408422,0.6959225012683917,0.55429283992897,0.6958416412988331,0.6735945585996956,0.5542119799594115
1509,0.0,4530.0,4536.0,0.6737764776763064,0.9888550545408422,0.6959225012683917,0.5542856100963978,0.6958416412988331,0.6735944634703196,0.5542047501268391
1510,0.0,4533.0,4539.0,0.6737764776763064,0.9888550545408422,0.6959225012683917,0.5542783802638255,0.6958416412988331,0.6735943683409437,0.5541975202942668
1511,0.0,4536.0,4542.0,0.6737764776763064,0.9888550545408422,0.6959225012683917,0.5542711504312532,0.6958416412988331,0.6735942732115677,0.5541902904616945
1512,0.0,4539.0,4545.0,0.6737764776763064,0.9888550545408422,0.6959225012683917,0.5542638888888889,0.6958416412988331,0.6735941780821918,0.5541830289193302
1513,0.0,4542.0,4548.0,0.6737764776763064,0.9888550545408422,0.6959225012683917,0.5542565639269407,0.6958416412988331,0.6735940829528159,0.554175703957382
1514,0.0,4545.0,4551.0,0.6737764776763064,0.9888550545408422,0.6959225012683917,0.5542493023845764,0.6958416412988331,0.6735940512430239,0.5541685058346018
1515,0.0,4548.0,4554.0,0.6737764776763064,0.9888550545408422,0.6959225012683917,0.5542420725520041,0.6958416412988331,0.6735940512430239,0.5541613711314054
1516,0.0,4551.0,4557.0,0.6737764776763064,0.9888550545408422,0.6959225012683917,0.5542348427194318,0.6958416412988331,0.6735940512430239,0.554154236428209
1517,0.0,4554.0,4560.0,0.6737764776763064,0.9888550545408422,0.6959225012683917,0.5542276128868595,0.6958416412988331,0.6735940512430239,0.5541471017250127
1518,0.0,4557.0,4563.0,0.6737764776763064,0.9888550545408422,0.6959225012683917,0.5542203830542871,0.6958416412988331,0.6735940512430239,0.5541399670218163
1519,0.0,4560.0,4566.0,0.6737764776763064,0.9888550545408422,0.6959225012683917,0.5542131532217148,0.6958416412988331,0.6735940512430239,0.55413283231862
1520,0.0,4563.0,4569.0,0.6737764776763064,0.9888550545408422,0.6959225012683917,0.5542059233891425,0.6958416412988331,0.6735940512430239,0.5541256976154236
1521,0.0,4566.0,4572.0,0.6737764776763064,0.9888550545408422,0.6959225012683917,0.5541986935565703,0.6958416412988331,0.6735940512430239,0.5541185629122273
1522,0.0,4569.0,4575.0,0.6737764776763064,0.9888550545408422,0.6959225012683917,0.554191463723998,0.6958416412988331,0.6735940512430239,0.5541114282090309
1523,0.0,4572.0,4578.0,0.6737764776763064,0.9888550545408422,0.6959225012683917,0.5541842338914257,0.6958416412988331,0.6735940512430239,0.5541042935058346
1524,0.0,4575.0,4581.0,0.6737764776763064,0.9888550545408422,0.6959225012683917,0.5541770040588534,0.6958416412988331,0.6735940512430239,0.5540971588026382
1525,0.0,4578.0,4584.0,0.6737764776763064,0.9888550545408422,0.6959225012683917,0.5541697742262811,0.6958416412988331,0.6735940512430239,0.5540900240994419
1526,0.0,4581.0,4587.0,0.6737764776763064,0.9888550545408422,0.6959225012683917,0.5541625443937088,0.6958416412988331,0.6735940512430239,0.5540828893962456
1527,0.0,4584.0,4590.0,0.6737764776763064,0.9888550545408422,0.6959225012683917,0.5541553145611364,0.6958416412988331,0.6735940512430239,0.5540757546930493
1528,0.0,4587.0,4593.0,0.6737764776763064,0.9888550545408422,0.6959225012683917,0.5541480847285641,0.6958416412988331,0.6735940512430239,0.5540686199898529
1529,0.0,4590.0,4596.0,0.6737764776763064,0.9888550545408422,0.6959225012683917,0.5541408231862,0.6958416412988331,0.6735940512430239,0.5540614535768645
1530,0.0,4593.0,4599.0,0.6737764776763064,0.9888550545408422,0.6959225012683917,0.5541334982242516,0.6958416412988331,0.6735940512430239,0.5540542237442923
1531,0.0,4596.0,4602.0,0.6737764776763064,0.9888550545408422,0.6959225012683917,0.5541261732623034,0.6958416412988331,0.6735940512430239,0.55404699391172
1532,0.0,4599.0,4605.0,0.6737764776763064,0.9888550545408422,0.6959225012683917,0.5541187848807712,0.6958416412988331,0.6735940512430239,0.5540397006595636
1533,0.0,4602.0,4608.0,0.6737764776763064,0.9888550545408422,0.6959225012683917,0.554111364789447,0.6958416412988331,0.6735940512430239,0.5540323756976154
1534,0.0,4605.0,4611.0,0.6737764776763064,0.9888550545408422,0.6959225012683917,0.5541039446981227,0.6958416412988331,0.6735940512430239,0.5540250507356672
1535,0.0,4608.0,4614.0,0.6737764776763064,0.9888550545408422,0.6959225012683917,0.5540965563165906,0.6958416412988331,0.6735940512430239,0.5540177574835109
1536,0.0,4611.0,4617.0,0.6737764776763064,0.9888550545408422,0.6959225012683917,0.5540892313546423,0.6958416412988331,0.6735940512430239,0.5540105276509386
1537,0.0,4614.0,4620.0,0.6737764776763064,0.9888550545408422,0.6959225012683917,0.5540819063926941,0.6958416412988331,0.6735940512430239,0.5540032978183663
1538,0.0,4617.0,4623.0,0.6737764776763064,0.9888550545408422,0.6959225012683917,0.5540745814307458,0.6958416412988331,0.6735940512430239,0.553996067985794
1539,0.0,4620.0,4626.0,0.6737764776763064,0.9888550545408422,0.6959225012683917,0.5540672564687976,0.6958416412988331,0.6735940512430239,0.5539888381532218
1540,0.0,4623.0,4629.0,0.6737764776763064,0.9888550545408422,0.6959225012683917,0.5540599315068493,0.6958416412988331,0.6735940512430239,0.5539816083206495
1541,0.0,4626.0,4632.0,0.6737764776763064,0.9888550545408422,0.6959225012683917,0.5540526065449011,0.6958416412988331,0.6735940512430239,0.5539743784880771
1542,0.0,4629.0,4635.0,0.6737764776763064,0.9888550545408422,0.6959225012683917,0.5540453132927448,0.6958416412988331,0.6735940512430239,0.5539671803652968
1543,0.0,4632.0,4638.0,0.6737764776763064,0.9888550545408422,0.6959225012683917,0.5540381785895484,0.6958416412988331,0.6735940512430239,0.5539601407914764
1544,0.0,4635.0,4641.0,0.6737764776763064,0.9888550545408422,0.6959225012683917,0.5540310438863522,0.6958416412988331,0.6735940512430239,0.5539531012176561
1545,0.0,4638.0,4644.0,0.6737764776763064,0.9888550545408422,0.6959225012683917,0.5540239091831558,0.6958416412988331,0.6735940512430239,0.5539460616438356
1546,0.0,4641.0,4647.0,0.6737764776763064,0.9888550545408422,0.6959225012683917,0.5540167744799595,0.6958416412988331,0.6735940512430239,0.5539390220700152
1547,0.0,4644.0,4650.0,0.6737764776763064,0.9888550545408422,0.6959225012683917,0.5540096397767631,0.6958416412988331,0.6735940512430239,0.5539319824961948
1548,0.0,4647.0,4653.0,0.6737764776763064,0.9888550545408422,0.6959225012683917,0.5540025367833588,0.6958416412988331,0.6735940512430239,0.5539249746321664
1549,0.0,4650.0,4656.0,0.6737764776763064,0.9888550545408422,0.6959225012683917,0.5539954020801624,0.6958416412988331,0.6735940512430239,0.553917935058346
1550,0.0,4653.0,4659.0,0.6737764776763064,0.9888550545408422,0.6959225012683917,0.553988267376966,0.6958416412988331,0.6735940512430239,0.5539108954845257
1551,0.0,4656.0,4662.0,0.6737764776763064,0.9888550545408422,0.6959225012683917,0.5539811326737697,0.6958416412988331,0.6735940512430239,0.5539038559107052
1552,0.0,4659.0,4665.0,0.6737764776763064,0.9888550545408422,0.6959225012683917,0.5539739979705733,0.6958416412988331,0.6735940512430239,0.5538968163368848
1553,0.0,4662.0,4668.0,0.6737764776763064,0.9888550545408422,0.6959225012683917,0.553966863267377,0.6958416412988331,0.6735940512430239,0.5538897767630644
1554,0.0,4665.0,4671.0,0.6737764776763064,0.9888550545408422,0.6959225012683917,0.5539597285641806,0.6958416412988331,0.6735940512430239,0.5538827371892441
1555,0.0,4668.0,4674.0,0.6737764776763064,0.9888550545408422,0.6959225012683917,0.5539525621511923,0.6958416412988331,0.6735940512430239,0.5538756659056316
1556,0.0,4671.0,4677.0,0.6737764776763064,0.9888550545408422,0.6959225012683917,0.553945300608828,0.6958416412988331,0.6735940512430239,0.5538684994926433
1557,0.0,4674.0,4680.0,0.6737764776763064,0.9888550545408422,0.6959225012683917,0.5539382293252156,0.6958416412988331,0.6735940512430239,0.5538615233384069
1558,0.0,4677.0,4683.0,0.6737764776763064,0.9888550545408422,0.6959225012683917,0.5539311897513952,0.6958416412988331,0.6735940512430239,0.5538545788939625
1559,0.0,4680.0,4686.0,0.6737764776763064,0.9888550545408422,0.6959225012683917,0.5539242453069508,0.6958416412988331,0.6735940512430239,0.5538477295788939
1560,0.0,4683.0,4689.0,0.6737764776763064,0.9888550545408422,0.6959225012683917,0.5539173008625063,0.6958416412988331,0.6735940512430239,0.5538408802638255
1561,0.0,4686.0,4692.0,0.6737764776763064,0.9888550545408422,0.6959225012683917,0.5539103564180619,0.6958416412988331,0.6735940512430239,0.5538340309487569
1562,0.0,4689.0,4695.0,0.6737764776763064,0.9888550545408422,0.6959225012683917,0.5539034119736175,0.6958416412988331,0.6735940512430239,0.5538271816336885
1563,0.0,4692.0,4698.0,0.6737764776763064,0.9888550545408422,0.6959225012683917,0.553896467529173,0.6958416412988331,0.6735940512430239,0.5538203323186199
1564,0.0,4695.0,4701.0,0.6737764776763064,0.9888550545408422,0.6959225012683917,0.5538895230847286,0.6958416412988331,0.6735940512430239,0.5538134830035515
1565,0.0,4698.0,4704.0,0.6737764776763064,0.9888550545408422,0.6959225012683917,0.5538825786402841,0.6958416412988331,0.6735940512430239,0.553806633688483
1566,0.0,4701.0,4707.0,0.6737764776763064,0.9888550545408422,0.6959225012683917,0.5538756976154237,0.6958416412988331,0.6735940512430239,0.5537998477929985
1567,0.0,4704.0,4710.0,0.6737764776763064,0.9888550545408422,0.6959225012683917,0.5538686580416032,0.6958416412988331,0.6735940512430239,0.553792903348554
1568,0.0,4707.0,4713.0,0.6737764776763064,0.9888550545408422,0.6959225012683917,0.5538616184677828,0.6958416412988331,0.6735940512430239,0.5537859589041096
1569,0.0,4710.0,4716.0,0.6737764776763064,0.9888550545408422,0.6959225012683917,0.5538545788939625,0.6958416412988331,0.6735940512430239,0.5537790144596652
1570,0.0,4713.0,4719.0,0.6737764776763064,0.9888550545408422,0.6959225012683917,0.5538475393201421,0.6958416412988331,0.6735940512430239,0.5537720700152207
1571,0.0,4716.0,4722.0,0.6737764776763064,0.9888550545408422,0.6959225012683917,0.5538404997463217,0.6958416412988331,0.6735940512430239,0.5537651255707763
1572,0.0,4719.0,4725.0,0.6737764776763064,0.9888550545408422,0.6959225012683917,0.5538334601725012,0.6958416412988331,0.6735940512430239,0.5537581811263318
1573,0.0,4722.0,4728.0,0.6737764776763064,0.9888550545408422,0.6959225012683917,0.5538264205986809,0.6958416412988331,0.6735940512430239,0.5537512366818874
1574,0.0,4725.0,4731.0,0.6737764776763064,0.9888550545408422,0.6959225012683917,0.5538193810248605,0.6958416412988331,0.6735940512430239,0.5537442922374429
1575,0.0,4728.0,4734.0,0.6737764776763064,0.9888550545408422,0.6959225012683917,0.5538122780314562,0.6958416412988331,0.6735940512430239,0.5537372843734145
1576,0.0,4731.0,4737.0,0.6737764776763064,0.9888550545408422,0.6959225012683917,0.5538051433282598,0.6958416412988331,0.6735940512430239,0.5537302447995941
1577,0.0,4734.0,4740.0,0.6737764776763064,0.9888550545408422,0.6959225012683917,0.5537980086250635,0.6958416412988331,0.6735940512430239,0.5537232052257737
1578,0.0,4737.0,4743.0,0.6737764776763064,0.9888550545408422,0.6959225012683917,0.553790905631659,0.6958416412988331,0.6735940512430239,0.5537161973617453
1579,0.0,4740.0,4746.0,0.6737764776763064,0.9888550545408422,0.6959225012683917,0.5537838660578387,0.6958416412988331,0.6735940512430239,0.5537092529173009
1580,0.0,4743.0,4749.0,0.6737764776763064,0.9888550545408422,0.6959225012683917,0.5537768899036022,0.6958416412988331,0.6735940512430239,0.5537023718924404
1581,0.0,4746.0,4752.0,0.6737764776763064,0.9888550545408422,0.6959225012683917,0.5537699454591578,0.6958416412988331,0.6735940512430239,0.5536955225773719
1582,0.0,4749.0,4755.0,0.6737764776763064,0.9888550545408422,0.6959225012683917,0.5537630010147133,0.6958416412988331,0.6735940512430239,0.5536886732623034
1583,0.0,4752.0,4758.0,0.6737764776763064,0.9888550545408422,0.6959225012683917,0.5537559931506849,0.6958416412988331,0.6735940512430239,0.553681760527651
1584,0.0,4755.0,4761.0,0.6737764776763064,0.9888550545408422,0.6959225012683917,0.5537489535768645,0.6958416412988331,0.6735940512430239,0.5536748160832065
1585,0.0,4758.0,4764.0,0.6737764776763064,0.9888550545408422,0.6959225012683917,0.5537419140030442,0.6958416412988331,0.6735940512430239,0.5536678716387621
1586,0.0,4761.0,4767.0,0.6737764776763064,0.9888550545408422,0.6959225012683917,0.5537348744292238,0.6958416412988331,0.6735940512430239,0.5536609271943176
1587,0.0,4764.0,4770.0,0.6737764776763064,0.9888550545408422,0.6959225012683917,0.5537278348554033,0.6958416412988331,0.6735940512430239,0.5536539827498732
1588,0.0,4767.0,4773.0,0.6737764776763064,0.9888550545408422,0.6959225012683917,0.5537207952815829,0.6958416412988331,0.6735940512430239,0.5536470383054287
1589,0.0,4770.0,4776.0,0.6737764776763064,0.9888550545408422,0.6959225012683917,0.5537137557077626,0.6958416412988331,0.6735940512430239,0.5536400938609842
1590,0.0,4773.0,4779.0,0.6737764776763064,0.9888550545408422,0.6959225012683917,0.5537065892947742,0.6958416412988331,0.6735940512430239,0.5536330225773719
1591,0.0,4776.0,4782.0,0.6737764776763064,0.9888550545408422,0.6959225012683917,0.553699359462202,0.6958416412988331,0.6735940512430239,0.5536258878741755
1592,0.0,4779.0,4785.0,0.6737764776763064,0.9888550545408422,0.6959225012683917,0.5536921296296297,0.6958416412988331,0.6735940512430239,0.5536187531709792
1593,0.0,4782.0,4788.0,0.6737764776763064,0.9888550545408422,0.6959225012683917,0.5536848997970574,0.6958416412988331,0.6735940512430239,0.5536116184677828
1594,0.0,4785.0,4791.0,0.6737764776763064,0.9888550545408422,0.6959225012683917,0.5536776699644851,0.6958416412988331,0.6735940512430239,0.5536044837645865
1595,0.0,4788.0,4794.0,0.6737764776763064,0.9888550545408422,0.6959225012683917,0.5536704401319127,0.6958416412988331,0.6735940512430239,0.5535973490613901
1596,0.0,4791.0,4797.0,0.6737764776763064,0.9888550545408422,0.6959225012683917,0.5536632737189244,0.6958416412988331,0.6735940512430239,0.5535902777777778
1597,0.0,4794.0,4800.0,0.6737764776763064,0.9888550545408422,0.6959225012683917,0.5536560438863521,0.6958416412988331,0.6735940512430239,0.5535831430745815
1598,0.0,4797.0,4803.0,0.6737764776763064,0.9888550545408422,0.6959225012683917,0.5536488140537799,0.6958416412988331,0.6735940512430239,0.5535760083713851
1599,0.0,4800.0,4806.0,0.6737764776763064,0.9888550545408422,0.6959225012683917,0.5536416159309995,0.6958416412988331,0.6735940512430239,0.5535689053779808
1600,0.0,4803.0,4809.0,0.6737764776763064,0.9888550545408422,0.6959225012683917,0.5536344812278031,0.6958416412988331,0.6735940512430239,0.5535618658041603
1601,0.0,4806.0,4812.0,0.6737764776763064,0.9888550545408422,0.6959225012683917,0.5536273465246068,0.6958416412988331,0.6735940512430239,0.5535548262303399
1602,0.0,4809.0,4815.0,0.6737764776763064,0.9888550545408422,0.6959225012683917,0.5536202118214104,0.6958416412988331,0.6735940512430239,0.5535477866565195
1603,0.0,4812.0,4818.0,0.6737764776763064,0.9888550545408422,0.6959225012683917,0.5536130771182141,0.6958416412988331,0.6735940512430239,0.5535407470826992
1604,0.0,4815.0,4821.0,0.6737764776763064,0.9888550545408422,0.6959225012683917,0.5536060058346017,0.6958416412988331,0.6735940512430239,0.5535337709284627
1605,0.0,4818.0,4824.0,0.6737764776763064,0.9888550545408422,0.6959225012683917,0.5535989662607813,0.6958416412988331,0.6735940512430239,0.5535268264840183
1606,0.0,4821.0,4827.0,0.6737764776763064,0.9888550545408422,0.6959225012683917,0.5535919583967529,0.6958416412988331,0.6735940512430239,0.5535199137493658
1607,0.0,4824.0,4830.0,0.6737764776763064,0.9888550545408422,0.6959225012683917,0.5535849505327245,0.6958416412988331,0.6735940512430239,0.5535130010147133
1608,0.0,4827.0,4833.0,0.6737764776763064,0.9888550545408422,0.6959225012683917,0.5535779109589041,0.6958416412988331,0.6735940512430239,0.5535060565702689
1609,0.0,4830.0,4836.0,0.6737764776763064,0.9888550545408422,0.6959225012683917,0.5535708713850838,0.6958416412988331,0.6735940512430239,0.5534991121258245
1610,0.0,4833.0,4839.0,0.6737764776763064,0.9888550545408422,0.6959225012683917,0.5535638318112633,0.6958416412988331,0.6735940512430239,0.55349216768138
1611,0.0,4836.0,4842.0,0.6737764776763064,0.9888550545408422,0.6959225012683917,0.5535567922374429,0.6958416412988331,0.6735940512430239,0.5534852232369356
1612,0.0,4839.0,4845.0,0.6737764776763064,0.9888550545408422,0.6959225012683917,0.5535498477929984,0.6958416412988331,0.6735940512430239,0.553478373921867
1613,0.0,4842.0,4848.0,0.6737764776763064,0.9888550545408422,0.6959225012683917,0.553542903348554,0.6958416412988331,0.6735940512430239,0.5534715246067986
1614,0.0,4845.0,4851.0,0.6737764776763064,0.9888550545408422,0.6959225012683917,0.5535359589041096,0.6958416412988331,0.6735940512430239,0.55346467529173
1615,0.0,4848.0,4854.0,0.6737764776763064,0.9888550545408422,0.6959225012683917,0.5535290144596652,0.6958416412988331,0.6735940512430239,0.5534578259766616
1616,0.0,4851.0,4857.0,0.6737764776763064,0.9888550545408422,0.6959225012683917,0.5535220383054287,0.6958416412988331,0.6735940512430239,0.5534509449518011
1617,0.0,4854.0,4860.0,0.6737764776763064,0.9888550545408422,0.6959225012683917,0.5535150938609843,0.6958416412988331,0.6735940512430239,0.5534440956367326
1618,0.0,4857.0,4863.0,0.6737764776763064,0.9888550545408422,0.6959225012683917,0.5535081494165398,0.6958416412988331,0.6735940512430239,0.5534372463216641
1619,0.0,4860.0,4866.0,0.6737764776763064,0.9888550545408422,0.6959225012683917,0.5535012049720954,0.6958416412988331,0.6735940512430239,0.5534303970065957
1620,0.0,4863.0,4869.0,0.6737764776763064,0.9888550545408422,0.6959225012683917,0.553494197108067,0.6958416412988331,0.6735940512430239,0.5534234842719432
1621,0.0,4866.0,4872.0,0.6737764776763064,0.9888550545408422,0.6959225012683917,0.5534871892440386,0.6958416412988331,0.6735940512430239,0.5534165715372907
1622,0.0,4869.0,4875.0,0.6737764776763064,0.9888550545408422,0.6959225012683917,0.5534802447995941,0.6958416412988331,0.6735940512430239,0.5534097222222222
1623,0.0,4872.0,4878.0,0.6737764776763064,0.9888550545408422,0.6959225012683917,0.5534733320649416,0.6958416412988331,0.6735940512430239,0.5534029046169457
1624,0.0,4875.0,4881.0,0.6737764776763064,0.9888550545408422,0.6959225012683917,0.5534664827498732,0.6958416412988331,0.6735940512430239,0.5533961504312531
1625,0.0,4878.0,4884.0,0.6737764776763064,0.9888550545408422,0.6959225012683917,0.5534596017250126,0.6958416412988331,0.6735940512430239,0.5533893645357686
1626,0.0,4881.0,4887.0,0.6737764776763064,0.9888550545408422,0.6959225012683917,0.5534526572805682,0.6958416412988331,0.6735940512430239,0.5533825152207001
1627,0.0,4884.0,4890.0,0.6737764776763064,0.9888550545408422,0.6959225012683917,0.5534457128361238,0.6958416412988331,0.6735940512430239,0.5533756659056317
1628,0.0,4887.0,4893.0,0.6737764776763064,0.9888550545408422,0.6959225012683917,0.5534387683916794,0.6958416412988331,0.6735940512430239,0.5533688165905631
1629,0.0,4890.0,4896.0,0.6737764776763064,0.9888550545408422,0.6959225012683917,0.5534318239472349,0.6958416412988331,0.6735940512430239,0.5533619672754947
1630,0.0,4893.0,4899.0,0.6737764776763064,0.9888550545408422,0.6959225012683917,0.5534248795027905,0.6958416412988331,0.6735940512430239,0.5533551179604261
1631,0.0,4896.0,4902.0,0.6737764776763064,0.9888550545408422,0.6959225012683917,0.553417935058346,0.6958416412988331,0.6735940512430239,0.5533482686453577
1632,0.0,4899.0,4905.0,0.6737764776763064,0.9888550545408422,0.6959225012683917,0.5534109906139015,0.6958416412988331,0.6735940512430239,0.5533414193302892
1633,0.0,4902.0,4908.0,0.6737764776763064,0.9888550545408422,0.6959225012683917,0.5534040461694572,0.6958416412988331,0.6735940512430239,0.5533345700152207
1634,0.0,4905.0,4911.0,0.6737764776763064,0.9888550545408422,0.6959225012683917,0.5533970383054287,0.6958416412988331,0.6735940512430239,0.5533276572805682
1635,0.0,4908.0,4914.0,0.6737764776763064,0.9888550545408422,0.6959225012683917,0.5533899987316083,0.6958416412988331,0.6735940512430239,0.5533207128361238
1636,0.0,4911.0,4917.0,0.6737764776763064,0.9888550545408422,0.6959225012683917,0.5533829591577879,0.6958416412988331,0.6735940512430239,0.5533137683916793
1637,0.0,4914.0,4920.0,0.6737764776763064,0.9888550545408422,0.6959225012683917,0.5533759195839675,0.6958416412988331,0.6735940512430239,0.553306823947235
1638,0.0,4917.0,4923.0,0.6737764776763064,0.9888550545408422,0.6959225012683917,0.5533688800101472,0.6958416412988331,0.6735940512430239,0.5532998795027905
1639,0.0,4920.0,4926.0,0.6737764776763064,0.9888550545408422,0.6959225012683917,0.5533618404363267,0.6958416412988331,0.6735940512430239,0.553292935058346
1640,0.0,4923.0,4929.0,0.6737764776763064,0.9888550545408422,0.6959225012683917,0.5533548008625063,0.6958416412988331,0.6735940512430239,0.5532859906139016
1641,0.0,4926.0,4932.0,0.6737764776763064,0.9888550545408422,0.6959225012683917,0.5533477612886859,0.6958416412988331,0.6735940512430239,0.5532790461694571
1642,0.0,4929.0,4935.0,0.6737764776763064,0.9888550545408422,0.6959225012683917,0.5533407217148656,0.6958416412988331,0.6735940512430239,0.5532721017250127
1643,0.0,4932.0,4938.0,0.6737764776763064,0.9888550545408422,0.6959225012683917,0.5533336821410452,0.6958416412988331,0.6735940512430239,0.5532651572805682
1644,0.0,4935.0,4941.0,0.6737764776763064,0.9888550545408422,0.6959225012683917,0.5533266425672247,0.6958416412988331,0.6735940512430239,0.5532582128361238
1645,0.0,4938.0,4944.0,0.6737764776763064,0.9888550545408422,0.6959225012683917,0.5533196029934043,0.6958416412988331,0.6735940512430239,0.5532512683916794
1646,0.0,4941.0,4947.0,0.6737764776763064,0.9888550545408422,0.6959225012683917,0.553312563419584,0.6958416412988331,0.6735940512430239,0.5532443239472349
1647,0.0,4944.0,4950.0,0.6737764776763064,0.9888550545408422,0.6959225012683917,0.5533055238457636,0.6958416412988331,0.6735940512430239,0.5532373795027905
1648,0.0,4947.0,4953.0,0.6737764776763064,0.9888550545408422,0.6959225012683917,0.5532984842719432,0.6958416412988331,0.6735940512430239,0.553230435058346
1649,0.0,4950.0,4956.0,0.6737764776763064,0.9888550545408422,0.6959225012683917,0.5532914446981227,0.6958416412988331,0.6735939878234399,0.5532234271943176
1650,0.0,4953.0,4959.0,0.6737764776763064,0.9888550545408422,0.6959225012683917,0.5532844051243024,0.6958416412988331,0.6735938926940639,0.5532163876204972
1651,0.0,4956.0,4962.0,0.6737764776763064,0.9888550545408422,0.6959225012683917,0.553277365550482,0.6958416412988331,0.673593797564688,0.5532093480466768
1652,0.0,4959.0,4965.0,0.6737764776763064,0.9888550545408422,0.6959225012683917,0.5532703259766616,0.6958416412988331,0.673593702435312,0.5532023084728565
1653,0.0,4962.0,4968.0,0.6737764776763064,0.9888550545408422,0.6959225012683917,0.5532632864028412,0.6958416412988331,0.6735936073059361,0.553195268899036
1654,0.0,4965.0,4971.0,0.6737764776763064,0.9888550545408422,0.6959225012683917,0.5532562468290207,0.6958416412988331,0.6735935121765602,0.5531882293252156
1655,0.0,4968.0,4974.0,0.6737764776763064,0.9888550545408422,0.6959225012683917,0.5532491438356164,0.6958416412988331,0.6735934170471841,0.5531811263318113
1656,0.0,4971.0,4977.0,0.6737764776763064,0.9888550545408422,0.6959225012683917,0.55324200913242,0.6958416412988331,0.6735933219178082,0.5531739916286149
1657,0.0,4974.0,4980.0,0.6737764776763064,0.9888550545408422,0.6959225012683917,0.5532348744292237,0.6958416412988331,0.6735932267884323,0.5531668569254186
1658,0.0,4977.0,4983.0,0.6737764776763064,0.9888550545408422,0.6959225012683917,0.5532278348554034,0.6958416412988331,0.6735931316590563,0.5531598173515981
1659,0.0,4980.0,4986.0,0.6737764776763064,0.9888550545408422,0.6959225012683917,0.553220795281583,0.6958416412988331,0.6735930365296804,0.5531527777777778
1660,0.0,4983.0,4989.0,0.6737764776763064,0.9888550545408422,0.6959225012683917,0.5532138508371385,0.6958416412988331,0.6735929414003045,0.5531458333333333
1661,0.0,4986.0,4992.0,0.6737764776763064,0.9888550545408422,0.6959225012683917,0.5532069063926941,0.6958416412988331,0.6735928462709284,0.5531388888888888
1662,0.0,4989.0,4995.0,0.6737764776763064,0.9888550545408422,0.6959225012683917,0.5531999619482496,0.6958416412988331,0.6735927511415525,0.5531319444444445
1663,0.0,4992.0,4998.0,0.6737764776763064,0.9888550545408422,0.6959225012683917,0.5531930175038052,0.6958416412988331,0.6735926560121765,0.553125
1664,0.0,4995.0,5001.0,0.6737764776763064,0.9888550545408422,0.6959225012683917,0.5531860730593607,0.6958416412988331,0.6735925608828006,0.5531180555555556
1665,0.0,4998.0,5004.0,0.6737764776763064,0.9888550545408422,0.6959225012683917,0.5531791286149162,0.6958416412988331,0.6735924657534247,0.5531111111111111
1666,0.0,5001.0,5007.0,0.6737764776763064,0.9888550545408422,0.6959225012683917,0.5531721841704719,0.6958416412988331,0.6735923706240488,0.5531041666666666
1667,0.0,5004.0,5010.0,0.6737764776763064,0.9888550545408422,0.6959225012683917,0.5531652397260274,0.6958416412988331,0.6735922754946727,0.5530972222222222
1668,0.0,5007.0,5013.0,0.6737764776763064,0.9888550545408422,0.6959225012683917,0.553158263571791,0.6958416412988331,0.6735921803652968,0.5530902460679858
1669,0.0,5010.0,5016.0,0.6737764776763064,0.9888550545408422,0.6959225012683917,0.5531512239979706,0.6958416412988331,0.6735920852359208,0.5530832064941654
1670,0.0,5013.0,5019.0,0.6737764776763064,0.9888550545408422,0.6959225012683917,0.5531441844241501,0.6958416412988331,0.6735919901065449,0.553076166920345
1671,0.0,5016.0,5022.0,0.6737764776763064,0.9888550545408422,0.6959225012683917,0.5531371131405378,0.6958416412988331,0.673591894977169,0.5530690956367327
1672,0.0,5019.0,5025.0,0.6737764776763064,0.9888550545408422,0.6959225012683917,0.5531299784373415,0.6958416412988331,0.673591799847793,0.5530619609335363
1673,0.0,5022.0,5028.0,0.6737764776763064,0.9888550545408422,0.6959225012683917,0.5531228437341451,0.6958416412988331,0.673591704718417,0.55305482623034
1674,0.0,5025.0,5031.0,0.6737764776763064,0.9888550545408422,0.6959225012683917,0.5531157407407408,0.6958416412988331,0.6735916095890411,0.5530477232369355
1675,0.0,5028.0,5034.0,0.6737764776763064,0.9888550545408422,0.6959225012683917,0.5531087011669203,0.6958416412988331,0.6735915144596651,0.5530406836631152
1676,0.0,5031.0,5037.0,0.6737764776763064,0.9888550545408422,0.6959225012683917,0.5531016615930999,0.6958416412988331,0.6735914193302892,0.5530336440892948
1677,0.0,5034.0,5040.0,0.6737764776763064,0.9888550545408422,0.6959225012683917,0.5530946220192795,0.6958416412988331,0.6735913242009133,0.5530266045154744
1678,0.0,5037.0,5043.0,0.6737764776763064,0.9888550545408422,0.6959225012683917,0.5530875507356672,0.6958416412988331,0.6735912290715373,0.553019533231862
1679,0.0,5040.0,5046.0,0.6737764776763064,0.9888550545408422,0.6959225012683917,0.5530804794520547,0.6958416412988331,0.6735911339421613,0.5530124619482496
1680,0.0,5043.0,5049.0,0.6737764776763064,0.9888550545408422,0.6959225012683917,0.5530734081684424,0.6958416412988331,0.6735910388127854,0.5530053906646373
1681,0.0,5046.0,5052.0,0.6737764776763064,0.9888550545408422,0.6959225012683917,0.553066241755454,0.6958416412988331,0.6735909436834094,0.5529982242516489
1682,0.0,5049.0,5055.0,0.6737764776763064,0.9888550545408422,0.6959225012683917,0.5530590119228818,0.6958416412988331,0.6735908485540335,0.5529909944190766
1683,0.0,5052.0,5058.0,0.6737764776763064,0.9888550545408422,0.6959225012683917,0.5530517820903095,0.6958416412988331,0.6735907534246576,0.5529837645865043
1684,0.0,5055.0,5061.0,0.6737764776763064,0.9888550545408422,0.6959225012683917,0.5530445522577372,0.6958416412988331,0.6735906582952815,0.552976534753932
1685,0.0,5058.0,5064.0,0.6737764776763064,0.9888550545408422,0.6959225012683917,0.5530373224251649,0.6958416412988331,0.6735905631659056,0.5529693049213598
1686,0.0,5061.0,5067.0,0.6737764776763064,0.9888550545408422,0.6959225012683917,0.5530300925925926,0.6958416412988331,0.6735904680365297,0.5529620750887874
1687,0.0,5064.0,5070.0,0.6737764776763064,0.9888550545408422,0.6959225012683917,0.5530228627600203,0.6958416412988331,0.6735903729071537,0.5529548452562151
1688,0.0,5067.0,5073.0,0.6737764776763064,0.9888550545408422,0.6959225012683917,0.553015632927448,0.6958416412988331,0.6735902777777778,0.5529476154236428
1689,0.0,5070.0,5076.0,0.6737764776763064,0.9888550545408422,0.6959225012683917,0.5530084030948756,0.6958416412988331,0.6735901826484019,0.5529403855910705
1690,0.0,5073.0,5079.0,0.6737764776763064,0.9888550545408422,0.6959225012683917,0.5530011732623034,0.6958416412988331,0.6735900875190258,0.5529331557584982
1691,0.0,5076.0,5082.0,0.6737764776763064,0.9888550545408422,0.6959225012683917,0.552994038559107,0.6958416412988331,0.6735899923896499,0.5529260210553019
1692,0.0,5079.0,5085.0,0.6737764776763064,0.9888550545408422,0.6959225012683917,0.5529869038559106,0.6958416412988331,0.673589897260274,0.5529188863521055
1693,0.0,5082.0,5088.0,0.6737764776763064,0.9888550545408422,0.6959225012683917,0.5529798325722983,0.6958416412988331,0.673589802130898,0.5529118150684932
1694,0.0,5085.0,5091.0,0.6737764776763064,0.9888550545408422,0.6959225012683917,0.5529728881278538,0.6958416412988331,0.6735897070015221,0.5529048706240487
1695,0.0,5088.0,5094.0,0.6737764776763064,0.9888550545408422,0.6959225012683917,0.5529659436834095,0.6958416412988331,0.6735896118721462,0.5528979261796043
1696,0.0,5091.0,5097.0,0.6737764776763064,0.9888550545408422,0.6959225012683917,0.552958999238965,0.6958416412988331,0.6735895167427701,0.5528909817351598
1697,0.0,5094.0,5100.0,0.6737764776763064,0.9888550545408422,0.6959225012683917,0.5529521182141045,0.6958416412988331,0.6735894216133942,0.5528841007102994
1698,0.0,5097.0,5103.0,0.6737764776763064,0.9888550545408422,0.6959225012683917,0.5529452688990361,0.6958416412988331,0.6735893264840183,0.5528772513952308
1699,0.0,5100.0,5106.0,0.6737764776763064,0.9888550545408422,0.6959225012683917,0.5529384195839675,0.6958416412988331,0.6735892313546423,0.5528704020801624
1700,0.0,5103.0,5109.0,0.6737764776763064,0.9888550545408422,0.6959225012683917,0.552931570268899,0.6958416412988331,0.6735891362252664,0.5528635527650939
1701,0.0,5106.0,5112.0,0.6737764776763064,0.9888550545408422,0.6959225012683917,0.5529246575342466,0.6958416412988331,0.6735890410958905,0.5528566400304414
1702,0.0,5109.0,5115.0,0.6737764776763064,0.9888550545408422,0.6959225012683917,0.5529177130898021,0.6958416412988331,0.6735889459665144,0.552849695585997
1703,0.0,5112.0,5118.0,0.6737764776763064,0.9888550545408422,0.6959225012683917,0.5529107686453577,0.6958416412988331,0.6735888508371385,0.5528427511415525
1704,0.0,5115.0,5121.0,0.6737764776763064,0.9888550545408422,0.6959225012683917,0.5529039193302892,0.6958416412988331,0.6735887557077626,0.552835901826484
1705,0.0,5118.0,5124.0,0.6737764776763064,0.9888550545408422,0.6959225012683917,0.5528970700152207,0.6958416412988331,0.6735886605783866,0.5528290525114156
1706,0.0,5121.0,5127.0,0.6737764776763064,0.9888550545408422,0.6959225012683917,0.5528902841197362,0.6958416412988331,0.6735885654490107,0.552822266615931
1707,0.0,5124.0,5130.0,0.6737764776763064,0.9888550545408422,0.6959225012683917,0.5528834982242516,0.6958416412988331,0.6735884703196348,0.5528154807204465
1708,0.0,5127.0,5133.0,0.6737764776763064,0.9888550545408422,0.6959225012683917,0.5528766489091832,0.6958416412988331,0.6735883751902587,0.552808631405378
1709,0.0,5130.0,5136.0,0.6737764776763064,0.9888550545408422,0.6959225012683917,0.5528697995941146,0.6958416412988331,0.6735882800608828,0.5528017820903095
1710,0.0,5133.0,5139.0,0.6737764776763064,0.9888550545408422,0.6959225012683917,0.5528629502790462,0.6958416412988331,0.6735881849315069,0.5527949327752409
1711,0.0,5136.0,5142.0,0.6737764776763064,0.9888550545408422,0.6959225012683917,0.5528561643835617,0.6958416412988331,0.6735880898021309,0.5527881468797564
1712,0.0,5139.0,5145.0,0.6737764776763064,0.9888550545408422,0.6959225012683917,0.5528494101978692,0.6958416412988331,0.673587994672755,0.5527813926940639
1713,0.0,5142.0,5148.0,0.6737764776763064,0.9888550545408422,0.6959225012683917,0.5528426560121765,0.6958416412988331,0.6735878995433789,0.5527746385083714
1714,0.0,5145.0,5151.0,0.6737764776763064,0.9888550545408422,0.6959225012683917,0.552835901826484,0.6958416412988331,0.673587804414003,0.5527678843226789
1715,0.0,5148.0,5154.0,0.6737764776763064,0.9888550545408422,0.6959225012683917,0.5528291476407915,0.6958416412988331,0.6735877092846271,0.5527611301369864
1716,0.0,5151.0,5157.0,0.6737764776763064,0.9888550545408422,0.6959225012683917,0.5528224568746829,0.6958416412988331,0.6735876141552511,0.5527544393708778
1717,0.0,5154.0,5160.0,0.6737764776763064,0.9888550545408422,0.6959225012683917,0.5528157343987824,0.6958416412988331,0.6735875190258752,0.5527477168949771
1718,0.0,5157.0,5163.0,0.6737764776763064,0.9888550545408422,0.6959225012683917,0.5528090753424657,0.6958416412988331,0.6735874238964993,0.5527410578386606
1719,0.0,5160.0,5166.0,0.6737764776763064,0.9888550545408422,0.6959225012683917,0.5528023845763572,0.6958416412988331,0.6735873287671232,0.552734367072552
1720,0.0,5163.0,5169.0,0.6737764776763064,0.9888550545408422,0.6959225012683917,0.5527956303906646,0.6958416412988331,0.6735872336377473,0.5527276128868595
1721,0.0,5166.0,5172.0,0.6737764776763064,0.9888550545408422,0.6959225012683917,0.5527887810755961,0.6958416412988331,0.6735871385083714,0.552720763571791
1722,0.0,5169.0,5175.0,0.6737764776763064,0.9888550545408422,0.6959225012683917,0.5527819317605277,0.6958416412988331,0.6735870433789954,0.5527139142567224
1723,0.0,5172.0,5178.0,0.6737764776763064,0.9888550545408422,0.6959225012683917,0.5527750824454591,0.6958416412988331,0.6735869482496195,0.552707064941654
1724,0.0,5175.0,5181.0,0.6737764776763064,0.9888550545408422,0.6959225012683917,0.5527682331303907,0.6958416412988331,0.6735868531202436,0.5527002156265854
1725,0.0,5178.0,5184.0,0.6737764776763064,0.9888550545408422,0.6959225012683917,0.5527613203957382,0.6958416412988331,0.6735867579908675,0.5526933028919331
1726,0.0,5181.0,5187.0,0.6737764776763064,0.9888550545408422,0.6959225012683917,0.5527544710806697,0.6958416412988331,0.6735866628614916,0.5526864535768645
1727,0.0,5184.0,5190.0,0.6737764776763064,0.9888550545408422,0.6959225012683917,0.5527476217656012,0.6958416412988331,0.6735865677321157,0.5526796042617961
1728,0.0,5187.0,5193.0,0.6737764776763064,0.9888550545408422,0.6959225012683917,0.5527407724505328,0.6958416412988331,0.6735864726027397,0.5526727549467275
1729,0.0,5190.0,5196.0,0.6737764776763064,0.9888550545408422,0.6959225012683917,0.5527339231354642,0.6958416412988331,0.6735863774733638,0.5526659056316591
1730,0.0,5193.0,5199.0,0.6737764776763064,0.9888550545408422,0.6959225012683917,0.5527269786910198,0.6958416412988331,0.6735862823439879,0.5526589611872146
1731,0.0,5196.0,5202.0,0.6737764776763064,0.9888550545408422,0.6959225012683917,0.5527200342465753,0.6958416412988331,0.6735861872146118,0.5526520167427702
1732,0.0,5199.0,5205.0,0.6737764776763064,0.9888550545408422,0.6959225012683917,0.5527129946727549,0.6958416412988331,0.6735860920852359,0.5526449771689498
1733,0.0,5202.0,5208.0,0.6737764776763064,0.9888550545408422,0.6959225012683917,0.5527059550989345,0.6958416412988331,0.67358599695586,0.5526379375951294
1734,0.0,5205.0,5211.0,0.6737764776763064,0.9888550545408422,0.6959225012683917,0.5526989472349061,0.6958416412988331,0.673585901826484,0.552630929731101
1735,0.0,5208.0,5214.0,0.6737764776763064,0.9888550545408422,0.6959225012683917,0.5526920027904617,0.6958416412988331,0.6735858066971081,0.5526239852866566
1736,0.0,5211.0,5217.0,0.6737764776763064,0.9888550545408422,0.6959225012683917,0.5526850583460172,0.6958416412988331,0.6735857115677322,0.5526170408422121
1737,0.0,5214.0,5220.0,0.6737764776763064,0.9888550545408422,0.6959225012683917,0.5526781139015728,0.6958416412988331,0.6735856164383561,0.5526100963977676
1738,0.0,5217.0,5223.0,0.6737764776763064,0.9888550545408422,0.6959225012683917,0.5526711694571284,0.6958416412988331,0.6735855213089802,0.5526031519533232
1739,0.0,5220.0,5226.0,0.6737764776763064,0.9888550545408422,0.6959225012683917,0.5526642250126839,0.6958416412988331,0.6735854261796043,0.5525962075088787
1740,0.0,5223.0,5229.0,0.6737764776763064,0.9888550545408422,0.6959225012683917,0.5526572171486555,0.6958416412988331,0.6735853310502283,0.5525891996448503
1741,0.0,5226.0,5232.0,0.6737764776763064,0.9888550545408422,0.6959225012683917,0.5526501141552511,0.6958416412988331,0.6735852359208524,0.552582096651446
1742,0.0,5229.0,5235.0,0.6737764776763064,0.9888550545408422,0.6959225012683917,0.5526429794520548,0.6958416412988331,0.6735851407914764,0.5525749619482496
1743,0.0,5232.0,5238.0,0.6737764776763064,0.9888550545408422,0.6959225012683917,0.5526358447488584,0.6958416412988331,0.6735850456621004,0.5525678272450533
1744,0.0,5235.0,5241.0,0.6737764776763064,0.9888550545408422,0.6959225012683917,0.552628710045662,0.6958416412988331,0.6735849505327245,0.5525606925418569
1745,0.0,5238.0,5244.0,0.6737764776763064,0.9888550545408422,0.6959225012683917,0.5526216704718417,0.6958416412988331,0.6735848554033486,0.5525536529680365
1746,0.0,5241.0,5247.0,0.6737764776763064,0.9888550545408422,0.6959225012683917,0.5526146308980213,0.6958416412988331,0.6735847602739726,0.5525466133942162
1747,0.0,5244.0,5250.0,0.6737764776763064,0.9888550545408422,0.6959225012683917,0.5526075913242009,0.6958416412988331,0.6735846651445967,0.5525395738203958
1748,0.0,5247.0,5253.0,0.6737764776763064,0.9888550545408422,0.6959225012683917,0.5526005517503805,0.6958416412988331,0.6735845700152207,0.5525325342465753
1749,0.0,5250.0,5256.0,0.6737764776763064,0.9888550545408422,0.6959225012683917,0.5525935121765602,0.6958416412988331,0.6735844748858447,0.5525254946727549
1750,0.0,5253.0,5259.0,0.6737764776763064,0.9888550545408422,0.6959225012683917,0.5525865043125318,0.6958416412988331,0.6735843797564688,0.5525184868087265
1751,0.0,5256.0,5262.0,0.6737764776763064,0.9888550545408422,0.6959225012683917,0.5525795598680873,0.6958416412988331,0.6735842846270929,0.5525115423642821
1752,0.0,5259.0,5265.0,0.6737764776763064,0.9888550545408422,0.6959225012683917,0.5525726154236428,0.6958416412988331,0.6735841894977169,0.5525045979198376
1753,0.0,5262.0,5268.0,0.6737764776763064,0.9888550545408422,0.6959225012683917,0.5525656709791984,0.6958416412988331,0.673584094368341,0.5524976534753931
1754,0.0,5265.0,5271.0,0.6737764776763064,0.9888550545408422,0.6959225012683917,0.5525586948249619,0.6958416412988331,0.673583999238965,0.5524906773211568
1755,0.0,5268.0,5274.0,0.6737764776763064,0.9888550545408422,0.6959225012683917,0.5525515601217657,0.6958416412988331,0.673583904109589,0.5524835426179604
1756,0.0,5271.0,5277.0,0.6737764776763064,0.9888550545408422,0.6959225012683917,0.5525444254185693,0.6958416412988331,0.6735838089802131,0.552476407914764
1757,0.0,5274.0,5280.0,0.6737764776763064,0.9888550545408422,0.6959225012683917,0.5525373541349569,0.6958416412988331,0.6735837138508372,0.5524693366311517
1758,0.0,5277.0,5283.0,0.6737764776763064,0.9888550545408422,0.6959225012683917,0.5525303145611364,0.6958416412988331,0.6735836187214612,0.5524622970573313
1759,0.0,5280.0,5286.0,0.6737764776763064,0.9888550545408422,0.6959225012683917,0.5525232749873161,0.6958416412988331,0.6735835235920853,0.5524552574835109
1760,0.0,5283.0,5289.0,0.6737764776763064,0.9888550545408422,0.6959225012683917,0.5525162354134957,0.6958416412988331,0.6735834284627092,0.5524482179096906
1761,0.0,5286.0,5292.0,0.6737764776763064,0.9888550545408422,0.6959225012683917,0.5525091958396753,0.6958416412988331,0.6735833333333333,0.5524411783358701
1762,0.0,5289.0,5295.0,0.6737764776763064,0.9888550545408422,0.6959225012683917,0.5525021879756469,0.6958416412988331,0.6735832382039574,0.5524341704718417
1763,0.0,5292.0,5298.0,0.6737764776763064,0.9888550545408422,0.6959225012683917,0.5524952435312024,0.6958416412988331,0.6735831430745814,0.5524272260273972
1764,0.0,5295.0,5301.0,0.6737764776763064,0.9888550545408422,0.6959225012683917,0.5524883625063419,0.6958416412988331,0.6735830479452055,0.5524203450025368
1765,0.0,5298.0,5304.0,0.6737764776763064,0.9888550545408422,0.6959225012683917,0.5524815131912735,0.6958416412988331,0.6735829528158296,0.5524134956874683
1766,0.0,5301.0,5307.0,0.6737764776763064,0.9888550545408422,0.6959225012683917,0.5524746638762049,0.6958416412988331,0.6735828576864535,0.5524066463723998
1767,0.0,5304.0,5310.0,0.6737764776763064,0.9888550545408422,0.6959225012683917,0.5524678145611365,0.6958416412988331,0.6735827625570776,0.5523997970573313
1768,0.0,5307.0,5313.0,0.6737764776763064,0.9888550545408422,0.6959225012683917,0.552460965246068,0.6958416412988331,0.6735826674277017,0.5523929477422628
1769,0.0,5310.0,5316.0,0.6737764776763064,0.9888550545408422,0.6959225012683917,0.5524541159309995,0.6958416412988331,0.6735825722983257,0.5523860984271943
1770,0.0,5313.0,5319.0,0.6737764776763064,0.9888550545408422,0.6959225012683917,0.552447266615931,0.6958416412988331,0.6735824771689498,0.5523792491121258
1771,0.0,5316.0,5322.0,0.6737764776763064,0.9888550545408422,0.6959225012683917,0.5524404173008625,0.6958416412988331,0.6735823820395738,0.5523723997970573
1772,0.0,5319.0,5325.0,0.6737764776763064,0.9888550545408422,0.6959225012683917,0.552433567985794,0.6958416412988331,0.6735822869101978,0.5523655504819889
1773,0.0,5322.0,5328.0,0.6737764776763064,0.9888550545408422,0.6959225012683917,0.5524267820903095,0.6958416412988331,0.6735821917808219,0.5523587645865043
1774,0.0,5325.0,5331.0,0.6737764776763064,0.9888550545408422,0.6959225012683917,0.552420027904617,0.6958416412988331,0.673582096651446,0.5523520104008117
1775,0.0,5328.0,5334.0,0.6737764776763064,0.9888550545408422,0.6959225012683917,0.5524132737189245,0.6958416412988331,0.67358200152207,0.5523452562151192
1776,0.0,5331.0,5337.0,0.6737764776763064,0.9888550545408422,0.6959225012683917,0.5524065195332318,0.6958416412988331,0.6735819063926941,0.5523385020294267
1777,0.0,5334.0,5340.0,0.6737764776763064,0.9888550545408422,0.6959225012683917,0.5523997653475393,0.6958416412988331,0.6735818112633181,0.5523317478437342
1778,0.0,5337.0,5343.0,0.6737764776763064,0.9888550545408422,0.6959225012683917,0.5523930111618468,0.6958416412988331,0.6735817161339421,0.5523249936580416
1779,0.0,5340.0,5346.0,0.6737764776763064,0.9888550545408422,0.6959225012683917,0.5523862569761543,0.6958416412988331,0.6735816210045662,0.552318239472349
1780,0.0,5343.0,5349.0,0.6737764776763064,0.9888550545408422,0.6959225012683917,0.5523795027904617,0.6958416412988331,0.6735815258751903,0.5523114852866565
1781,0.0,5346.0,5352.0,0.6737764776763064,0.9888550545408422,0.6959225012683917,0.5523727486047691,0.6958416412988331,0.6735814307458143,0.552304731100964
1782,0.0,5349.0,5355.0,0.6737764776763064,0.9888550545408422,0.6959225012683917,0.5523659944190766,0.6958416412988331,0.6735813356164384,0.5522979769152714
1783,0.0,5352.0,5358.0,0.6737764776763064,0.9888550545408422,0.6959225012683917,0.5523592402333841,0.6958416412988331,0.6735812404870624,0.5522912227295789
1784,0.0,5355.0,5361.0,0.6737764776763064,0.9888550545408422,0.6959225012683917,0.5523524860476915,0.6958416412988331,0.6735811453576864,0.5522844685438864
1785,0.0,5358.0,5364.0,0.6737764776763064,0.9888550545408422,0.6959225012683917,0.5523456684424151,0.6958416412988331,0.6735810502283105,0.5522776509386098
1786,0.0,5361.0,5367.0,0.6737764776763064,0.9888550545408422,0.6959225012683917,0.5523388508371385,0.6958416412988331,0.6735809550989346,0.5522708333333334
1787,0.0,5364.0,5370.0,0.6737764776763064,0.9888550545408422,0.6959225012683917,0.552332096651446,0.6958416412988331,0.6735808599695586,0.5522640791476408
1788,0.0,5367.0,5373.0,0.6737764776763064,0.9888550545408422,0.6959225012683917,0.5523252473363774,0.6958416412988331,0.6735807648401827,0.5522572298325723
1789,0.0,5370.0,5376.0,0.6737764776763064,0.9888550545408422,0.6959225012683917,0.5523183028919331,0.6958416412988331,0.6735806697108067,0.5522502853881278
1790,0.0,5373.0,5379.0,0.6737764776763064,0.9888550545408422,0.6959225012683917,0.5523113584474886,0.6958416412988331,0.6735805745814307,0.5522433409436834
1791,0.0,5376.0,5382.0,0.6737764776763064,0.9888550545408422,0.6959225012683917,0.5523044774226281,0.6958416412988331,0.6735804794520548,0.552236459918823
1792,0.0,5379.0,5385.0,0.6737764776763064,0.9888550545408422,0.6959225012683917,0.5522977232369356,0.6958416412988331,0.6735803843226789,0.5522297057331303
1793,0.0,5382.0,5388.0,0.6737764776763064,0.9888550545408422,0.6959225012683917,0.5522908105022831,0.6958416412988331,0.6735802891933029,0.552222792998478
1794,0.0,5385.0,5391.0,0.6737764776763064,0.9888550545408422,0.6959225012683917,0.5522837709284627,0.6958416412988331,0.673580194063927,0.5522157534246576
1795,0.0,5388.0,5394.0,0.6737764776763064,0.9888550545408422,0.6959225012683917,0.5522767313546423,0.6958416412988331,0.673580098934551,0.5522087138508371
1796,0.0,5391.0,5397.0,0.6737764776763064,0.9888550545408422,0.6959225012683917,0.5522697234906139,0.6958416412988331,0.673580003805175,0.5522017059868087
1797,0.0,5394.0,5400.0,0.6737764776763064,0.9888550545408422,0.6959225012683917,0.5522626839167935,0.6958416412988331,0.6735799086757991,0.5521946664129883
1798,0.0,5397.0,5403.0,0.6737764776763064,0.9888550545408422,0.6959225012683917,0.5522556443429731,0.6958416412988331,0.6735798135464232,0.5521876268391679
1799,0.0,5400.0,5406.0,0.6737764776763064,0.9888550545408422,0.6959225012683917,0.5522485096397768,0.6958416412988331,0.6735797184170472,0.5521804921359715
1800,0.0,5403.0,5409.0,0.6737764776763064,0.9888550545408422,0.6959225012683917,0.5522413115169964,0.6958416412988331,0.6735796232876712,0.5521732940131913
1801,0.0,5406.0,5412.0,0.6737764776763064,0.9888550545408422,0.6959225012683917,0.5522339865550482,0.6958416412988331,0.6735795281582952,0.552165969051243
1802,0.0,5409.0,5415.0,0.6737764776763064,0.9888550545408422,0.6959225012683917,0.5522266615931,0.6958416412988331,0.6735794330289193,0.5521586440892948
1803,0.0,5412.0,5418.0,0.6737764776763064,0.9888550545408422,0.6959225012683917,0.5522193366311517,0.6958416412988331,0.6735793378995434,0.5521513191273465
1804,0.0,5415.0,5421.0,0.6737764776763064,0.9888550545408422,0.6959225012683917,0.5522120116692034,0.6958416412988331,0.6735792427701675,0.5521439941653983
1805,0.0,5418.0,5424.0,0.6737764776763064,0.9888550545408422,0.6959225012683917,0.5522046867072552,0.6958416412988331,0.6735791476407915,0.5521366692034501
1806,0.0,5421.0,5427.0,0.6737764776763064,0.9888550545408422,0.6959225012683917,0.552197361745307,0.6958416412988331,0.6735790525114155,0.5521293442415017
1807,0.0,5424.0,5430.0,0.6737764776763064,0.9888550545408422,0.6959225012683917,0.5521900367833587,0.6958416412988331,0.6735789573820395,0.5521220192795535
1808,0.0,5427.0,5433.0,0.6737764776763064,0.9888550545408422,0.6959225012683917,0.5521827118214104,0.6958416412988331,0.6735788622526636,0.5521146943176053
1809,0.0,5430.0,5436.0,0.6737764776763064,0.9888550545408422,0.6959225012683917,0.5521753868594622,0.6958416412988331,0.6735787671232877,0.5521073693556571
1810,0.0,5433.0,5439.0,0.6737764776763064,0.9888550545408422,0.6959225012683917,0.552168061897514,0.6958416412988331,0.6735786719939117,0.5521000443937087
1811,0.0,5436.0,5442.0,0.6737764776763064,0.9888550545408422,0.6959225012683917,0.5521608003551497,0.6958416412988331,0.6735785768645358,0.5520927828513444
1812,0.0,5439.0,5445.0,0.6737764776763064,0.9888550545408422,0.6959225012683917,0.5521535388127854,0.6958416412988331,0.6735784817351598,0.5520855213089803
1813,0.0,5442.0,5448.0,0.6737764776763064,0.9888550545408422,0.6959225012683917,0.5521462455606291,0.6958416412988331,0.6735783866057838,0.5520782280568239
1814,0.0,5445.0,5451.0,0.6737764776763064,0.9888550545408422,0.6959225012683917,0.5521390157280568,0.6958416412988331,0.6735782914764079,0.5520709982242517
1815,0.0,5448.0,5454.0,0.6737764776763064,0.9888550545408422,0.6959225012683917,0.5521317858954845,0.6958416412988331,0.673578196347032,0.5520637683916794
1816,0.0,5451.0,5457.0,0.6737764776763064,0.9888550545408422,0.6959225012683917,0.5521245560629122,0.6958416412988331,0.673578101217656,0.5520565385591071
1817,0.0,5454.0,5460.0,0.6737764776763064,0.9888550545408422,0.6959225012683917,0.5521173262303399,0.6958416412988331,0.6735780060882801,0.5520493087265348
1818,0.0,5457.0,5463.0,0.6737764776763064,0.9888550545408422,0.6959225012683917,0.5521100963977676,0.6958416412988331,0.6735779109589041,0.5520420788939625
1819,0.0,5460.0,5466.0,0.6737764776763064,0.9888550545408422,0.6959225012683917,0.5521028665651954,0.6958416412988331,0.6735778158295281,0.5520348490613901
1820,0.0,5463.0,5469.0,0.6737764776763064,0.9888550545408422,0.6959225012683917,0.5520956367326231,0.6958416412988331,0.6735777207001522,0.5520276192288178
1821,0.0,5466.0,5472.0,0.6737764776763064,0.9888550545408422,0.6959225012683917,0.5520884069000508,0.6958416412988331,0.6735776255707763,0.5520203893962455
1822,0.0,5469.0,5475.0,0.6737764776763064,0.9888550545408422,0.6959225012683917,0.5520811770674784,0.6958416412988331,0.6735775304414003,0.5520131595636733
1823,0.0,5472.0,5478.0,0.6737764776763064,0.9888550545408422,0.6959225012683917,0.5520739472349061,0.6958416412988331,0.6735774353120244,0.552005929731101
1824,0.0,5475.0,5481.0,0.6737764776763064,0.9888550545408422,0.6959225012683917,0.5520667174023338,0.6958416412988331,0.6735773401826484,0.5519986998985287
1825,0.0,5478.0,5484.0,0.6737764776763064,0.9888550545408422,0.6959225012683917,0.5520594875697615,0.6958416412988331,0.6735772450532724,0.5519914700659564
1826,0.0,5481.0,5487.0,0.6737764776763064,0.9888550545408422,0.6959225012683917,0.5520522260273972,0.6958416412988331,0.6735771499238965,0.5519842085235921
1827,0.0,5484.0,5490.0,0.6737764776763064,0.9888550545408422,0.6959225012683917,0.552044901065449,0.6958416412988331,0.6735770547945206,0.5519768835616439
1828,0.0,5487.0,5493.0,0.6737764776763064,0.9888550545408422,0.6959225012683917,0.5520376078132927,0.6958416412988331,0.6735769596651446,0.5519695903094876
1829,0.0,5490.0,5496.0,0.6737764776763064,0.9888550545408422,0.6959225012683917,0.5520303779807204,0.6958416412988331,0.6735768645357686,0.5519623604769153
1830,0.0,5493.0,5499.0,0.6737764776763064,0.9888550545408422,0.6959225012683917,0.5520231481481481,0.6958416412988331,0.6735767694063927,0.551955130644343
1831,0.0,5496.0,5502.0,0.6737764776763064,0.9888550545408422,0.6959225012683917,0.5520159183155758,0.6958416412988331,0.6735766742770167,0.5519479008117707
1832,0.0,5499.0,5505.0,0.6737764776763064,0.9888550545408422,0.6959225012683917,0.5520086884830036,0.6958416412988331,0.6735765791476408,0.5519406709791984
1833,0.0,5502.0,5508.0,0.6737764776763064,0.9888550545408422,0.6959225012683917,0.5520014586504313,0.6958416412988331,0.6735764840182649,0.5519334411466261
1834,0.0,5505.0,5511.0,0.6737764776763064,0.9888550545408422,0.6959225012683917,0.551994228817859,0.6958416412988331,0.6735763888888889,0.5519262113140537
1835,0.0,5508.0,5514.0,0.6737764776763064,0.9888550545408422,0.6959225012683917,0.5519869672754947,0.6958416412988331,0.6735762937595129,0.5519189497716895
1836,0.0,5511.0,5517.0,0.6737764776763064,0.9888550545408422,0.6959225012683917,0.5519796423135465,0.6958416412988331,0.673576198630137,0.5519116248097412
1837,0.0,5514.0,5520.0,0.6737764776763064,0.9888550545408422,0.6959225012683917,0.5519724759005581,0.6958416412988331,0.673576103500761,0.551904458396753
1838,0.0,5517.0,5523.0,0.6737764776763064,0.9888550545408422,0.6959225012683917,0.5519653411973617,0.6958416412988331,0.6735760083713851,0.5518973236935566
1839,0.0,5520.0,5526.0,0.6737764776763064,0.9888550545408422,0.6959225012683917,0.5519582064941654,0.6958416412988331,0.6735759132420092,0.5518901889903602
1840,0.0,5523.0,5529.0,0.6737764776763064,0.9888550545408422,0.6959225012683917,0.551951071790969,0.6958416412988331,0.6735758181126332,0.5518830542871639
1841,0.0,5526.0,5532.0,0.6737764776763064,0.9888550545408422,0.6959225012683917,0.5519439053779808,0.6958416412988331,0.6735757229832572,0.5518758878741755
1842,0.0,5529.0,5535.0,0.6737764776763064,0.9888550545408422,0.6959225012683917,0.5519366755454084,0.6958416412988331,0.6735756278538813,0.5518686580416032
1843,0.0,5532.0,5538.0,0.6737764776763064,0.9888550545408422,0.6959225012683917,0.5519294457128361,0.6958416412988331,0.6735755327245053,0.551861428209031
1844,0.0,5535.0,5541.0,0.6737764776763064,0.9888550545408422,0.6959225012683917,0.5519222158802638,0.6958416412988331,0.6735754375951294,0.5518541983764587
1845,0.0,5538.0,5544.0,0.6737764776763064,0.9888550545408422,0.6959225012683917,0.5519149860476915,0.6958416412988331,0.6735753424657535,0.5518469685438864
1846,0.0,5541.0,5547.0,0.6737764776763064,0.9888550545408422,0.6959225012683917,0.5519077562151192,0.6958416412988331,0.6735752473363775,0.5518397387113141
1847,0.0,5544.0,5550.0,0.6737764776763064,0.9888550545408422,0.6959225012683917,0.5519005263825469,0.6958416412988331,0.6735751522070015,0.5518325088787418
1848,0.0,5547.0,5553.0,0.6737764776763064,0.9888550545408422,0.6959225012683917,0.5518932965499747,0.6958416412988331,0.6735750570776255,0.5518252790461694
1849,0.0,5550.0,5556.0,0.6737764776763064,0.9888550545408422,0.6959225012683917,0.5518860667174024,0.6958416412988331,0.6735749619482496,0.5518180492135971
1850,0.0,5553.0,5559.0,0.6737764776763064,0.9888550545408422,0.6959225012683917,0.5518788368848301,0.6958416412988331,0.6735748668188737,0.5518108193810248
1851,0.0,5556.0,5562.0,0.6737764776763064,0.9888550545408422,0.6959225012683917,0.5518716070522577,0.6958416412988331,0.6735747716894978,0.5518035895484525
1852,0.0,5559.0,5565.0,0.6737764776763064,0.9888550545408422,0.6959225012683917,0.5518644089294774,0.6958416412988331,0.6735746765601218,0.5517963914256723
1853,0.0,5562.0,5568.0,0.6737764776763064,0.9888550545408422,0.6959225012683917,0.5518572742262811,0.6958416412988331,0.6735745814307458,0.5517892567224759
1854,0.0,5565.0,5571.0,0.6737764776763064,0.9888550545408422,0.6959225012683917,0.5518501395230847,0.6958416412988331,0.6735744863013698,0.5517821220192796
1855,0.0,5568.0,5574.0,0.6737764776763064,0.9888550545408422,0.6959225012683917,0.5518430048198883,0.6958416412988331,0.6735743911719939,0.5517749873160832
1856,0.0,5571.0,5577.0,0.6737764776763064,0.9888550545408422,0.6959225012683917,0.5518358384069001,0.6958416412988331,0.673574296042618,0.5517678209030948
1857,0.0,5574.0,5580.0,0.6737764776763064,0.9888550545408422,0.6959225012683917,0.5518286085743278,0.6958416412988331,0.673574200913242,0.5517605910705226
1858,0.0,5577.0,5583.0,0.6737764776763064,0.9888550545408422,0.6959225012683917,0.5518212836123795,0.6958416412988331,0.673574105783866,0.5517532661085743
1859,0.0,5580.0,5586.0,0.6737764776763064,0.9888550545408422,0.6959225012683917,0.5518139586504313,0.6958416412988331,0.6735740106544901,0.5517459411466261
1860,0.0,5583.0,5589.0,0.6737764776763064,0.9888550545408422,0.6959225012683917,0.551806633688483,0.6958416412988331,0.6735739155251141,0.5517386161846778
1861,0.0,5586.0,5592.0,0.6737764776763064,0.9888550545408422,0.6959225012683917,0.5517993087265347,0.6958416412988331,0.6735738203957382,0.5517312912227296
1862,0.0,5589.0,5595.0,0.6737764776763064,0.9888550545408422,0.6959225012683917,0.5517919837645865,0.6958416412988331,0.6735737252663623,0.5517239662607814
1863,0.0,5592.0,5598.0,0.6737764776763064,0.9888550545408422,0.6959225012683917,0.5517846905124303,0.6958416412988331,0.6735736301369863,0.551716673008625
1864,0.0,5595.0,5601.0,0.6737764776763064,0.9888550545408422,0.6959225012683917,0.551777397260274,0.6958416412988331,0.6735735350076103,0.5517093797564688
1865,0.0,5598.0,5604.0,0.6737764776763064,0.9888550545408422,0.6959225012683917,0.5517700722983258,0.6958416412988331,0.6735734398782344,0.5517020547945205
1866,0.0,5601.0,5607.0,0.6737764776763064,0.9888550545408422,0.6959225012683917,0.5517626839167935,0.6958416412988331,0.6735733447488584,0.5516946664129884
1867,0.0,5604.0,5610.0,0.6737764776763064,0.9888550545408422,0.6959225012683917,0.5517552638254694,0.6958416412988331,0.6735732496194825,0.5516872463216641
1868,0.0,5607.0,5613.0,0.6737764776763064,0.9888550545408422,0.6959225012683917,0.5517479071537291,0.6958416412988331,0.6735731544901066,0.5516798896499239
1869,0.0,5610.0,5616.0,0.6737764776763064,0.9888550545408422,0.6959225012683917,0.5517405821917808,0.6958416412988331,0.6735730593607306,0.5516725646879757
1870,0.0,5613.0,5619.0,0.6737764776763064,0.9888550545408422,0.6959225012683917,0.5517332572298326,0.6958416412988331,0.6735729642313546,0.5516652397260274
1871,0.0,5616.0,5622.0,0.6737764776763064,0.9888550545408422,0.6959225012683917,0.5517259322678844,0.6958416412988331,0.6735728691019787,0.5516579147640791
1872,0.0,5619.0,5625.0,0.6737764776763064,0.9888550545408422,0.6959225012683917,0.551718607305936,0.6958416412988331,0.6735727739726027,0.5516505898021309
1873,0.0,5622.0,5628.0,0.6737764776763064,0.9888550545408422,0.6959225012683917,0.5517112823439878,0.6958416412988331,0.6735726788432268,0.5516432648401827
1874,0.0,5625.0,5631.0,0.6737764776763064,0.9888550545408422,0.6959225012683917,0.5517038939624556,0.6958416412988331,0.6735725837138509,0.5516358764586504
1875,0.0,5628.0,5634.0,0.6737764776763064,0.9888550545408422,0.6959225012683917,0.5516964104515475,0.6958416412988331,0.6735724885844749,0.5516283929477422
1876,0.0,5631.0,5637.0,0.6737764776763064,0.9888550545408422,0.6959225012683917,0.5516888952308473,0.6958416412988331,0.6735723934550989,0.5516208777270422
1877,0.0,5634.0,5640.0,0.6737764776763064,0.9888550545408422,0.6959225012683917,0.5516813800101471,0.6958416412988331,0.673572298325723,0.551613362506342
1878,0.0,5637.0,5643.0,0.6737764776763064,0.9888550545408422,0.6959225012683917,0.551673864789447,0.6958416412988331,0.673572203196347,0.5516058472856418
1879,0.0,5640.0,5646.0,0.6737764776763064,0.9888550545408422,0.6959225012683917,0.5516663495687468,0.6958416412988331,0.6735721080669711,0.5515983320649417
1880,0.0,5643.0,5649.0,0.6737764776763064,0.9888550545408422,0.6959225012683917,0.5516589294774227,0.6958416412988331,0.6735720129375952,0.5515909119736174
1881,0.0,5646.0,5652.0,0.6737764776763064,0.9888550545408422,0.6959225012683917,0.5516515093860984,0.6958416412988331,0.6735719178082191,0.5515834918822933
1882,0.0,5649.0,5655.0,0.6737764776763064,0.9888550545408422,0.6959225012683917,0.5516440892947743,0.6958416412988331,0.6735718226788432,0.551576071790969
1883,0.0,5652.0,5658.0,0.6737764776763064,0.9888550545408422,0.6959225012683917,0.55163666920345,0.6958416412988331,0.6735717275494673,0.5515686516996449
1884,0.0,5655.0,5661.0,0.6737764776763064,0.9888550545408422,0.6959225012683917,0.5516292491121259,0.6958416412988331,0.6735716324200913,0.5515612316083206
1885,0.0,5658.0,5664.0,0.6737764776763064,0.9888550545408422,0.6959225012683917,0.5516218290208016,0.6958416412988331,0.6735715372907154,0.5515538115169965
1886,0.0,5661.0,5667.0,0.6737764776763064,0.9888550545408422,0.6959225012683917,0.5516144089294774,0.6958416412988331,0.6735714421613395,0.5515463914256723
1887,0.0,5664.0,5670.0,0.6737764776763064,0.9888550545408422,0.6959225012683917,0.5516070205479452,0.6958416412988331,0.6735713470319634,0.55153900304414
1888,0.0,5667.0,5673.0,0.6737764776763064,0.9888550545408422,0.6959225012683917,0.551599695585997,0.6958416412988331,0.6735712519025875,0.5515316780821918
1889,0.0,5670.0,5676.0,0.6737764776763064,0.9888550545408422,0.6959225012683917,0.5515922754946727,0.6958416412988331,0.6735711567732116,0.5515242579908676
1890,0.0,5673.0,5679.0,0.6737764776763064,0.9888550545408422,0.6959225012683917,0.5515848554033486,0.6958416412988331,0.6735710616438356,0.5515168378995434
1891,0.0,5676.0,5682.0,0.6737764776763064,0.9888550545408422,0.6959225012683917,0.5515774353120243,0.6958416412988331,0.6735709665144597,0.5515094178082192
1892,0.0,5679.0,5685.0,0.6737764776763064,0.9888550545408422,0.6959225012683917,0.5515700152207001,0.6958416412988331,0.6735708713850838,0.551501997716895
1893,0.0,5682.0,5688.0,0.6737764776763064,0.9888550545408422,0.6959225012683917,0.551562595129376,0.6958416412988331,0.6735707762557077,0.5514945776255707
1894,0.0,5685.0,5691.0,0.6737764776763064,0.9888550545408422,0.6959225012683917,0.5515551750380517,0.6958416412988331,0.6735706811263318,0.5514871575342466
1895,0.0,5688.0,5694.0,0.6737764776763064,0.9888550545408422,0.6959225012683917,0.5515477549467276,0.6958416412988331,0.6735705859969559,0.5514797374429223
1896,0.0,5691.0,5697.0,0.6737764776763064,0.9888550545408422,0.6959225012683917,0.5515403982749874,0.6958416412988331,0.6735704908675799,0.5514723807711821
1897,0.0,5694.0,5700.0,0.6737764776763064,0.9888550545408422,0.6959225012683917,0.551533073313039,0.6958416412988331,0.673570395738204,0.5514650558092339
1898,0.0,5697.0,5703.0,0.6737764776763064,0.9888550545408422,0.6959225012683917,0.5515258117706748,0.6958416412988331,0.673570300608828,0.5514577942668696
1899,0.0,5700.0,5706.0,0.6737764776763064,0.9888550545408422,0.6959225012683917,0.5515185819381024,0.6958416412988331,0.673570205479452,0.5514505644342973
1900,0.0,5703.0,5709.0,0.6737764776763064,0.9888550545408422,0.6959225012683917,0.5515112569761542,0.6958416412988331,0.6735701103500761,0.5514432394723491
1901,0.0,5706.0,5712.0,0.6737764776763064,0.9888550545408422,0.6959225012683917,0.5515039954337899,0.6958416412988331,0.6735700152207001,0.5514359779299848
1902,0.0,5709.0,5715.0,0.6737764776763064,0.9888550545408422,0.6959225012683917,0.5514968290208017,0.6958416412988331,0.6735699200913242,0.5514288115169964
1903,0.0,5712.0,5718.0,0.6737764776763064,0.9888550545408422,0.6959225012683917,0.5514896943176053,0.6958416412988331,0.6735698249619483,0.5514216768138
1904,0.0,5715.0,5721.0,0.6737764776763064,0.9888550545408422,0.6959225012683917,0.551482559614409,0.6958416412988331,0.6735697298325724,0.5514145421106037
1905,0.0,5718.0,5724.0,0.6737764776763064,0.9888550545408422,0.6959225012683917,0.5514754249112126,0.6958416412988331,0.6735696347031963,0.5514074074074075
1906,0.0,5721.0,5727.0,0.6737764776763064,0.9888550545408422,0.6959225012683917,0.5514682902080162,0.6958416412988331,0.6735695395738204,0.5514002727042111
1907,0.0,5724.0,5730.0,0.6737764776763064,0.9888550545408422,0.6959225012683917,0.5514611555048199,0.6958416412988331,0.6735694444444444,0.5513931380010147
1908,0.0,5727.0,5733.0,0.6737764776763064,0.9888550545408422,0.6959225012683917,0.5514540208016235,0.6958416412988331,0.6735693493150685,0.5513860032978184
1909,0.0,5730.0,5736.0,0.6737764776763064,0.9888550545408422,0.6959225012683917,0.5514471080669711,0.6958416412988331,0.6735692541856926,0.5513790905631659
1910,0.0,5733.0,5739.0,0.6737764776763064,0.9888550545408422,0.6959225012683917,0.5514402587519026,0.6958416412988331,0.6735691590563165,0.5513722412480974
1911,0.0,5736.0,5742.0,0.6737764776763064,0.9888550545408422,0.6959225012683917,0.551433409436834,0.6958416412988331,0.6735690639269406,0.5513653919330289
1912,0.0,5739.0,5745.0,0.6737764776763064,0.9888550545408422,0.6959225012683917,0.5514264967021816,0.6958416412988331,0.6735689687975647,0.5513584791983764
1913,0.0,5742.0,5748.0,0.6737764776763064,0.9888550545408422,0.6959225012683917,0.5514195522577372,0.6958416412988331,0.6735688736681887,0.5513515347539321
1914,0.0,5745.0,5751.0,0.6737764776763064,0.9888550545408422,0.6959225012683917,0.5514124175545408,0.6958416412988331,0.6735687785388128,0.5513444000507357
1915,0.0,5748.0,5754.0,0.6737764776763064,0.9888550545408422,0.6959225012683917,0.5514052828513445,0.6958416412988331,0.6735686834094369,0.5513372653475394
1916,0.0,5751.0,5757.0,0.6737764776763064,0.9888550545408422,0.6959225012683917,0.5513981481481481,0.6958416412988331,0.6735685882800608,0.551330130644343
1917,0.0,5754.0,5760.0,0.6737764776763064,0.9888550545408422,0.6959225012683917,0.5513910134449518,0.6958416412988331,0.6735684931506849,0.5513229959411466
1918,0.0,5757.0,5763.0,0.6737764776763064,0.9888550545408422,0.6959225012683917,0.5513838787417554,0.6958416412988331,0.673568398021309,0.5513158612379503
1919,0.0,5760.0,5766.0,0.6737764776763064,0.9888550545408422,0.6959225012683917,0.5513767440385591,0.6958416412988331,0.673568302891933,0.5513087265347539
1920,0.0,5763.0,5769.0,0.6737764776763064,0.9888550545408422,0.6959225012683917,0.5513696093353627,0.6958416412988331,0.6735682077625571,0.5513015918315576
1921,0.0,5766.0,5772.0,0.6737764776763064,0.9888550545408422,0.6959225012683917,0.5513624746321664,0.6958416412988331,0.6735681126331812,0.5512944571283612
1922,0.0,5769.0,5775.0,0.6737764776763064,0.9888550545408422,0.6959225012683917,0.55135533992897,0.6958416412988331,0.6735680175038051,0.5512873224251649
1923,0.0,5772.0,5778.0,0.6737764776763064,0.9888550545408422,0.6959225012683917,0.5513482052257738,0.6958416412988331,0.6735679223744292,0.5512801877219685
1924,0.0,5775.0,5781.0,0.6737764776763064,0.9888550545408422,0.6959225012683917,0.5513410705225774,0.6958416412988331,0.6735678272450533,0.5512730530187722
1925,0.0,5778.0,5784.0,0.6737764776763064,0.9888550545408422,0.6959225012683917,0.5513339358193811,0.6958416412988331,0.6735677321156773,0.5512659183155758
1926,0.0,5781.0,5787.0,0.6737764776763064,0.9888550545408422,0.6959225012683917,0.5513267694063927,0.6958416412988331,0.6735676369863014,0.5512587519025876
1927,0.0,5784.0,5790.0,0.6737764776763064,0.9888550545408422,0.6959225012683917,0.5513195395738204,0.6958416412988331,0.6735675418569255,0.5512515220700153
1928,0.0,5787.0,5793.0,0.6737764776763064,0.9888550545408422,0.6959225012683917,0.551312373160832,0.6958416412988331,0.6735674467275494,0.5512443556570269
1929,0.0,5790.0,5796.0,0.6737764776763064,0.9888550545408422,0.6959225012683917,0.5513052384576357,0.6958416412988331,0.6735673515981735,0.5512372209538305
1930,0.0,5793.0,5799.0,0.6737764776763064,0.9888550545408422,0.6959225012683917,0.5512981988838154,0.6958416412988331,0.6735672564687976,0.5512301813800101
1931,0.0,5796.0,5802.0,0.6737764776763064,0.9888550545408422,0.6959225012683917,0.5512912861491629,0.6958416412988331,0.6735671613394216,0.5512232686453576
1932,0.0,5799.0,5805.0,0.6737764776763064,0.9888550545408422,0.6959225012683917,0.5512844368340943,0.6958416412988331,0.6735670662100457,0.5512164193302892
1933,0.0,5802.0,5808.0,0.6737764776763064,0.9888550545408422,0.6959225012683917,0.5512775875190259,0.6958416412988331,0.6735669710806698,0.5512095700152208
1934,0.0,5805.0,5811.0,0.6737764776763064,0.9888550545408422,0.6959225012683917,0.5512708016235414,0.6958416412988331,0.6735668759512937,0.5512027841197362
1935,0.0,5808.0,5814.0,0.6737764776763064,0.9888550545408422,0.6959225012683917,0.5512640474378488,0.6958416412988331,0.6735667808219178,0.5511960299340436
1936,0.0,5811.0,5817.0,0.6737764776763064,0.9888550545408422,0.6959225012683917,0.5512572932521562,0.6958416412988331,0.6735666856925419,0.5511892757483511
1937,0.0,5814.0,5820.0,0.6737764776763064,0.9888550545408422,0.6959225012683917,0.5512504756468798,0.6958416412988331,0.6735665905631659,0.5511824581430745
1938,0.0,5817.0,5823.0,0.6737764776763064,0.9888550545408422,0.6959225012683917,0.5512436263318112,0.6958416412988331,0.67356649543379,0.5511756088280061
1939,0.0,5820.0,5826.0,0.6737764776763064,0.9888550545408422,0.6959225012683917,0.5512367770167428,0.6958416412988331,0.673566400304414,0.5511687595129376
1940,0.0,5823.0,5829.0,0.6737764776763064,0.9888550545408422,0.6959225012683917,0.5512297691527144,0.6958416412988331,0.673566305175038,0.5511617516489092
1941,0.0,5826.0,5832.0,0.6737764776763064,0.9888550545408422,0.6959225012683917,0.551222729578894,0.6958416412988331,0.6735662100456621,0.5511547120750888
1942,0.0,5829.0,5835.0,0.6737764776763064,0.9888550545408422,0.6959225012683917,0.5512156900050735,0.6958416412988331,0.6735661149162862,0.5511476725012684
1943,0.0,5832.0,5838.0,0.6737764776763064,0.9888550545408422,0.6959225012683917,0.5512086504312532,0.6958416412988331,0.6735660197869102,0.551140632927448
1944,0.0,5835.0,5841.0,0.6737764776763064,0.9888550545408422,0.6959225012683917,0.5512016108574328,0.6958416412988331,0.6735659246575343,0.5511335933536275
1945,0.0,5838.0,5844.0,0.6737764776763064,0.9888550545408422,0.6959225012683917,0.5511945712836124,0.6958416412988331,0.6735658295281582,0.5511265537798072
1946,0.0,5841.0,5847.0,0.6737764776763064,0.9888550545408422,0.6959225012683917,0.551187563419584,0.6958416412988331,0.6735657343987823,0.5511195459157788
1947,0.0,5844.0,5850.0,0.6737764776763064,0.9888550545408422,0.6959225012683917,0.5511806189751395,0.6958416412988331,0.6735656392694064,0.5511126014713343
1948,0.0,5847.0,5853.0,0.6737764776763064,0.9888550545408422,0.6959225012683917,0.5511736745306951,0.6958416412988331,0.6735655441400304,0.5511056570268899
1949,0.0,5850.0,5856.0,0.6737764776763064,0.9888550545408422,0.6959225012683917,0.5511667300862506,0.6958416412988331,0.6735654490106545,0.5510987125824455
1950,0.0,5853.0,5859.0,0.6737764776763064,0.9888550545408422,0.6959225012683917,0.5511598807711822,0.6958416412988331,0.6735653538812786,0.5510918632673769
1951,0.0,5856.0,5862.0,0.6737764776763064,0.9888550545408422,0.6959225012683917,0.5511529680365297,0.6958416412988331,0.6735652587519025,0.5510849505327245
1952,0.0,5859.0,5865.0,0.6737764776763064,0.9888550545408422,0.6959225012683917,0.5511460235920852,0.6958416412988331,0.6735651636225266,0.5510780060882801
1953,0.0,5862.0,5868.0,0.6737764776763064,0.9888550545408422,0.6959225012683917,0.5511390791476408,0.6958416412988331,0.6735650684931507,0.5510710616438356
1954,0.0,5865.0,5871.0,0.6737764776763064,0.9888550545408422,0.6959225012683917,0.5511321347031963,0.6958416412988331,0.6735649733637747,0.5510641171993912
1955,0.0,5868.0,5874.0,0.6737764776763064,0.9888550545408422,0.6959225012683917,0.551125190258752,0.6958416412988331,0.6735648782343988,0.5510571727549467
1956,0.0,5871.0,5877.0,0.6737764776763064,0.9888550545408422,0.6959225012683917,0.5511183409436834,0.6958416412988331,0.6735647831050229,0.5510503234398783
1957,0.0,5874.0,5880.0,0.6737764776763064,0.9888550545408422,0.6959225012683917,0.551111491628615,0.6958416412988331,0.6735646879756468,0.5510434741248097
1958,0.0,5877.0,5883.0,0.6737764776763064,0.9888550545408422,0.6959225012683917,0.5511046423135464,0.6958416412988331,0.6735645928462709,0.5510366248097412
1959,0.0,5880.0,5886.0,0.6737764776763064,0.9888550545408422,0.6959225012683917,0.5510977929984779,0.6958416412988331,0.673564497716895,0.5510297754946728
1960,0.0,5883.0,5889.0,0.6737764776763064,0.9888550545408422,0.6959225012683917,0.5510910071029934,0.6958416412988331,0.673564402587519,0.5510229895991883
1961,0.0,5886.0,5892.0,0.6737764776763064,0.9888550545408422,0.6959225012683917,0.5510843163368848,0.6958416412988331,0.6735643074581431,0.5510162988330797
1962,0.0,5889.0,5895.0,0.6737764776763064,0.9888550545408422,0.6959225012683917,0.5510776572805682,0.6958416412988331,0.6735642123287672,0.5510096397767631
1963,0.0,5892.0,5898.0,0.6737764776763064,0.9888550545408422,0.6959225012683917,0.5510710299340437,0.6958416412988331,0.6735641171993911,0.5510030124302384
1964,0.0,5895.0,5901.0,0.6737764776763064,0.9888550545408422,0.6959225012683917,0.551064466007103,0.6958416412988331,0.6735640220700152,0.5509964485032978
1965,0.0,5898.0,5904.0,0.6737764776763064,0.9888550545408422,0.6959225012683917,0.5510579020801624,0.6958416412988331,0.6735639269406393,0.5509898845763572
1966,0.0,5901.0,5907.0,0.6737764776763064,0.9888550545408422,0.6959225012683917,0.5510513064434297,0.6958416412988331,0.6735638318112633,0.5509832889396246
1967,0.0,5904.0,5910.0,0.6737764776763064,0.9888550545408422,0.6959225012683917,0.5510446473871131,0.6958416412988331,0.6735637366818874,0.550976629883308
1968,0.0,5907.0,5913.0,0.6737764776763064,0.9888550545408422,0.6959225012683917,0.5510379883307965,0.6958416412988331,0.6735636415525114,0.5509699708269914
1969,0.0,5910.0,5916.0,0.6737764776763064,0.9888550545408422,0.6959225012683917,0.5510312975646879,0.6958416412988331,0.6735635464231354,0.5509632800608828
1970,0.0,5913.0,5919.0,0.6737764776763064,0.9888550545408422,0.6959225012683917,0.5510246067985795,0.6958416412988331,0.6735634512937595,0.5509565892947742
1971,0.0,5916.0,5922.0,0.6737764776763064,0.9888550545408422,0.6959225012683917,0.5510178843226788,0.6958416412988331,0.6735633561643836,0.5509498668188737
1972,0.0,5919.0,5925.0,0.6737764776763064,0.9888550545408422,0.6959225012683917,0.5510112252663623,0.6958416412988331,0.6735632610350076,0.5509432077625571
1973,0.0,5922.0,5928.0,0.6737764776763064,0.9888550545408422,0.6959225012683917,0.5510046613394216,0.6958416412988331,0.6735631659056317,0.5509366438356165
1974,0.0,5925.0,5931.0,0.6737764776763064,0.9888550545408422,0.6959225012683917,0.5509981925418569,0.6958416412988331,0.6735630707762557,0.5509301750380518
1975,0.0,5928.0,5934.0,0.6737764776763064,0.9888550545408422,0.6959225012683917,0.5509917237442923,0.6958416412988331,0.6735629756468797,0.550923706240487
1976,0.0,5931.0,5937.0,0.6737764776763064,0.9888550545408422,0.6959225012683917,0.5509853183663115,0.6958416412988331,0.6735628805175038,0.5509173008625063
1977,0.0,5934.0,5940.0,0.6737764776763064,0.9888550545408422,0.6959225012683917,0.5509789446981228,0.6958416412988331,0.6735627853881279,0.5509109271943176
1978,0.0,5937.0,5943.0,0.6737764776763064,0.9888550545408422,0.6959225012683917,0.550972539320142,0.6958416412988331,0.6735626902587519,0.5509045218163369
1979,0.0,5940.0,5946.0,0.6737764776763064,0.9888550545408422,0.6959225012683917,0.5509661656519533,0.6958416412988331,0.673562595129376,0.5508981481481482
1980,0.0,5943.0,5949.0,0.6737764776763064,0.9888550545408422,0.6959225012683917,0.5509597919837645,0.6958416412988331,0.6735625,0.5508917744799594
1981,0.0,5946.0,5952.0,0.6737764776763064,0.9888550545408422,0.6959225012683917,0.5509533866057839,0.6958416412988331,0.673562404870624,0.5508853691019787
1982,0.0,5949.0,5955.0,0.6737764776763064,0.9888550545408422,0.6959225012683917,0.5509468226788432,0.6958416412988331,0.6735623097412481,0.5508788051750381
1983,0.0,5952.0,5958.0,0.6737764776763064,0.9888550545408422,0.6959225012683917,0.5509401636225266,0.6958416412988331,0.6735622146118722,0.5508721461187215
1984,0.0,5955.0,5961.0,0.6737764776763064,0.9888550545408422,0.6959225012683917,0.5509334094368341,0.6958416412988331,0.6735621194824962,0.550865391933029
1985,0.0,5958.0,5964.0,0.6737764776763064,0.9888550545408422,0.6959225012683917,0.5509265601217656,0.6958416412988331,0.6735620243531203,0.5508585426179604
1986,0.0,5961.0,5967.0,0.6737764776763064,0.9888550545408422,0.6959225012683917,0.5509197108066971,0.6958416412988331,0.6735619292237442,0.550851693302892
1987,0.0,5964.0,5970.0,0.6737764776763064,0.9888550545408422,0.6959225012683917,0.5509128614916287,0.6958416412988331,0.6735618340943683,0.5508448439878234
1988,0.0,5967.0,5973.0,0.6737764776763064,0.9888550545408422,0.6959225012683917,0.5509059804667681,0.6958416412988331,0.6735617389649924,0.550837962962963
1989,0.0,5970.0,5976.0,0.6737764776763064,0.9888550545408422,0.6959225012683917,0.5508990360223237,0.6958416412988331,0.6735616438356165,0.5508310185185186
1990,0.0,5973.0,5979.0,0.6737764776763064,0.9888550545408422,0.6959225012683917,0.5508920915778792,0.6958416412988331,0.6735615487062405,0.5508240740740741
1991,0.0,5976.0,5982.0,0.6737764776763064,0.9888550545408422,0.6959225012683917,0.5508852422628108,0.6958416412988331,0.6735614535768646,0.5508172247590056
1992,0.0,5979.0,5985.0,0.6737764776763064,0.9888550545408422,0.6959225012683917,0.5508784563673262,0.6958416412988331,0.6735613584474885,0.5508104388635211
1993,0.0,5982.0,5988.0,0.6737764776763064,0.9888550545408422,0.6959225012683917,0.5508717021816337,0.6958416412988331,0.6735612633181126,0.5508036846778285
1994,0.0,5985.0,5991.0,0.6737764776763064,0.9888550545408422,0.6959225012683917,0.5508650431253171,0.6958416412988331,0.6735611681887367,0.5507970256215119
1995,0.0,5988.0,5994.0,0.6737764776763064,0.9888550545408422,0.6959225012683917,0.5508583840690006,0.6958416412988331,0.6735610730593607,0.5507903665651953
1996,0.0,5991.0,5997.0,0.6737764776763064,0.9888550545408422,0.6959225012683917,0.5508517250126839,0.6958416412988331,0.6735609779299848,0.5507837075088787
1997,0.0,5994.0,6000.0,0.6737764776763064,0.9888550545408422,0.6959225012683917,0.5508450659563673,0.6958416412988331,0.6735608828006088,0.5507770484525621
1998,0.0,5997.0,6003.0,0.6737764776763064,0.9888550545408422,0.6959225012683917,0.5508384703196347,0.6958416412988331,0.6735607876712328,0.5507704528158295
1999,0.0,6000.0,6006.0,0.6737764776763064,0.9888550545408422,0.6959225012683917,0.5508318112633181,0.6958416412988331,0.6735606925418569,0.5507637937595129
2000,0.0,6003.0,6009.0,0.6737764776763064,0.9888550545408422,0.6959225012683917,0.5508251522070016,0.6958416412988331,0.673560597412481,0.5507571347031963
2001,0.0,6006.0,6012.0,0.6737764776763064,0.9888550545408422,0.6959225012683917,0.550818493150685,0.6958416412988331,0.673560502283105,0.5507504756468797
2002,0.0,6009.0,6015.0,0.6737764776763064,0.9888550545408422,0.6959225012683917,0.5508118340943683,0.6958416412988331,0.6735604071537291,0.5507438165905632
2003,0.0,6012.0,6018.0,0.6737764776763064,0.9888550545408422,0.6959225012683917,0.5508051750380517,0.6958416412988331,0.6735603120243531,0.5507371575342466
2004,0.0,6015.0,6021.0,0.6737764776763064,0.9888550545408422,0.6959225012683917,0.5507985159817351,0.6958416412988331,0.6735602168949771,0.55073049847793
2005,0.0,6018.0,6024.0,0.6737764776763064,0.9888550545408422,0.6959225012683917,0.5507918569254185,0.6958416412988331,0.6735601217656012,0.5507238394216134
2006,0.0,6021.0,6027.0,0.6737764776763064,0.9888550545408422,0.6959225012683917,0.550785197869102,0.6958416412988331,0.6735600266362253,0.5507171803652968
2007,0.0,6024.0,6030.0,0.6737764776763064,0.9888550545408422,0.6959225012683917,0.5507784436834094,0.6958416412988331,0.6735599315068493,0.5507104261796043
2008,0.0,6027.0,6033.0,0.6737764776763064,0.9888550545408422,0.6959225012683917,0.5507716894977169,0.6958416412988331,0.6735598363774734,0.5507036719939117
2009,0.0,6030.0,6036.0,0.6737764776763064,0.9888550545408422,0.6959225012683917,0.5507649353120243,0.6958416412988331,0.6735597412480974,0.5506969178082192
2010,0.0,6033.0,6039.0,0.6737764776763064,0.9888550545408422,0.6959225012683917,0.5507580859969559,0.6958416412988331,0.6735596461187214,0.5506900684931507
2011,0.0,6036.0,6042.0,0.6737764776763064,0.9888550545408422,0.6959225012683917,0.5507512366818874,0.6958416412988331,0.6735595509893455,0.5506832191780822
2012,0.0,6039.0,6045.0,0.6737764776763064,0.9888550545408422,0.6959225012683917,0.5507442922374429,0.6958416412988331,0.6735594558599696,0.5506762747336378
2013,0.0,6042.0,6048.0,0.6737764776763064,0.9888550545408422,0.6959225012683917,0.5507374112125825,0.6958416412988331,0.6735593607305936,0.5506693937087773
2014,0.0,6045.0,6051.0,0.6737764776763064,0.9888550545408422,0.6959225012683917,0.55073065702689,0.6958416412988331,0.6735592656012177,0.5506626395230847
2015,0.0,6048.0,6054.0,0.6737764776763064,0.9888550545408422,0.6959225012683917,0.5507239028411973,0.6958416412988331,0.6735591704718417,0.5506558853373922
2016,0.0,6051.0,6057.0,0.6737764776763064,0.9888550545408422,0.6959225012683917,0.5507170535261289,0.6958416412988331,0.6735590753424657,0.5506490360223237
2017,0.0,6054.0,6060.0,0.6737764776763064,0.9888550545408422,0.6959225012683917,0.5507102042110604,0.6958416412988331,0.6735589802130898,0.5506421867072552
2018,0.0,6057.0,6063.0,0.6737764776763064,0.9888550545408422,0.6959225012683917,0.5507033231861999,0.6958416412988331,0.6735588850837139,0.5506353056823947
2019,0.0,6060.0,6066.0,0.6737764776763064,0.9888550545408422,0.6959225012683917,0.5506963787417555,0.6958416412988331,0.6735587899543379,0.5506283612379502
2020,0.0,6063.0,6069.0,0.6737764776763064,0.9888550545408422,0.6959225012683917,0.550689434297311,0.6958416412988331,0.673558694824962,0.5506214167935058
2021,0.0,6066.0,6072.0,0.6737764776763064,0.9888550545408422,0.6959225012683917,0.5506824898528666,0.6958416412988331,0.673558599695586,0.5506144723490614
2022,0.0,6069.0,6075.0,0.6737764776763064,0.9888550545408422,0.6959225012683917,0.5506755454084221,0.6958416412988331,0.67355850456621,0.550607527904617
2023,0.0,6072.0,6078.0,0.6737764776763064,0.9888550545408422,0.6959225012683917,0.5506685058346017,0.6958416412988331,0.6735584094368341,0.5506004883307966
2024,0.0,6075.0,6081.0,0.6737764776763064,0.9888550545408422,0.6959225012683917,0.5506614662607813,0.6958416412988331,0.6735583143074582,0.5505934487569761
2025,0.0,6078.0,6084.0,0.6737764776763064,0.9888550545408422,0.6959225012683917,0.550654426686961,0.6958416412988331,0.6735582191780822,0.5505864091831557
2026,0.0,6081.0,6087.0,0.6737764776763064,0.9888550545408422,0.6959225012683917,0.5506474822425165,0.6958416412988331,0.6735581240487062,0.5505794647387113
2027,0.0,6084.0,6090.0,0.6737764776763064,0.9888550545408422,0.6959225012683917,0.5506405377980721,0.6958416412988331,0.6735580289193303,0.5505725202942668
2028,0.0,6087.0,6093.0,0.6737764776763064,0.9888550545408422,0.6959225012683917,0.5506336884830035,0.6958416412988331,0.6735579337899543,0.5505656709791984
2029,0.0,6090.0,6096.0,0.6737764776763064,0.9888550545408422,0.6959225012683917,0.550626870877727,0.6958416412988331,0.6735578386605784,0.5505588533739219
2030,0.0,6093.0,6099.0,0.6737764776763064,0.9888550545408422,0.6959225012683917,0.5506200849822425,0.6958416412988331,0.6735577435312025,0.5505520674784373
2031,0.0,6096.0,6102.0,0.6737764776763064,0.9888550545408422,0.6959225012683917,0.5506131722475901,0.6958416412988331,0.6735576484018265,0.5505451547437848
2032,0.0,6099.0,6105.0,0.6737764776763064,0.9888550545408422,0.6959225012683917,0.5506062278031456,0.6958416412988331,0.6735575532724505,0.5505382102993405
